customerID,gender,SeniorCitizen,Partner,Dependents,tenure,PhoneService,MultipleLines,InternetService,OnlineSecurity,OnlineBackup,DeviceProtection,TechSupport,StreamingTV,StreamingMovies,Contract,PaperlessBilling,PaymentMethod,MonthlyCharges,TotalCharges,Churn,ChurnProbability,ChurnPrediction
CUST-14874,Male,0,Yes,No,31,No,No phone service,DSL,No,No,Yes,No,No,Yes,Two year,No,Credit card (automatic),51.5,1620.88,No,0.1459,No
CUST-11025,Male,0,No,Yes,33,Yes,No,Fiber optic,Yes,No,Yes,No,No,No,Month-to-month,No,Credit card (automatic),86.1,2835.25,No,0.6686,Yes
CUST-13545,Female,0,No,No,53,Yes,Yes,DSL,No,Yes,No,No,Yes,No,Two year,Yes,Mailed check,48.82,2478.16,No,0.1256,No
CUST-13821,Male,0,Yes,No,58,Yes,No,No,No internet service,No internet service,No internet service,No internet service,No internet service,No internet service,Month-to-month,No,Electronic check,33.68,1891.83,Yes,0.2547,No
CUST-14394,Female,0,Yes,Yes,61,Yes,No,DSL,No,Yes,No,No,Yes,Yes,Month-to-month,No,Mailed check,53.38,3398.69,No,0.1686,No
CUST-13422,Female,0,No,Yes,6,Yes,Yes,No,No internet service,No internet service,No internet service,No internet service,No internet service,No internet service,Two year,Yes,Bank transfer (automatic),41.47,237.71,No,0.3449,No
CUST-12417,Male,0,Yes,Yes,65,Yes,Yes,DSL,No,No,Yes,No,Yes,Yes,One year,No,Bank transfer (automatic),68.29,4272.62,No,0.0384,No
CUST-11095,Male,1,No,No,39,Yes,No,Fiber optic,No,Yes,No,No,Yes,Yes,One year,Yes,Bank transfer (automatic),93.08,3420.06,Yes,0.6253,Yes
CUST-14459,Female,1,Yes,Yes,53,Yes,Yes,Fiber optic,No,Yes,No,No,No,No,Month-to-month,Yes,Bank transfer (automatic),98.89,4907.56,Yes,0.6371,Yes
CUST-10705,Female,0,Yes,No,16,Yes,No,Fiber optic,Yes,Yes,No,Yes,Yes,No,Month-to-month,Yes,Credit card (automatic),95.42,1452.86,Yes,0.7253,Yes
CUST-12374,Female,0,Yes,No,6,Yes,Yes,No,No internet service,No internet service,No internet service,No internet service,No internet service,No internet service,One year,Yes,Bank transfer (automatic),40.6,231.85,No,0.3782,No
CUST-10530,Female,0,No,Yes,34,Yes,No,Fiber optic,Yes,No,Yes,Yes,No,Yes,Month-to-month,Yes,Mailed check,93.55,3240.07,No,0.6706,Yes
CUST-10800,Male,1,No,No,59,Yes,No,Fiber optic,No,Yes,Yes,Yes,No,No,Month-to-month,Yes,Electronic check,111.43,6605.41,Yes,0.7357,Yes
CUST-14524,Female,0,No,Yes,61,Yes,No,Fiber optic,No,Yes,No,No,No,No,Two year,No,Electronic check,85.56,5238.25,No,0.1564,No
CUST-11456,Female,1,No,Yes,70,Yes,No,No,No internet service,No internet service,No internet service,No internet service,No internet service,No internet service,Month-to-month,Yes,Mailed check,25.22,1752.79,No,0.3262,No
CUST-11391,Female,0,No,No,29,Yes,Yes,Fiber optic,Yes,Yes,No,No,No,No,Two year,Yes,Mailed check,82.83,2225.17,Yes,0.4323,No
CUST-13649,Female,0,No,Yes,70,Yes,No,Fiber optic,Yes,Yes,No,No,Yes,Yes,One year,Yes,Credit card (automatic),111.12,7978.61,No,0.0679,No
CUST-13199,Male,0,No,Yes,19,Yes,No,Fiber optic,No,No,Yes,No,Yes,No,Month-to-month,Yes,Electronic check,87.38,1578.09,Yes,0.9509,Yes
CUST-12671,Female,0,Yes,No,52,Yes,Yes,No,No internet service,No internet service,No internet service,No internet service,No internet service,No internet service,Month-to-month,Yes,Bank transfer (automatic),29.99,1585.31,No,0.2875,No
CUST-12812,Male,0,No,No,52,Yes,No,Fiber optic,Yes,No,Yes,No,No,Yes,One year,Yes,Mailed check,116.36,5735.96,No,0.2492,No
CUST-10065,Male,0,No,Yes,13,Yes,No,Fiber optic,Yes,No,No,No,No,No,Two year,No,Electronic check,83.7,1131.59,No,0.5363,Yes
CUST-10157,Female,0,No,No,45,Yes,No,DSL,No,Yes,Yes,No,No,No,Month-to-month,No,Credit card (automatic),74.4,3185.53,Yes,0.4083,No
CUST-13240,Male,0,No,No,61,No,No phone service,DSL,No,Yes,Yes,No,No,Yes,One year,Yes,Bank transfer (automatic),66.44,3938.1,No,0.1001,No
CUST-14101,Female,0,Yes,Yes,54,Yes,No,DSL,No,Yes,No,No,Yes,Yes,Month-to-month,Yes,Bank transfer (automatic),83.2,4689.57,No,0.2417,No
CUST-10626,Male,0,Yes,No,46,Yes,No,Fiber optic,No,No,No,Yes,Yes,No,Two year,Yes,Mailed check,87.36,3868.08,Yes,0.21,No
CUST-11965,Female,0,Yes,No,32,Yes,No,Fiber optic,Yes,No,Yes,No,No,Yes,Month-to-month,No,Mailed check,99.49,3279.35,Yes,0.6902,Yes
CUST-11438,Male,0,Yes,No,37,Yes,No,DSL,No,Yes,No,No,Yes,No,Month-to-month,Yes,Mailed check,63.26,2407.66,No,0.568,Yes
CUST-12240,Male,0,No,No,13,Yes,No,Fiber optic,No,No,No,No,Yes,No,Month-to-month,No,Credit card (automatic),83.51,1134.25,Yes,0.8906,Yes
CUST-13013,Female,0,Yes,No,67,Yes,No,No,No internet service,No internet service,No internet service,No internet service,No internet service,No internet service,Month-to-month,No,Mailed check,46.39,3242.39,No,0.1202,No
CUST-13906,Female,1,No,No,61,Yes,Yes,Fiber optic,No,Yes,Yes,No,Yes,No,Month-to-month,No,Electronic check,98.16,6218.08,No,0.758,Yes
CUST-13518,Female,0,Yes,No,40,Yes,No,Fiber optic,No,No,No,No,No,No,Two year,No,Mailed check,73.37,2757.99,No,0.2619,No
CUST-10642,Female,1,Yes,Yes,65,Yes,No,Fiber optic,No,Yes,No,No,Yes,Yes,Two year,Yes,Credit card (automatic),96.85,6210.48,No,0.1623,No
CUST-11926,Male,0,Yes,Yes,5,Yes,Yes,Fiber optic,Yes,No,Yes,Yes,No,No,Month-to-month,No,Bank transfer (automatic),102.95,536.03,Yes,0.7825,Yes
CUST-12187,Male,0,No,No,17,Yes,Yes,No,No internet service,No internet service,No internet service,No internet service,No internet service,No internet service,Month-to-month,No,Mailed check,41.85,688.25,Yes,0.5998,Yes
CUST-10683,Female,0,Yes,Yes,29,Yes,Yes,No,No internet service,No internet service,No internet service,No internet service,No internet service,No internet service,Month-to-month,No,Credit card (automatic),43.3,1264.68,No,0.327,No
CUST-10676,Female,1,No,No,32,No,No phone service,Fiber optic,No,No,Yes,No,No,Yes,Two year,Yes,Bank transfer (automatic),93.59,2934.05,Yes,0.6648,Yes
CUST-11894,Male,0,No,No,70,No,No phone service,No,No internet service,No internet service,No internet service,No internet service,No internet service,No internet service,One year,Yes,Electronic check,47.96,3247.08,No,0.0765,No
CUST-11876,Male,0,No,Yes,2,Yes,Yes,Fiber optic,No,Yes,No,No,Yes,Yes,One year,Yes,Mailed check,93.83,183.36,Yes,0.8488,Yes
CUST-11057,Female,1,No,No,40,Yes,Yes,Fiber optic,No,No,No,Yes,No,No,Month-to-month,No,Credit card (automatic),94.96,3767.09,No,0.6714,Yes
CUST-14849,Female,0,Yes,Yes,2,Yes,Yes,Fiber optic,Yes,Yes,No,No,No,No,One year,No,Credit card (automatic),94.48,197.75,No,0.5376,Yes
CUST-13950,Male,0,No,No,21,Yes,No,Fiber optic,No,Yes,Yes,No,Yes,No,Month-to-month,No,Electronic check,103.63,2040.96,Yes,0.9265,Yes
CUST-12835,Female,0,No,Yes,49,Yes,Yes,No,No internet service,No internet service,No internet service,No internet service,No internet service,No internet service,Two year,No,Credit card (automatic),46.48,2137.75,No,0.0423,No
CUST-13139,Male,0,Yes,No,37,Yes,Yes,No,No internet service,No internet service,No internet service,No internet service,No internet service,No internet service,Two year,No,Bank transfer (automatic),26.67,978.14,No,0.082,No
CUST-10296,Female,0,Yes,No,0,Yes,Yes,No,No internet service,No internet service,No internet service,No internet service,No internet service,No internet service,Month-to-month,No,Credit card (automatic),30.18,0.0,No,0.6708,Yes
CUST-13362,Male,0,Yes,No,59,Yes,Yes,Fiber optic,No,No,No,No,No,No,Month-to-month,No,Bank transfer (automatic),70.12,4066.95,No,0.4146,No
CUST-13604,Female,0,No,No,32,Yes,No,No,No internet service,No internet service,No internet service,No internet service,No internet service,No internet service,Month-to-month,No,Credit card (automatic),37.17,1242.8,No,0.4232,No
CUST-14699,Male,0,No,No,52,Yes,No,Fiber optic,No,No,Yes,Yes,Yes,Yes,Month-to-month,Yes,Bank transfer (automatic),104.29,5408.28,No,0.5817,Yes
CUST-14205,Female,0,Yes,No,72,No,No phone service,DSL,No,No,No,Yes,No,No,Month-to-month,No,Mailed check,48.55,3297.6,No,0.0685,No
CUST-12380,Male,0,Yes,Yes,71,Yes,Yes,Fiber optic,No,No,No,Yes,No,No,Two year,No,Mailed check,81.16,5497.59,No,0.0334,No
CUST-11255,Male,0,Yes,No,18,Yes,No,Fiber optic,No,Yes,No,No,Yes,No,Month-to-month,Yes,Credit card (automatic),103.61,1918.89,No,0.8906,Yes
CUST-10168,Male,0,No,No,31,Yes,Yes,Fiber optic,Yes,No,No,No,No,Yes,One year,Yes,Electronic check,88.23,2742.06,No,0.5851,Yes
CUST-14133,Female,0,Yes,Yes,72,Yes,No,Fiber optic,Yes,Yes,No,No,Yes,Yes,Month-to-month,No,Bank transfer (automatic),100.66,7037.3,Yes,0.13,No
CUST-10029,Male,0,Yes,Yes,44,Yes,Yes,No,No internet service,No internet service,No internet service,No internet service,No internet service,No internet service,Two year,Yes,Bank transfer (automatic),24.7,1115.52,No,0.0875,No
CUST-11747,Male,0,Yes,No,31,Yes,No,Fiber optic,No,No,Yes,No,Yes,Yes,Month-to-month,Yes,Mailed check,85.92,2727.34,Yes,0.8863,Yes
CUST-14983,Male,0,No,No,3,Yes,Yes,DSL,No,Yes,Yes,Yes,Yes,No,Two year,No,Bank transfer (automatic),83.67,261.36,No,0.3635,No
CUST-14979,Female,1,Yes,No,31,Yes,No,Fiber optic,No,Yes,Yes,No,No,No,Month-to-month,Yes,Credit card (automatic),109.26,3462.93,No,0.9062,Yes
CUST-12111,Female,0,No,No,61,Yes,Yes,DSL,No,Yes,No,No,No,No,One year,Yes,Mailed check,65.51,3689.61,No,0.0951,No
CUST-14815,Male,0,Yes,No,15,Yes,Yes,Fiber optic,No,Yes,Yes,Yes,No,No,Month-to-month,Yes,Credit card (automatic),106.34,1663.1,No,0.8697,Yes
CUST-12810,Female,0,Yes,No,28,Yes,Yes,DSL,No,Yes,Yes,No,Yes,No,Month-to-month,No,Electronic check,82.37,2123.41,Yes,0.6704,Yes
CUST-12101,Female,1,Yes,No,49,Yes,Yes,DSL,No,No,No,No,No,Yes,Month-to-month,Yes,Credit card (automatic),66.34,3386.31,No,0.4791,No
CUST-11010,Male,1,Yes,No,46,Yes,No,Fiber optic,No,No,No,No,No,No,One year,No,Mailed check,79.25,3586.43,No,0.3827,No
CUST-14630,Male,0,No,No,58,Yes,No,DSL,No,Yes,No,No,Yes,No,One year,Yes,Mailed check,52.54,2868.13,No,0.1275,No
CUST-10544,Female,0,No,No,38,Yes,Yes,DSL,Yes,Yes,No,No,Yes,No,One year,Yes,Electronic check,55.53,2118.2,No,0.2489,No
CUST-11741,Female,0,No,Yes,48,Yes,No,No,No internet service,No internet service,No internet service,No internet service,No internet service,No internet service,One year,Yes,Mailed check,38.83,1847.42,No,0.1218,No
CUST-13731,Female,0,No,No,63,Yes,No,No,No internet service,No internet service,No internet service,No internet service,No internet service,No internet service,Month-to-month,Yes,Bank transfer (automatic),35.4,2312.29,Yes,0.2534,No
CUST-14816,Female,1,No,No,65,Yes,Yes,DSL,No,Yes,Yes,Yes,Yes,No,Two year,Yes,Electronic check,80.76,5466.35,No,0.1208,No
CUST-11717,Male,0,No,No,8,Yes,Yes,DSL,Yes,No,No,No,Yes,Yes,Month-to-month,No,Mailed check,86.41,684.44,No,0.7018,Yes
CUST-10994,Female,0,No,No,61,Yes,Yes,DSL,No,Yes,Yes,No,No,No,One year,No,Mailed check,61.04,3429.14,No,0.0799,No
CUST-14788,Male,0,No,No,69,Yes,Yes,DSL,No,No,No,No,Yes,No,Month-to-month,Yes,Mailed check,60.44,4232.52,No,0.2861,No
CUST-12775,Male,0,Yes,No,11,Yes,No,Fiber optic,No,No,Yes,Yes,No,Yes,Month-to-month,No,Bank transfer (automatic),89.57,924.58,Yes,0.8383,Yes
CUST-14059,Female,0,No,Yes,49,No,No phone service,DSL,No,No,No,No,Yes,No,Month-to-month,Yes,Mailed check,62.21,2850.43,Yes,0.3715,No
CUST-10023,Female,0,Yes,Yes,15,Yes,Yes,Fiber optic,No,No,No,No,Yes,No,Month-to-month,Yes,Electronic check,93.91,1402.39,Yes,0.9272,Yes
CUST-10949,Male,0,No,Yes,67,Yes,No,Fiber optic,No,No,Yes,No,Yes,No,One year,Yes,Credit card (automatic),83.25,5360.76,No,0.2015,No
CUST-10240,Male,0,No,No,10,Yes,Yes,Fiber optic,Yes,No,No,Yes,Yes,Yes,Two year,Yes,Electronic check,104.36,988.96,Yes,0.6521,Yes
CUST-11554,Male,0,No,No,18,Yes,No,No,No internet service,No internet service,No internet service,No internet service,No internet service,No internet service,Two year,No,Credit card (automatic),47.66,795.24,No,0.1721,No
CUST-11434,Male,0,No,No,19,Yes,Yes,No,No internet service,No internet service,No internet service,No internet service,No internet service,No internet service,Month-to-month,Yes,Credit card (automatic),42.8,796.08,No,0.6668,Yes
CUST-11670,Female,1,Yes,No,46,Yes,No,Fiber optic,No,No,No,No,Yes,Yes,Month-to-month,Yes,Bank transfer (automatic),90.93,3870.11,Yes,0.7981,Yes
CUST-10485,Male,0,Yes,No,12,No,No phone service,No,No internet service,No internet service,No internet service,No internet service,No internet service,No internet service,Two year,Yes,Bank transfer (automatic),43.51,524.86,No,0.2655,No
CUST-12753,Female,0,Yes,Yes,3,Yes,Yes,Fiber optic,Yes,No,No,No,No,No,One year,Yes,Credit card (automatic),76.68,228.95,No,0.6348,Yes
CUST-13651,Male,0,Yes,Yes,0,Yes,Yes,DSL,No,No,No,No,Yes,No,Two year,Yes,Mailed check,64.85,0.0,No,0.4944,No
CUST-14271,Female,0,No,No,59,Yes,No,DSL,No,Yes,Yes,Yes,No,No,One year,Yes,Credit card (automatic),59.25,3570.12,No,0.0694,No
CUST-10803,Female,1,Yes,No,36,Yes,No,DSL,No,Yes,No,Yes,No,No,Month-to-month,Yes,Electronic check,61.21,2097.92,Yes,0.6419,Yes
CUST-13780,Male,0,Yes,No,21,Yes,Yes,Fiber optic,Yes,No,No,No,No,Yes,Two year,No,Bank transfer (automatic),91.56,1936.75,No,0.2956,No
CUST-11739,Male,0,No,Yes,25,No,No phone service,Fiber optic,Yes,No,No,Yes,Yes,No,One year,Yes,Mailed check,120.21,2886.57,No,0.302,No
CUST-14015,Male,0,Yes,No,44,No,No phone service,DSL,No,No,Yes,No,Yes,Yes,Month-to-month,Yes,Electronic check,67.96,2996.17,No,0.6334,Yes
CUST-12195,Female,0,Yes,No,23,No,No phone service,Fiber optic,No,Yes,Yes,No,No,Yes,Two year,No,Electronic check,96.59,2079.69,No,0.5506,Yes
CUST-10084,Female,0,No,No,60,No,No phone service,No,No internet service,No internet service,No internet service,No internet service,No internet service,No internet service,Month-to-month,No,Mailed check,39.9,2356.25,No,0.1803,No
CUST-12123,Female,1,No,No,53,Yes,Yes,Fiber optic,No,No,Yes,No,Yes,Yes,Month-to-month,No,Credit card (automatic),116.98,5808.95,Yes,0.6881,Yes
CUST-13016,Female,0,Yes,No,40,Yes,Yes,No,No internet service,No internet service,No internet service,No internet service,No internet service,No internet service,Month-to-month,Yes,Credit card (automatic),25.73,998.89,No,0.4227,No
CUST-12533,Male,0,Yes,Yes,15,Yes,No,Fiber optic,No,No,Yes,No,No,No,Month-to-month,No,Electronic check,71.85,1104.03,No,0.91,Yes
CUST-11871,Male,0,Yes,No,44,No,No phone service,Fiber optic,Yes,Yes,Yes,No,No,No,One year,Yes,Credit card (automatic),99.92,4603.08,No,0.2626,No
CUST-10106,Female,0,No,No,59,Yes,No,DSL,Yes,Yes,No,No,Yes,Yes,Month-to-month,Yes,Mailed check,74.66,4360.47,No,0.2399,No
CUST-13150,Female,1,No,No,22,Yes,Yes,Fiber optic,No,Yes,No,No,No,Yes,One year,Yes,Credit card (automatic),98.39,2119.18,No,0.7575,Yes
CUST-12989,Male,0,No,No,30,Yes,No,Fiber optic,No,Yes,No,No,Yes,Yes,Month-to-month,Yes,Bank transfer (automatic),97.51,3015.77,Yes,0.87,Yes
CUST-11578,Male,0,Yes,No,62,Yes,Yes,DSL,Yes,No,No,Yes,Yes,No,One year,Yes,Credit card (automatic),87.99,5556.03,No,0.0189,No
CUST-10199,Female,1,No,No,34,Yes,No,No,No internet service,No internet service,No internet service,No internet service,No internet service,No internet service,Month-to-month,Yes,Mailed check,22.87,762.83,No,0.7199,Yes
CUST-14411,Female,0,No,No,44,Yes,Yes,Fiber optic,No,Yes,No,Yes,No,Yes,One year,Yes,Bank transfer (automatic),110.79,4960.58,No,0.2538,No
CUST-13065,Female,0,Yes,No,52,Yes,Yes,Fiber optic,Yes,Yes,No,No,No,Yes,Two year,Yes,Electronic check,95.72,4687.04,No,0.2029,No
CUST-14955,Male,0,No,No,23,Yes,Yes,Fiber optic,No,Yes,Yes,No,No,Yes,Month-to-month,No,Electronic check,98.57,2370.46,Yes,0.9233,Yes
CUST-14240,Male,0,No,No,68,Yes,Yes,DSL,No,No,No,No,No,Yes,Month-to-month,Yes,Bank transfer (automatic),60.51,4151.28,No,0.2527,No
CUST-14656,Male,1,No,No,17,Yes,Yes,DSL,No,Yes,No,No,No,No,Month-to-month,No,Bank transfer (automatic),66.91,1156.97,Yes,0.7633,Yes
CUST-13130,Male,0,Yes,No,41,Yes,No,No,No internet service,No internet service,No internet service,No internet service,No internet service,No internet service,Month-to-month,Yes,Electronic check,28.06,1080.41,Yes,0.5657,Yes
CUST-12181,Male,0,Yes,No,23,Yes,Yes,DSL,No,Yes,No,No,Yes,Yes,Month-to-month,Yes,Mailed check,71.84,1655.97,No,0.6927,Yes
CUST-13414,Female,0,No,No,23,Yes,No,No,No internet service,No internet service,No internet service,No internet service,No internet service,No internet service,Month-to-month,No,Bank transfer (automatic),34.03,755.35,No,0.4927,No
CUST-10881,Female,1,No,No,38,Yes,Yes,No,No internet service,No internet service,No internet service,No internet service,No internet service,No internet service,Month-to-month,No,Electronic check,36.01,1419.58,No,0.6578,Yes
CUST-14222,Female,0,No,No,36,Yes,No,No,No internet service,No internet service,No internet service,No internet service,No internet service,No internet service,One year,Yes,Mailed check,36.19,1211.55,No,0.2149,No
CUST-14569,Male,0,No,Yes,5,Yes,Yes,Fiber optic,No,No,No,Yes,No,No,Month-to-month,No,Mailed check,71.88,352.77,No,0.8644,Yes
CUST-13893,Male,0,Yes,No,19,Yes,Yes,Fiber optic,No,No,Yes,No,No,Yes,Month-to-month,No,Bank transfer (automatic),94.6,1714.74,Yes,0.8501,Yes
CUST-10553,Male,0,No,No,42,Yes,No,Fiber optic,Yes,No,Yes,No,Yes,Yes,Month-to-month,No,Bank transfer (automatic),103.86,4494.63,No,0.6313,Yes
CUST-10733,Female,0,No,No,21,Yes,No,No,No internet service,No internet service,No internet service,No internet service,No internet service,No internet service,Two year,Yes,Bank transfer (automatic),50.19,1056.43,No,0.2372,No
CUST-10179,Female,0,No,No,10,Yes,Yes,DSL,Yes,Yes,No,Yes,No,No,Month-to-month,No,Credit card (automatic),74.96,746.98,No,0.4667,No
CUST-10416,Female,0,No,No,21,Yes,Yes,No,No internet service,No internet service,No internet service,No internet service,No internet service,No internet service,Month-to-month,No,Mailed check,39.55,821.92,Yes,0.5537,Yes
CUST-10079,Female,1,Yes,No,55,Yes,Yes,Fiber optic,No,Yes,Yes,Yes,No,No,Two year,No,Credit card (automatic),93.88,4873.48,No,0.1369,No
CUST-10472,Male,0,No,No,11,Yes,No,No,No internet service,No internet service,No internet service,No internet service,No internet service,No internet service,Two year,Yes,Bank transfer (automatic),18.0,203.86,No,0.3654,No
CUST-10670,Female,1,No,No,71,Yes,No,Fiber optic,No,No,No,Yes,No,Yes,Two year,Yes,Electronic check,94.03,6881.71,No,0.1851,No
CUST-14908,Female,0,No,No,32,Yes,Yes,Fiber optic,Yes,No,Yes,No,Yes,Yes,Month-to-month,Yes,Credit card (automatic),112.46,3686.14,No,0.8158,Yes
CUST-11501,Male,0,Yes,No,19,Yes,Yes,No,No internet service,No internet service,No internet service,No internet service,No internet service,No internet service,One year,Yes,Bank transfer (automatic),40.33,781.36,No,0.2515,No
CUST-12802,Female,0,No,No,54,Yes,No,Fiber optic,Yes,No,Yes,No,No,Yes,Month-to-month,No,Mailed check,94.91,5127.01,No,0.4752,No
CUST-12092,Female,0,No,No,58,Yes,No,Fiber optic,No,Yes,No,No,No,Yes,One year,Yes,Bank transfer (automatic),85.67,4632.66,No,0.2398,No
CUST-10248,Female,0,Yes,No,7,Yes,No,DSL,No,No,No,Yes,Yes,Yes,Month-to-month,Yes,Electronic check,73.34,515.76,Yes,0.8059,Yes
CUST-10538,Female,0,Yes,Yes,51,Yes,No,No,No internet service,No internet service,No internet service,No internet service,No internet service,No internet service,Month-to-month,No,Mailed check,26.58,1280.33,Yes,0.1881,No
CUST-11345,Female,0,No,Yes,67,Yes,Yes,No,No internet service,No internet service,No internet service,No internet service,No internet service,No internet service,Month-to-month,No,Electronic check,47.5,2933.8,No,0.182,No
CUST-14698,Male,0,No,No,41,Yes,No,Fiber optic,No,Yes,Yes,No,No,Yes,Month-to-month,No,Bank transfer (automatic),94.52,4019.03,Yes,0.7488,Yes
CUST-11270,Male,1,Yes,No,47,Yes,Yes,Fiber optic,No,Yes,No,No,No,Yes,Month-to-month,No,Mailed check,88.67,4185.56,Yes,0.7297,Yes
CUST-10228,Female,0,No,No,21,Yes,Yes,No,No internet service,No internet service,No internet service,No internet service,No internet service,No internet service,Month-to-month,Yes,Credit card (automatic),42.04,902.74,No,0.6422,Yes
CUST-10297,Male,0,No,Yes,31,No,No phone service,DSL,No,Yes,Yes,Yes,No,Yes,Month-to-month,No,Credit card (automatic),94.65,2934.8,No,0.3291,No
CUST-12820,Female,0,No,No,6,Yes,No,Fiber optic,No,Yes,No,No,No,No,One year,Yes,Mailed check,92.2,515.37,Yes,0.8283,Yes
CUST-13722,Female,0,Yes,No,53,Yes,No,Fiber optic,Yes,No,Yes,No,Yes,Yes,Month-to-month,Yes,Mailed check,96.52,5270.16,Yes,0.5644,Yes
CUST-11183,Male,0,No,No,46,Yes,No,DSL,Yes,Yes,No,No,No,No,Month-to-month,No,Bank transfer (automatic),70.69,3171.43,No,0.2397,No
CUST-12059,Male,0,No,No,2,Yes,Yes,No,No internet service,No internet service,No internet service,No internet service,No internet service,No internet service,Month-to-month,No,Mailed check,28.73,59.75,No,0.7601,Yes
CUST-10465,Female,0,No,No,56,Yes,No,DSL,Yes,Yes,Yes,No,Yes,Yes,Month-to-month,Yes,Bank transfer (automatic),74.14,4177.29,No,0.295,No
CUST-12991,Female,0,Yes,Yes,64,Yes,No,Fiber optic,Yes,Yes,No,No,No,Yes,Two year,No,Bank transfer (automatic),79.09,4808.88,No,0.0417,No
CUST-10505,Male,0,No,No,69,Yes,No,No,No internet service,No internet service,No internet service,No internet service,No internet service,No internet service,One year,No,Mailed check,40.54,2732.01,No,0.0391,No
CUST-14080,Female,0,No,No,62,Yes,Yes,DSL,Yes,No,Yes,Yes,No,No,Two year,Yes,Bank transfer (automatic),79.93,4816.51,No,0.0263,No
CUST-13172,Male,0,Yes,No,27,Yes,No,Fiber optic,No,No,Yes,No,No,Yes,One year,Yes,Mailed check,92.4,2495.83,No,0.6495,Yes
CUST-12093,Male,0,No,No,9,Yes,Yes,No,No internet service,No internet service,No internet service,No internet service,No internet service,No internet service,Month-to-month,No,Mailed check,41.61,372.27,Yes,0.7087,Yes
CUST-11669,Female,0,Yes,No,18,Yes,No,No,No internet service,No internet service,No internet service,No internet service,No internet service,No internet service,Month-to-month,Yes,Electronic check,25.85,470.94,Yes,0.7325,Yes
CUST-11752,Female,0,No,No,35,Yes,Yes,Fiber optic,Yes,No,Yes,No,Yes,No,Month-to-month,No,Mailed check,95.08,3226.75,Yes,0.7296,Yes
CUST-14784,Female,1,No,No,70,Yes,No,DSL,No,No,No,No,No,Yes,One year,Yes,Bank transfer (automatic),48.27,3281.0,No,0.1144,No
CUST-12653,Male,0,Yes,Yes,42,Yes,Yes,Fiber optic,No,No,No,No,Yes,No,Month-to-month,Yes,Mailed check,83.04,3515.68,Yes,0.7345,Yes
CUST-10426,Female,0,Yes,No,58,Yes,No,DSL,Yes,Yes,No,No,Yes,No,One year,No,Credit card (automatic),68.26,3891.96,No,0.0267,No
CUST-11258,Female,1,Yes,Yes,5,Yes,No,Fiber optic,Yes,No,No,Yes,No,Yes,Month-to-month,No,Credit card (automatic),87.97,410.85,No,0.8012,Yes
CUST-11073,Female,0,Yes,No,39,Yes,No,No,No internet service,No internet service,No internet service,No internet service,No internet service,No internet service,Month-to-month,Yes,Mailed check,37.46,1464.24,Yes,0.4584,No
CUST-12906,Female,0,No,Yes,52,Yes,Yes,DSL,No,No,No,No,No,Yes,Month-to-month,Yes,Bank transfer (automatic),61.24,3019.99,No,0.3311,No
CUST-13891,Female,0,Yes,No,40,Yes,No,Fiber optic,No,No,No,No,Yes,No,One year,No,Bank transfer (automatic),83.06,3090.56,No,0.2747,No
CUST-14871,Female,1,Yes,No,71,Yes,No,Fiber optic,No,No,No,Yes,Yes,Yes,Month-to-month,Yes,Electronic check,101.84,7318.8,Yes,0.4888,No
CUST-10657,Female,0,Yes,No,36,Yes,Yes,No,No internet service,No internet service,No internet service,No internet service,No internet service,No internet service,One year,No,Mailed check,40.61,1439.77,No,0.1078,No
CUST-10393,Female,0,Yes,Yes,25,Yes,Yes,Fiber optic,No,No,No,No,No,Yes,One year,Yes,Bank transfer (automatic),80.88,1903.09,No,0.4942,No
CUST-13393,Male,1,Yes,No,10,Yes,Yes,DSL,No,No,Yes,No,No,Yes,Month-to-month,No,Bank transfer (automatic),59.62,601.27,Yes,0.84,Yes
CUST-10279,Male,0,No,No,63,Yes,No,No,No internet service,No internet service,No internet service,No internet service,No internet service,No internet service,Two year,Yes,Electronic check,41.97,2670.74,No,0.0965,No
CUST-13718,Female,0,No,No,16,Yes,No,No,No internet service,No internet service,No internet service,No internet service,No internet service,No internet service,Two year,Yes,Mailed check,37.99,589.57,No,0.3084,No
CUST-14579,Male,1,Yes,Yes,34,Yes,Yes,No,No internet service,No internet service,No internet service,No internet service,No internet service,No internet service,Month-to-month,Yes,Bank transfer (automatic),41.89,1408.7,No,0.564,Yes
CUST-11075,Male,0,No,No,45,Yes,Yes,Fiber optic,No,No,Yes,No,No,No,Two year,No,Electronic check,80.45,3351.24,No,0.4452,No
CUST-11135,Male,0,Yes,Yes,37,Yes,Yes,No,No internet service,No internet service,No internet service,No internet service,No internet service,No internet service,Month-to-month,Yes,Electronic check,41.53,1513.84,No,0.536,Yes
CUST-11588,Female,0,No,No,35,Yes,Yes,Fiber optic,No,Yes,Yes,No,No,Yes,Month-to-month,No,Bank transfer (automatic),88.53,2914.55,Yes,0.7895,Yes
CUST-10577,Female,0,Yes,No,60,Yes,Yes,DSL,No,Yes,No,Yes,Yes,No,Month-to-month,No,Bank transfer (automatic),63.27,3777.06,No,0.1009,No
CUST-12291,Male,0,Yes,No,28,Yes,Yes,DSL,No,No,Yes,Yes,No,Yes,Two year,Yes,Credit card (automatic),70.4,1964.15,No,0.164,No
CUST-11052,Female,0,No,Yes,42,Yes,No,Fiber optic,No,No,No,Yes,Yes,Yes,Month-to-month,Yes,Credit card (automatic),101.7,4127.5,No,0.5939,Yes
CUST-11090,Female,0,No,Yes,33,Yes,No,Fiber optic,Yes,No,No,No,No,No,Month-to-month,Yes,Mailed check,86.28,2769.85,No,0.7391,Yes
CUST-13411,Female,0,No,No,57,Yes,No,Fiber optic,No,Yes,No,No,Yes,Yes,Month-to-month,Yes,Credit card (automatic),83.37,4706.28,No,0.622,Yes
CUST-11427,Female,0,No,No,16,Yes,No,Fiber optic,No,Yes,Yes,No,No,Yes,Month-to-month,No,Credit card (automatic),93.88,1437.98,Yes,0.8919,Yes
CUST-11049,Male,1,No,Yes,61,Yes,Yes,No,No internet service,No internet service,No internet service,No internet service,No internet service,No internet service,One year,Yes,Mailed check,28.36,1675.28,No,0.1309,No
CUST-14456,Female,0,No,Yes,71,Yes,Yes,DSL,Yes,Yes,Yes,No,Yes,Yes,Two year,Yes,Electronic check,70.49,5118.21,No,0.0545,No
CUST-12518,Male,0,Yes,Yes,16,Yes,Yes,Fiber optic,No,No,No,No,No,No,Month-to-month,Yes,Credit card (automatic),72.12,1147.69,Yes,0.8698,Yes
CUST-13162,Male,0,No,No,32,Yes,Yes,No,No internet service,No internet service,No internet service,No internet service,No internet service,No internet service,One year,Yes,Mailed check,26.24,878.32,Yes,0.2624,No
CUST-10008,Male,0,No,No,45,Yes,Yes,Fiber optic,Yes,Yes,Yes,Yes,Yes,Yes,Month-to-month,Yes,Bank transfer (automatic),105.86,4870.25,No,0.5814,Yes
CUST-13857,Male,1,No,No,27,Yes,No,DSL,No,Yes,Yes,No,No,Yes,Month-to-month,Yes,Credit card (automatic),61.58,1638.13,Yes,0.8375,Yes
CUST-13515,Female,0,No,Yes,37,Yes,No,DSL,No,No,No,Yes,No,Yes,Two year,No,Bank transfer (automatic),57.88,2117.66,No,0.0577,No
CUST-14069,Male,1,No,Yes,68,Yes,Yes,No,No internet service,No internet service,No internet service,No internet service,No internet service,No internet service,One year,No,Credit card (automatic),39.7,2628.13,No,0.0495,No
CUST-10144,Female,0,No,No,36,Yes,Yes,No,No internet service,No internet service,No internet service,No internet service,No internet service,No internet service,Month-to-month,No,Electronic check,49.47,1842.0,No,0.5234,Yes
CUST-11954,Female,0,No,No,2,Yes,No,Fiber optic,Yes,No,Yes,Yes,Yes,No,Two year,No,Mailed check,119.15,248.35,Yes,0.6021,Yes
CUST-10561,Male,0,Yes,No,15,Yes,No,Fiber optic,No,No,No,No,No,No,Month-to-month,No,Electronic check,83.5,1202.59,Yes,0.8986,Yes
CUST-13103,Male,1,No,Yes,11,Yes,No,DSL,Yes,Yes,Yes,No,Yes,Yes,One year,No,Electronic check,76.05,799.05,No,0.5647,Yes
CUST-13786,Male,0,No,No,13,Yes,Yes,DSL,No,No,Yes,Yes,Yes,Yes,Month-to-month,Yes,Mailed check,70.8,916.31,Yes,0.772,Yes
CUST-14764,Male,0,No,No,20,Yes,Yes,DSL,Yes,Yes,Yes,No,Yes,No,Two year,No,Mailed check,85.65,1693.62,No,0.2155,No
CUST-10151,Male,0,Yes,No,38,Yes,No,No,No internet service,No internet service,No internet service,No internet service,No internet service,No internet service,One year,No,Electronic check,37.55,1327.11,No,0.1507,No
CUST-10422,Female,0,No,Yes,64,Yes,Yes,No,No internet service,No internet service,No internet service,No internet service,No internet service,No internet service,Month-to-month,No,Mailed check,33.64,2073.68,No,0.156,No
CUST-11018,Male,0,No,No,44,Yes,Yes,No,No internet service,No internet service,No internet service,No internet service,No internet service,No internet service,Month-to-month,Yes,Bank transfer (automatic),43.27,1826.78,No,0.4478,No
CUST-12706,Female,0,No,No,37,Yes,No,Fiber optic,Yes,No,No,No,No,Yes,Two year,No,Bank transfer (automatic),96.1,3560.26,No,0.2056,No
CUST-13375,Female,0,No,No,57,Yes,No,Fiber optic,No,No,Yes,No,Yes,Yes,Month-to-month,No,Mailed check,99.3,5835.02,No,0.5785,Yes
CUST-11212,Male,1,No,No,22,Yes,Yes,Fiber optic,No,No,No,Yes,Yes,Yes,One year,No,Electronic check,98.74,2143.63,No,0.6683,Yes
CUST-13044,Male,0,Yes,No,27,Yes,No,Fiber optic,No,No,No,Yes,No,No,Month-to-month,Yes,Electronic check,89.02,2222.44,No,0.8311,Yes
CUST-10798,Male,0,Yes,No,13,Yes,Yes,No,No internet service,No internet service,No internet service,No internet service,No internet service,No internet service,One year,No,Credit card (automatic),41.54,505.74,No,0.1925,No
CUST-13163,Male,0,No,No,15,Yes,Yes,Fiber optic,No,Yes,No,No,Yes,Yes,Month-to-month,No,Electronic check,96.35,1386.26,Yes,0.9289,Yes
CUST-12714,Female,0,No,Yes,70,Yes,Yes,No,No internet service,No internet service,No internet service,No internet service,No internet service,No internet service,Two year,Yes,Electronic check,31.37,2054.73,No,0.0652,No
CUST-10414,Male,0,No,Yes,10,Yes,No,Fiber optic,No,Yes,Yes,No,Yes,Yes,Month-to-month,Yes,Mailed check,93.71,914.57,No,0.9596,Yes
CUST-12302,Female,0,No,Yes,46,Yes,No,Fiber optic,No,Yes,Yes,No,No,No,Month-to-month,Yes,Electronic check,98.72,4194.35,Yes,0.8349,Yes
CUST-14761,Female,0,Yes,No,8,No,No phone service,No,No internet service,No internet service,No internet service,No internet service,No internet service,No internet service,Month-to-month,Yes,Credit card (automatic),36.55,287.74,Yes,0.6904,Yes
CUST-13997,Female,0,No,No,16,Yes,Yes,No,No internet service,No internet service,No internet service,No internet service,No internet service,No internet service,Month-to-month,Yes,Bank transfer (automatic),21.54,334.23,Yes,0.6879,Yes
CUST-10624,Female,0,No,No,43,Yes,Yes,DSL,No,Yes,Yes,No,No,Yes,One year,Yes,Credit card (automatic),63.92,2731.99,No,0.2362,No
CUST-11615,Male,0,No,Yes,19,Yes,No,No,No internet service,No internet service,No internet service,No internet service,No internet service,No internet service,Two year,Yes,Credit card (automatic),43.87,795.69,Yes,0.2169,No
CUST-10764,Male,0,No,Yes,66,Yes,No,DSL,Yes,No,No,No,No,No,Month-to-month,No,Bank transfer (automatic),56.41,3870.12,No,0.0935,No
CUST-12680,Male,0,No,No,0,Yes,No,DSL,Yes,No,No,Yes,Yes,Yes,Month-to-month,Yes,Bank transfer (automatic),87.08,0.0,Yes,0.7281,Yes
CUST-14263,Female,0,Yes,Yes,71,Yes,Yes,Fiber optic,No,Yes,No,Yes,No,No,Two year,No,Bank transfer (automatic),71.04,4811.22,No,0.0304,No
CUST-13532,Male,0,No,Yes,0,Yes,Yes,No,No internet service,No internet service,No internet service,No internet service,No internet service,No internet service,One year,Yes,Bank transfer (automatic),28.52,0.0,Yes,0.4599,No
CUST-10811,Female,1,Yes,No,0,No,No phone service,Fiber optic,No,No,No,Yes,Yes,No,Month-to-month,Yes,Electronic check,79.86,0.0,Yes,0.9691,Yes
CUST-10100,Female,0,No,No,28,Yes,No,DSL,No,No,No,No,No,Yes,One year,Yes,Bank transfer (automatic),70.37,1860.23,No,0.2881,No
CUST-12823,Female,0,No,Yes,25,No,No phone service,DSL,No,Yes,Yes,Yes,No,Yes,Two year,Yes,Credit card (automatic),86.17,2251.9,No,0.1642,No
CUST-10653,Female,0,No,No,16,Yes,Yes,DSL,No,No,No,No,Yes,Yes,Two year,Yes,Electronic check,67.41,993.01,No,0.499,No
CUST-10859,Female,0,Yes,Yes,55,Yes,Yes,No,No internet service,No internet service,No internet service,No internet service,No internet service,No internet service,One year,Yes,Bank transfer (automatic),29.14,1680.09,No,0.0597,No
CUST-11612,Female,0,No,No,7,Yes,Yes,No,No internet service,No internet service,No internet service,No internet service,No internet service,No internet service,One year,Yes,Mailed check,26.18,186.19,No,0.4819,No
CUST-10763,Female,0,No,No,23,No,No phone service,Fiber optic,Yes,Yes,Yes,No,No,No,Month-to-month,Yes,Electronic check,98.91,2378.09,Yes,0.9081,Yes
CUST-10333,Female,0,No,Yes,24,Yes,No,Fiber optic,No,Yes,No,No,Yes,Yes,Month-to-month,No,Bank transfer (automatic),110.16,2731.26,Yes,0.7867,Yes
CUST-11629,Male,1,No,Yes,3,Yes,Yes,DSL,No,Yes,No,No,Yes,No,One year,No,Credit card (automatic),53.56,154.76,Yes,0.5503,Yes
CUST-14936,Female,0,Yes,No,68,Yes,No,DSL,Yes,No,Yes,No,Yes,Yes,Two year,Yes,Mailed check,90.33,6413.62,No,0.0318,No
CUST-14701,Male,0,No,Yes,46,Yes,No,No,No internet service,No internet service,No internet service,No internet service,No internet service,No internet service,One year,Yes,Credit card (automatic),32.53,1502.79,No,0.1206,No
CUST-10227,Female,0,Yes,No,44,Yes,No,Fiber optic,Yes,No,Yes,No,No,No,Two year,No,Credit card (automatic),93.88,4250.26,No,0.1582,No
CUST-11945,Male,0,Yes,No,62,Yes,Yes,DSL,No,Yes,No,No,Yes,No,Two year,No,Bank transfer (automatic),68.63,4226.97,No,0.0325,No
CUST-11351,Male,0,Yes,No,2,Yes,Yes,No,No internet service,No internet service,No internet service,No internet service,No internet service,No internet service,Month-to-month,No,Mailed check,49.13,97.14,No,0.7064,Yes
CUST-14342,Male,0,No,Yes,69,No,No phone service,Fiber optic,Yes,No,Yes,No,No,Yes,One year,No,Mailed check,87.74,6013.04,No,0.0708,No
CUST-12696,Male,0,Yes,No,17,Yes,No,Fiber optic,Yes,Yes,Yes,No,Yes,Yes,Month-to-month,Yes,Credit card (automatic),113.33,1890.16,Yes,0.8706,Yes
CUST-10765,Female,0,No,No,39,No,No phone service,Fiber optic,No,Yes,No,Yes,No,No,One year,Yes,Credit card (automatic),91.28,3290.24,Yes,0.2775,No
CUST-11973,Male,0,Yes,Yes,63,Yes,No,No,No internet service,No internet service,No internet service,No internet service,No internet service,No internet service,Month-to-month,Yes,Bank transfer (automatic),34.43,2103.28,No,0.1766,No
CUST-14077,Female,0,Yes,Yes,3,Yes,Yes,DSL,Yes,Yes,Yes,Yes,No,Yes,Month-to-month,Yes,Bank transfer (automatic),86.07,253.63,No,0.63,Yes
CUST-14588,Female,0,Yes,No,7,Yes,Yes,Fiber optic,Yes,No,No,No,Yes,No,Month-to-month,No,Electronic check,101.04,721.06,Yes,0.908,Yes
CUST-14267,Female,0,No,No,12,Yes,No,Fiber optic,No,Yes,No,No,No,No,Month-to-month,No,Credit card (automatic),76.2,852.55,No,0.8937,Yes
CUST-13994,Female,1,No,Yes,3,No,No phone service,Fiber optic,No,Yes,Yes,Yes,Yes,No,Month-to-month,Yes,Credit card (automatic),104.45,310.84,Yes,0.9579,Yes
CUST-13316,Female,0,No,No,70,Yes,No,Fiber optic,No,Yes,No,Yes,No,No,Month-to-month,No,Credit card (automatic),96.91,6732.52,No,0.1904,No
CUST-13295,Female,0,No,No,62,Yes,No,Fiber optic,Yes,Yes,Yes,No,No,Yes,Month-to-month,No,Mailed check,101.16,5994.94,No,0.373,No
CUST-12763,Male,1,Yes,Yes,45,Yes,Yes,DSL,No,No,Yes,No,No,Yes,Two year,No,Mailed check,68.21,2880.14,No,0.1466,No
CUST-13536,Male,1,No,Yes,22,Yes,Yes,DSL,Yes,Yes,No,Yes,Yes,No,Month-to-month,No,Mailed check,69.69,1419.79,No,0.4481,No
CUST-11231,Female,1,No,No,4,Yes,No,Fiber optic,No,Yes,No,No,No,No,Month-to-month,Yes,Bank transfer (automatic),108.42,455.23,Yes,0.9769,Yes
CUST-13628,Female,0,Yes,No,3,Yes,Yes,DSL,No,Yes,No,No,No,No,Month-to-month,No,Bank transfer (automatic),65.9,192.96,No,0.7293,Yes
CUST-13213,Female,0,Yes,No,48,Yes,Yes,Fiber optic,Yes,Yes,Yes,No,No,No,One year,Yes,Electronic check,100.65,5023.78,Yes,0.3686,No
CUST-12622,Male,0,Yes,Yes,50,Yes,Yes,No,No internet service,No internet service,No internet service,No internet service,No internet service,No internet service,Two year,Yes,Bank transfer (automatic),36.25,1876.63,No,0.0584,No
CUST-14198,Female,0,No,No,15,Yes,No,DSL,No,No,Yes,Yes,No,Yes,Month-to-month,Yes,Mailed check,61.07,920.01,Yes,0.7343,Yes
CUST-10373,Male,0,Yes,No,19,Yes,Yes,Fiber optic,Yes,Yes,No,No,No,No,One year,Yes,Credit card (automatic),92.6,1813.15,No,0.4915,No
CUST-13161,Female,0,No,No,42,Yes,No,DSL,No,Yes,No,No,Yes,Yes,Month-to-month,Yes,Credit card (automatic),70.34,2964.36,Yes,0.5277,Yes
CUST-14878,Female,0,No,No,62,No,No phone service,DSL,No,Yes,Yes,No,No,No,Month-to-month,Yes,Mailed check,62.15,3570.86,No,0.3573,No
CUST-14726,Male,0,Yes,No,43,Yes,Yes,Fiber optic,No,No,No,Yes,No,No,Two year,No,Electronic check,85.13,3507.57,Yes,0.2062,No
CUST-12788,Male,0,No,No,8,Yes,No,DSL,Yes,Yes,No,Yes,Yes,No,One year,Yes,Bank transfer (automatic),77.06,579.42,Yes,0.2766,No
CUST-10033,Female,0,Yes,No,41,Yes,No,DSL,Yes,No,Yes,No,Yes,Yes,Month-to-month,No,Electronic check,63.49,2727.99,No,0.4377,No
CUST-14096,Female,0,Yes,No,51,Yes,Yes,Fiber optic,Yes,No,Yes,No,No,Yes,Month-to-month,No,Mailed check,98.19,4615.15,No,0.432,No
CUST-12312,Female,0,No,No,51,Yes,Yes,No,No internet service,No internet service,No internet service,No internet service,No internet service,No internet service,Month-to-month,Yes,Credit card (automatic),34.24,1660.39,No,0.3486,No
CUST-12407,Female,0,No,Yes,19,Yes,Yes,DSL,No,Yes,Yes,Yes,No,No,Month-to-month,No,Bank transfer (automatic),69.76,1310.02,Yes,0.4784,No
CUST-10926,Female,0,No,No,29,Yes,No,Fiber optic,Yes,No,No,Yes,No,Yes,One year,Yes,Bank transfer (automatic),78.34,2271.86,No,0.3132,No
CUST-12138,Female,0,No,No,48,Yes,Yes,Fiber optic,No,No,No,Yes,No,Yes,Month-to-month,No,Credit card (automatic),97.59,4639.32,No,0.4402,No
CUST-11773,Male,1,No,No,69,Yes,Yes,No,No internet service,No internet service,No internet service,No internet service,No internet service,No internet service,One year,Yes,Bank transfer (automatic),38.51,2496.38,No,0.0984,No
CUST-12699,Male,0,No,No,7,No,No phone service,DSL,No,No,No,No,Yes,No,One year,Yes,Mailed check,45.6,316.21,No,0.559,Yes
CUST-11551,Female,0,No,No,21,Yes,No,DSL,No,Yes,Yes,Yes,No,Yes,Month-to-month,Yes,Credit card (automatic),86.64,1819.33,No,0.6374,Yes
CUST-11305,Female,0,No,Yes,3,Yes,Yes,No,No internet service,No internet service,No internet service,No internet service,No internet service,No internet service,Two year,No,Mailed check,26.98,76.84,Yes,0.2863,No
CUST-12072,Male,0,Yes,Yes,12,Yes,No,DSL,Yes,Yes,No,Yes,Yes,No,Two year,Yes,Credit card (automatic),72.2,907.6,No,0.1427,No
CUST-12726,Male,0,No,No,72,Yes,Yes,Fiber optic,Yes,Yes,Yes,Yes,Yes,Yes,One year,Yes,Electronic check,124.29,9301.44,No,0.0932,No
CUST-12422,Male,0,No,No,36,Yes,Yes,Fiber optic,No,No,No,No,No,No,Two year,No,Electronic check,77.38,2794.76,No,0.4776,No
CUST-13664,Female,1,No,Yes,9,Yes,Yes,DSL,No,Yes,Yes,No,Yes,No,Two year,No,Electronic check,60.03,544.8,No,0.6527,Yes
CUST-12815,Male,0,No,No,15,Yes,No,No,No internet service,No internet service,No internet service,No internet service,No internet service,No internet service,One year,Yes,Credit card (automatic),30.68,460.8,No,0.3383,No
CUST-14688,Male,0,Yes,Yes,9,Yes,No,DSL,No,No,No,No,Yes,No,Month-to-month,No,Electronic check,58.88,499.49,Yes,0.7633,Yes
CUST-10810,Male,1,No,No,61,Yes,Yes,DSL,No,Yes,Yes,No,Yes,No,Two year,Yes,Bank transfer (automatic),59.6,3378.84,No,0.1722,No
CUST-11362,Male,0,No,No,70,Yes,Yes,Fiber optic,Yes,No,No,No,No,No,Two year,Yes,Credit card (automatic),83.32,5702.91,No,0.085,No
CUST-10230,Male,0,No,No,20,Yes,No,No,No internet service,No internet service,No internet service,No internet service,No internet service,No internet service,One year,No,Electronic check,34.27,637.94,No,0.306,No
CUST-13427,Female,0,No,No,36,Yes,No,Fiber optic,No,No,Yes,Yes,Yes,Yes,Two year,No,Electronic check,98.57,3351.52,No,0.3841,No
CUST-14212,Male,0,Yes,No,47,Yes,Yes,No,No internet service,No internet service,No internet service,No internet service,No internet service,No internet service,Month-to-month,Yes,Credit card (automatic),32.91,1587.27,No,0.3653,No
CUST-12470,Female,0,No,No,34,Yes,No,Fiber optic,No,No,Yes,Yes,Yes,No,Month-to-month,No,Credit card (automatic),99.91,3238.8,No,0.6768,Yes
CUST-10491,Female,0,No,No,46,Yes,No,Fiber optic,Yes,Yes,No,Yes,No,Yes,One year,No,Credit card (automatic),89.18,3928.59,No,0.1047,No
CUST-13323,Female,0,Yes,No,57,Yes,Yes,Fiber optic,Yes,Yes,Yes,No,No,Yes,One year,No,Electronic check,98.58,5342.07,No,0.1626,No
CUST-10996,Female,0,Yes,Yes,20,No,No phone service,Fiber optic,Yes,No,No,No,Yes,No,Month-to-month,Yes,Credit card (automatic),79.37,1538.77,Yes,0.7423,Yes
CUST-10776,Male,0,Yes,No,47,Yes,Yes,Fiber optic,No,Yes,Yes,Yes,Yes,Yes,Month-to-month,No,Mailed check,107.3,4718.85,No,0.5122,Yes
CUST-14247,Male,0,Yes,No,7,Yes,Yes,Fiber optic,Yes,Yes,Yes,Yes,Yes,Yes,Month-to-month,No,Mailed check,111.27,732.14,Yes,0.8277,Yes
CUST-14166,Male,0,No,No,44,No,No phone service,DSL,No,No,Yes,No,No,No,Month-to-month,Yes,Bank transfer (automatic),59.27,2439.32,No,0.5481,Yes
CUST-12091,Male,0,Yes,No,46,No,No phone service,Fiber optic,No,Yes,No,Yes,No,No,Two year,No,Bank transfer (automatic),97.4,4601.11,No,0.0951,No
CUST-11293,Male,0,No,No,58,Yes,No,No,No internet service,No internet service,No internet service,No internet service,No internet service,No internet service,Two year,Yes,Mailed check,28.14,1578.25,No,0.0861,No
CUST-13046,Female,1,No,No,43,Yes,No,Fiber optic,No,No,Yes,No,No,No,One year,Yes,Bank transfer (automatic),72.39,3057.69,No,0.648,Yes
CUST-14919,Female,0,Yes,No,63,Yes,No,No,No internet service,No internet service,No internet service,No internet service,No internet service,No internet service,Month-to-month,Yes,Electronic check,38.52,2505.67,Yes,0.3078,No
CUST-14957,Male,0,Yes,No,51,Yes,Yes,Fiber optic,Yes,Yes,Yes,Yes,No,No,Month-to-month,Yes,Mailed check,94.3,4596.51,No,0.4319,No
CUST-13707,Female,0,No,No,14,Yes,No,DSL,Yes,No,No,Yes,No,Yes,One year,Yes,Mailed check,64.61,849.14,No,0.2102,No
CUST-10711,Female,0,No,No,21,Yes,No,DSL,No,No,No,No,No,No,Month-to-month,Yes,Credit card (automatic),62.27,1268.0,No,0.7021,Yes
CUST-10497,Male,0,Yes,No,39,Yes,Yes,DSL,Yes,No,No,Yes,No,Yes,Month-to-month,Yes,Electronic check,70.12,2840.93,No,0.3574,No
CUST-11831,Female,1,Yes,No,36,No,No phone service,Fiber optic,No,Yes,Yes,No,Yes,Yes,Month-to-month,Yes,Bank transfer (automatic),89.7,3110.79,Yes,0.8841,Yes
CUST-14713,Male,0,No,No,52,Yes,No,DSL,Yes,No,No,No,No,No,Two year,Yes,Bank transfer (automatic),64.22,3116.19,No,0.061,No
CUST-12220,Female,0,No,No,63,Yes,No,Fiber optic,Yes,No,Yes,Yes,Yes,Yes,Month-to-month,No,Electronic check,99.33,6201.66,No,0.3372,No
CUST-13396,Male,0,Yes,Yes,12,Yes,No,DSL,Yes,No,No,No,Yes,Yes,One year,Yes,Mailed check,79.7,906.1,Yes,0.2958,No
CUST-10589,Female,1,Yes,No,50,Yes,No,DSL,No,No,No,No,Yes,No,Month-to-month,No,Credit card (automatic),59.33,2955.03,No,0.3574,No
CUST-11526,Male,0,No,No,33,Yes,Yes,No,No internet service,No internet service,No internet service,No internet service,No internet service,No internet service,One year,No,Mailed check,28.01,966.33,No,0.1666,No
CUST-14165,Female,0,No,Yes,14,Yes,Yes,Fiber optic,Yes,No,Yes,Yes,No,No,Two year,No,Credit card (automatic),94.17,1247.76,No,0.2884,No
CUST-12110,Male,1,No,Yes,52,Yes,Yes,DSL,No,No,No,Yes,Yes,No,Two year,No,Electronic check,66.54,3286.1,No,0.0873,No
CUST-14333,Female,1,Yes,No,68,Yes,Yes,Fiber optic,Yes,No,No,No,No,No,Month-to-month,No,Electronic check,94.59,6437.42,No,0.4126,No
CUST-14629,Male,0,No,Yes,51,Yes,No,Fiber optic,Yes,No,No,Yes,No,Yes,Month-to-month,No,Electronic check,100.29,4904.46,No,0.3381,No
CUST-14612,Female,0,No,Yes,45,Yes,No,DSL,No,No,Yes,No,No,Yes,Month-to-month,Yes,Electronic check,64.33,2953.61,Yes,0.6484,Yes
CUST-12651,Female,0,No,No,40,Yes,Yes,DSL,Yes,No,No,No,No,Yes,One year,Yes,Mailed check,72.68,2985.62,No,0.149,No
CUST-11108,Female,0,Yes,No,38,Yes,No,Fiber optic,No,Yes,Yes,Yes,No,No,Month-to-month,No,Bank transfer (automatic),97.97,3841.56,No,0.5641,Yes
CUST-10149,Male,1,No,No,42,No,No phone service,Fiber optic,No,No,Yes,Yes,Yes,No,Month-to-month,Yes,Electronic check,109.28,4519.55,Yes,0.875,Yes
CUST-14566,Female,0,Yes,Yes,55,Yes,No,No,No internet service,No internet service,No internet service,No internet service,No internet service,No internet service,Two year,Yes,Mailed check,39.83,2019.34,No,0.0522,No
CUST-14873,Female,0,Yes,No,31,Yes,Yes,DSL,No,Yes,Yes,Yes,Yes,No,Two year,No,Bank transfer (automatic),82.06,2632.53,No,0.0921,No
CUST-13361,Female,0,No,No,43,No,No phone service,Fiber optic,No,No,No,No,Yes,No,Month-to-month,Yes,Mailed check,96.53,4148.05,Yes,0.7715,Yes
CUST-10012,Female,0,Yes,Yes,18,Yes,No,No,No internet service,No internet service,No internet service,No internet service,No internet service,No internet service,One year,No,Bank transfer (automatic),26.64,484.57,No,0.1349,No
CUST-13571,Female,0,Yes,No,62,Yes,No,Fiber optic,No,Yes,No,Yes,No,No,One year,Yes,Electronic check,90.38,5470.56,No,0.1546,No
CUST-13269,Female,0,No,No,18,No,No phone service,DSL,No,Yes,No,No,No,No,Month-to-month,Yes,Mailed check,61.44,1145.56,Yes,0.7428,Yes
CUST-11514,Male,0,No,No,18,Yes,No,Fiber optic,Yes,Yes,Yes,No,No,Yes,Two year,No,Electronic check,85.38,1528.97,Yes,0.6101,Yes
CUST-11784,Female,1,No,No,1,Yes,Yes,Fiber optic,No,No,Yes,Yes,Yes,No,One year,No,Electronic check,110.5,115.05,Yes,0.8992,Yes
CUST-13710,Male,0,No,No,1,Yes,Yes,No,No internet service,No internet service,No internet service,No internet service,No internet service,No internet service,One year,Yes,Electronic check,30.14,29.41,Yes,0.6471,Yes
CUST-10731,Male,0,Yes,No,43,Yes,No,No,No internet service,No internet service,No internet service,No internet service,No internet service,No internet service,Two year,Yes,Mailed check,29.87,1340.53,No,0.1236,No
CUST-10751,Male,0,Yes,Yes,6,No,No phone service,No,No internet service,No internet service,No internet service,No internet service,No internet service,No internet service,One year,Yes,Mailed check,41.67,259.45,No,0.3482,No
CUST-14940,Female,1,No,Yes,7,Yes,Yes,No,No internet service,No internet service,No internet service,No internet service,No internet service,No internet service,Month-to-month,Yes,Electronic check,18.0,127.71,Yes,0.9023,Yes
CUST-11321,Male,0,Yes,No,57,Yes,Yes,Fiber optic,No,Yes,Yes,No,Yes,No,Two year,Yes,Credit card (automatic),105.66,6005.03,No,0.2074,No
CUST-13992,Male,1,Yes,No,22,Yes,Yes,No,No internet service,No internet service,No internet service,No internet service,No internet service,No internet service,One year,Yes,Credit card (automatic),33.34,751.61,No,0.3499,No
CUST-11859,Female,0,Yes,No,37,No,No phone service,No,No internet service,No internet service,No internet service,No internet service,No internet service,No internet service,One year,No,Electronic check,32.68,1266.54,No,0.1377,No
CUST-13559,Male,1,Yes,No,42,Yes,Yes,No,No internet service,No internet service,No internet service,No internet service,No internet service,No internet service,One year,Yes,Mailed check,34.07,1431.39,No,0.2416,No
CUST-12887,Male,0,No,Yes,41,Yes,Yes,Fiber optic,Yes,No,Yes,Yes,Yes,Yes,Month-to-month,Yes,Electronic check,99.38,3775.83,Yes,0.7038,Yes
CUST-11126,Female,1,Yes,No,61,Yes,Yes,Fiber optic,No,Yes,No,Yes,No,Yes,Month-to-month,Yes,Bank transfer (automatic),99.81,5678.06,No,0.455,No
CUST-14447,Male,0,Yes,No,28,No,No phone service,Fiber optic,Yes,No,Yes,No,No,Yes,One year,Yes,Electronic check,91.7,2433.95,No,0.5772,Yes
CUST-12127,Female,0,Yes,No,0,Yes,Yes,DSL,No,No,No,No,No,No,Month-to-month,Yes,Mailed check,58.38,0.0,Yes,0.8588,Yes
CUST-14929,Male,1,Yes,No,16,Yes,No,No,No internet service,No internet service,No internet service,No internet service,No internet service,No internet service,Month-to-month,Yes,Bank transfer (automatic),42.31,697.18,No,0.7538,Yes
CUST-11210,Female,1,No,Yes,72,Yes,Yes,DSL,Yes,No,Yes,Yes,No,Yes,Two year,No,Mailed check,73.44,5448.55,No,0.0182,No
CUST-12225,Female,0,No,No,29,Yes,No,Fiber optic,Yes,No,No,No,No,Yes,Month-to-month,No,Credit card (automatic),87.07,2427.86,Yes,0.6801,Yes
CUST-11886,Female,0,No,No,58,Yes,No,Fiber optic,Yes,Yes,No,No,No,Yes,Month-to-month,Yes,Mailed check,105.08,5984.61,No,0.4679,No
CUST-12042,Female,1,Yes,No,49,Yes,Yes,No,No internet service,No internet service,No internet service,No internet service,No internet service,No internet service,Two year,Yes,Credit card (automatic),32.33,1623.61,No,0.1226,No
CUST-10586,Female,0,No,No,42,Yes,No,DSL,Yes,Yes,No,No,No,No,Month-to-month,No,Credit card (automatic),60.61,2646.72,No,0.2747,No
CUST-14643,Male,0,Yes,Yes,12,Yes,No,Fiber optic,No,No,No,No,Yes,No,Month-to-month,No,Bank transfer (automatic),86.93,1058.2,No,0.8563,Yes
CUST-12825,Female,0,Yes,No,71,Yes,No,DSL,No,Yes,No,No,No,Yes,Month-to-month,Yes,Credit card (automatic),65.12,4519.8,No,0.1686,No
CUST-14183,Female,0,No,No,72,Yes,No,DSL,No,Yes,Yes,No,No,No,Month-to-month,Yes,Bank transfer (automatic),57.31,3930.96,Yes,0.2736,No
CUST-12339,Male,0,No,Yes,40,Yes,No,DSL,No,Yes,Yes,Yes,No,Yes,Month-to-month,Yes,Bank transfer (automatic),83.45,3391.13,No,0.4018,No
CUST-10132,Male,1,No,No,56,Yes,Yes,Fiber optic,Yes,No,No,Yes,Yes,Yes,Month-to-month,No,Electronic check,102.94,5984.91,No,0.4936,No
CUST-11181,Female,0,No,Yes,55,Yes,No,Fiber optic,Yes,No,Yes,Yes,Yes,Yes,Month-to-month,Yes,Credit card (automatic),111.16,5860.88,No,0.3388,No
CUST-11740,Male,0,Yes,Yes,10,Yes,No,DSL,No,No,Yes,Yes,Yes,Yes,One year,Yes,Mailed check,66.5,634.53,No,0.3647,No
CUST-10977,Female,1,Yes,No,50,Yes,Yes,DSL,Yes,Yes,Yes,Yes,No,No,Two year,No,Bank transfer (automatic),73.84,3712.56,No,0.037,No
CUST-10677,Male,0,No,No,35,Yes,No,Fiber optic,No,Yes,No,Yes,Yes,Yes,Month-to-month,No,Mailed check,85.75,2806.61,Yes,0.6647,Yes
CUST-14378,Male,0,Yes,No,62,Yes,No,Fiber optic,No,Yes,Yes,Yes,No,No,Month-to-month,No,Credit card (automatic),100.84,6154.06,No,0.2618,No
CUST-14707,Female,0,Yes,Yes,61,Yes,Yes,DSL,No,No,Yes,No,No,No,One year,No,Credit card (automatic),68.13,4291.81,No,0.0395,No
CUST-11117,Female,0,No,No,63,Yes,Yes,DSL,Yes,Yes,No,No,No,No,Month-to-month,Yes,Bank transfer (automatic),58.47,3416.32,No,0.1927,No
CUST-10287,Female,0,No,No,64,Yes,No,DSL,No,No,Yes,No,No,No,Month-to-month,No,Bank transfer (automatic),64.61,4128.35,No,0.2211,No
CUST-11413,Female,0,Yes,Yes,60,Yes,Yes,DSL,No,No,Yes,No,No,No,Two year,No,Mailed check,57.88,3298.81,No,0.0427,No
CUST-13135,Male,0,Yes,No,55,Yes,No,Fiber optic,No,No,No,Yes,No,No,One year,Yes,Credit card (automatic),86.15,4956.74,No,0.1309,No
CUST-13685,Male,0,Yes,Yes,28,Yes,No,Fiber optic,No,Yes,No,No,No,Yes,Month-to-month,Yes,Mailed check,86.31,2464.34,No,0.8319,Yes
CUST-14192,Female,1,Yes,No,23,Yes,No,Fiber optic,No,Yes,No,Yes,Yes,No,Month-to-month,No,Electronic check,98.22,2237.65,No,0.8611,Yes
CUST-11323,Female,0,No,No,54,Yes,No,No,No internet service,No internet service,No internet service,No internet service,No internet service,No internet service,One year,Yes,Mailed check,28.47,1469.59,No,0.1132,No
CUST-14730,Female,0,No,Yes,58,Yes,Yes,DSL,No,Yes,No,Yes,Yes,No,Month-to-month,No,Electronic check,56.55,3133.03,No,0.1965,No
CUST-13865,Female,0,No,Yes,43,Yes,No,No,No internet service,No internet service,No internet service,No internet service,No internet service,No internet service,Month-to-month,No,Bank transfer (automatic),46.32,2021.28,No,0.27,No
CUST-11943,Male,1,Yes,Yes,55,Yes,Yes,DSL,No,No,No,Yes,Yes,No,Two year,Yes,Mailed check,85.27,4805.21,No,0.0588,No
CUST-14293,Male,0,Yes,No,63,Yes,No,Fiber optic,No,No,Yes,No,Yes,Yes,One year,No,Credit card (automatic),92.07,5711.92,No,0.136,No
CUST-14214,Female,0,No,Yes,35,Yes,Yes,DSL,No,Yes,No,No,No,Yes,One year,No,Credit card (automatic),80.72,2783.27,No,0.1221,No
CUST-10842,Female,0,No,Yes,4,Yes,No,Fiber optic,Yes,No,No,No,No,No,Month-to-month,No,Bank transfer (automatic),69.84,261.23,Yes,0.8495,Yes
CUST-13496,Male,0,Yes,No,65,Yes,Yes,DSL,Yes,Yes,Yes,No,Yes,Yes,Month-to-month,No,Bank transfer (automatic),64.92,4255.94,No,0.1247,No
CUST-11292,Male,0,Yes,Yes,21,Yes,Yes,Fiber optic,No,No,Yes,No,No,No,Two year,Yes,Bank transfer (automatic),91.0,1881.0,No,0.557,Yes
CUST-12692,Female,0,Yes,No,35,Yes,No,No,No internet service,No internet service,No internet service,No internet service,No internet service,No internet service,Month-to-month,Yes,Mailed check,28.56,943.56,Yes,0.5026,Yes
CUST-14543,Female,0,Yes,Yes,5,Yes,Yes,No,No internet service,No internet service,No internet service,No internet service,No internet service,No internet service,Month-to-month,Yes,Mailed check,32.95,166.85,No,0.7342,Yes
CUST-11765,Female,0,No,No,22,Yes,Yes,Fiber optic,No,No,No,No,No,Yes,Two year,Yes,Bank transfer (automatic),90.44,1918.66,Yes,0.5866,Yes
CUST-14893,Male,0,Yes,Yes,49,Yes,Yes,Fiber optic,No,Yes,No,No,Yes,No,Month-to-month,Yes,Credit card (automatic),92.15,4682.3,Yes,0.5849,Yes
CUST-14650,Male,0,Yes,No,12,No,No phone service,Fiber optic,No,No,Yes,No,No,Yes,Month-to-month,No,Mailed check,78.18,872.04,Yes,0.9032,Yes
CUST-11055,Female,0,Yes,Yes,12,Yes,No,DSL,No,Yes,No,No,No,No,One year,No,Mailed check,59.04,719.89,No,0.2766,No
CUST-12581,Male,0,Yes,No,35,Yes,Yes,DSL,Yes,No,No,No,No,No,Month-to-month,Yes,Mailed check,55.36,1868.45,No,0.4464,No
CUST-10681,Male,0,No,No,5,Yes,No,DSL,Yes,No,Yes,No,No,Yes,Month-to-month,Yes,Mailed check,74.56,363.05,No,0.8493,Yes
CUST-13973,Male,0,Yes,No,49,Yes,Yes,No,No internet service,No internet service,No internet service,No internet service,No internet service,No internet service,Month-to-month,Yes,Bank transfer (automatic),40.11,1996.52,No,0.3072,No
CUST-11417,Male,0,Yes,No,4,Yes,Yes,Fiber optic,No,No,Yes,No,Yes,Yes,Two year,Yes,Mailed check,101.39,420.44,Yes,0.8486,Yes
CUST-12121,Female,1,No,No,29,Yes,Yes,DSL,No,No,Yes,No,No,Yes,Month-to-month,Yes,Mailed check,63.83,1904.56,No,0.8445,Yes
CUST-14601,Female,0,Yes,No,39,Yes,Yes,DSL,No,No,No,No,No,No,Month-to-month,Yes,Electronic check,56.77,2228.54,Yes,0.6269,Yes
CUST-12629,Male,1,Yes,No,41,Yes,Yes,Fiber optic,No,Yes,No,No,Yes,No,Month-to-month,Yes,Credit card (automatic),95.82,3686.36,No,0.8351,Yes
CUST-12024,Male,0,Yes,No,5,Yes,Yes,Fiber optic,No,No,Yes,Yes,Yes,No,One year,No,Mailed check,102.33,506.38,Yes,0.663,Yes
CUST-13282,Female,0,Yes,No,37,Yes,No,Fiber optic,No,Yes,No,No,No,No,One year,No,Credit card (automatic),89.71,3344.44,No,0.2887,No
CUST-12223,Male,0,Yes,No,50,Yes,No,Fiber optic,Yes,No,Yes,No,Yes,Yes,Month-to-month,Yes,Credit card (automatic),112.34,5873.4,No,0.5459,Yes
CUST-10969,Male,1,Yes,Yes,47,Yes,Yes,DSL,No,No,No,No,Yes,No,Two year,Yes,Electronic check,59.25,2620.82,No,0.2512,No
CUST-14516,Male,0,No,No,3,No,No phone service,DSL,Yes,No,Yes,No,Yes,No,Month-to-month,No,Bank transfer (automatic),71.43,202.07,No,0.7323,Yes
CUST-14885,Male,0,Yes,Yes,8,Yes,Yes,DSL,Yes,Yes,Yes,No,Yes,Yes,One year,No,Mailed check,77.73,628.87,No,0.2998,No
CUST-14678,Female,1,Yes,No,54,Yes,No,DSL,Yes,No,No,No,No,Yes,Month-to-month,No,Electronic check,61.86,3410.58,No,0.3232,No
CUST-14083,Female,0,Yes,No,52,Yes,Yes,Fiber optic,Yes,No,Yes,Yes,Yes,No,Month-to-month,No,Electronic check,104.41,5531.77,No,0.3838,No
CUST-12686,Male,0,No,Yes,5,Yes,No,DSL,No,No,No,Yes,No,Yes,Two year,Yes,Electronic check,46.04,212.97,Yes,0.4392,No
CUST-12445,Female,0,Yes,No,60,Yes,Yes,No,No internet service,No internet service,No internet service,No internet service,No internet service,No internet service,Month-to-month,Yes,Mailed check,54.38,3385.19,No,0.226,No
CUST-10555,Female,0,No,Yes,21,Yes,No,DSL,Yes,No,No,No,No,No,One year,Yes,Credit card (automatic),60.8,1223.38,No,0.1967,No
CUST-12057,Female,0,No,No,46,Yes,Yes,DSL,Yes,No,No,Yes,No,Yes,Month-to-month,Yes,Mailed check,75.15,3607.56,No,0.2499,No
CUST-10429,Female,0,No,No,45,Yes,Yes,Fiber optic,Yes,No,No,Yes,Yes,No,One year,No,Bank transfer (automatic),104.04,4857.93,No,0.1094,No
CUST-14603,Female,0,No,No,43,Yes,No,Fiber optic,No,Yes,No,No,No,No,Month-to-month,No,Mailed check,87.37,3622.29,Yes,0.6895,Yes
CUST-13565,Male,1,Yes,No,54,Yes,Yes,DSL,No,No,Yes,Yes,Yes,Yes,One year,No,Credit card (automatic),70.27,3898.13,Yes,0.0713,No
CUST-14272,Female,0,Yes,No,44,Yes,Yes,Fiber optic,No,No,No,No,No,No,Month-to-month,Yes,Electronic check,86.04,3824.1,Yes,0.8089,Yes
CUST-13018,Female,0,No,Yes,57,Yes,No,DSL,No,No,Yes,No,Yes,Yes,Month-to-month,Yes,Mailed check,69.27,3795.12,Yes,0.3913,No
CUST-13540,Female,0,No,No,32,No,No phone service,Fiber optic,No,Yes,No,No,No,Yes,Month-to-month,Yes,Mailed check,79.9,2565.33,Yes,0.853,Yes
CUST-14145,Male,0,Yes,No,62,Yes,No,DSL,No,No,No,Yes,No,No,Month-to-month,No,Mailed check,60.3,3457.78,No,0.1058,No
CUST-13113,Female,0,Yes,Yes,42,Yes,Yes,Fiber optic,No,Yes,No,Yes,No,No,Two year,Yes,Credit card (automatic),97.94,3806.17,No,0.1544,No
CUST-14375,Female,0,Yes,Yes,30,Yes,No,DSL,No,Yes,No,Yes,No,No,One year,No,Electronic check,63.22,1815.74,No,0.1153,No
CUST-10290,Female,0,No,No,48,Yes,No,No,No internet service,No internet service,No internet service,No internet service,No internet service,No internet service,Two year,Yes,Electronic check,33.59,1540.17,No,0.181,No
CUST-13803,Male,0,No,No,67,Yes,Yes,Fiber optic,No,No,No,No,Yes,No,Month-to-month,Yes,Bank transfer (automatic),89.68,5560.5,No,0.5065,Yes
CUST-12146,Male,1,Yes,Yes,58,Yes,No,Fiber optic,No,No,Yes,Yes,Yes,No,Month-to-month,Yes,Mailed check,97.39,5789.65,No,0.5761,Yes
CUST-10252,Male,0,No,No,46,Yes,Yes,DSL,No,Yes,No,Yes,Yes,No,Two year,Yes,Bank transfer (automatic),73.23,3110.57,No,0.0842,No
CUST-14350,Female,1,Yes,No,44,Yes,No,DSL,No,Yes,Yes,No,Yes,Yes,Month-to-month,No,Credit card (automatic),62.66,2881.41,Yes,0.5357,Yes
CUST-10350,Female,0,No,No,38,Yes,Yes,DSL,No,No,No,No,Yes,Yes,One year,No,Credit card (automatic),66.38,2529.84,No,0.1475,No
CUST-14806,Male,0,Yes,No,25,Yes,Yes,No,No internet service,No internet service,No internet service,No internet service,No internet service,No internet service,Two year,No,Credit card (automatic),33.28,792.79,No,0.1175,No
CUST-12527,Female,0,Yes,No,21,Yes,Yes,Fiber optic,No,Yes,Yes,No,No,Yes,One year,Yes,Mailed check,99.47,2112.93,No,0.6932,Yes
CUST-14224,Female,0,Yes,No,0,Yes,Yes,Fiber optic,No,Yes,Yes,No,Yes,Yes,Two year,No,Mailed check,104.9,0.0,Yes,0.7885,Yes
CUST-10471,Female,0,Yes,No,72,No,No phone service,Fiber optic,No,No,No,Yes,Yes,No,Month-to-month,Yes,Credit card (automatic),91.61,6659.67,No,0.2102,No
CUST-10090,Male,0,Yes,No,15,Yes,No,Fiber optic,No,No,Yes,No,Yes,Yes,Two year,Yes,Electronic check,106.37,1607.9,Yes,0.8024,Yes
CUST-11738,Male,0,No,No,29,Yes,No,Fiber optic,No,Yes,Yes,Yes,No,No,One year,Yes,Bank transfer (automatic),90.01,2444.86,Yes,0.5017,Yes
CUST-11436,Male,0,Yes,No,32,Yes,No,DSL,No,No,No,No,No,No,Two year,No,Electronic check,48.71,1472.83,No,0.1955,No
CUST-10691,Female,0,No,No,26,Yes,Yes,Fiber optic,Yes,Yes,Yes,Yes,No,No,Month-to-month,No,Credit card (automatic),100.07,2436.2,No,0.6325,Yes
CUST-14886,Female,0,Yes,No,37,Yes,No,Fiber optic,No,No,No,No,No,No,One year,Yes,Electronic check,79.77,3007.44,Yes,0.5644,Yes
CUST-10026,Male,1,No,No,45,Yes,No,Fiber optic,Yes,No,Yes,Yes,No,No,Month-to-month,Yes,Bank transfer (automatic),110.39,4881.31,No,0.681,Yes
CUST-12292,Male,0,Yes,No,13,Yes,Yes,Fiber optic,No,Yes,No,Yes,Yes,Yes,Two year,No,Electronic check,105.72,1351.04,Yes,0.5135,Yes
CUST-13641,Female,0,Yes,No,18,No,No phone service,DSL,No,No,Yes,No,Yes,No,Month-to-month,Yes,Electronic check,50.4,874.14,No,0.8235,Yes
CUST-13708,Male,0,No,No,18,Yes,Yes,DSL,No,Yes,Yes,No,No,No,Month-to-month,No,Mailed check,56.06,971.01,No,0.7311,Yes
CUST-10501,Female,0,No,No,33,Yes,No,No,No internet service,No internet service,No internet service,No internet service,No internet service,No internet service,Month-to-month,Yes,Electronic check,32.68,1125.35,No,0.6887,Yes
CUST-14591,Male,0,Yes,No,13,Yes,No,Fiber optic,No,Yes,No,No,No,No,Month-to-month,Yes,Bank transfer (automatic),81.09,1007.84,Yes,0.9031,Yes
CUST-11606,Male,0,Yes,No,46,Yes,Yes,DSL,Yes,Yes,No,Yes,No,No,Month-to-month,No,Electronic check,72.78,3287.86,No,0.1881,No
CUST-12098,Female,0,No,No,14,No,No phone service,DSL,Yes,No,Yes,No,Yes,No,One year,Yes,Mailed check,59.45,794.73,No,0.381,No
CUST-14606,Male,0,No,No,67,Yes,Yes,DSL,Yes,No,Yes,No,No,No,Month-to-month,Yes,Bank transfer (automatic),56.82,3524.68,No,0.2248,No
CUST-12977,Female,0,Yes,No,36,Yes,Yes,DSL,Yes,No,No,No,Yes,No,Month-to-month,Yes,Bank transfer (automatic),63.82,2151.89,No,0.392,No
CUST-14032,Male,0,Yes,No,65,Yes,No,Fiber optic,No,Yes,No,Yes,Yes,No,Month-to-month,Yes,Mailed check,112.53,7273.77,No,0.3068,No
CUST-11419,Male,0,No,No,2,No,No phone service,Fiber optic,No,No,Yes,No,No,No,One year,Yes,Credit card (automatic),101.83,200.2,No,0.8644,Yes
CUST-10254,Female,1,Yes,No,61,Yes,Yes,Fiber optic,Yes,Yes,No,Yes,No,Yes,Month-to-month,No,Mailed check,93.74,5988.07,No,0.2671,No
CUST-11897,Female,0,No,Yes,31,No,No phone service,No,No internet service,No internet service,No internet service,No internet service,No internet service,No internet service,Month-to-month,No,Electronic check,34.05,1015.36,No,0.4882,No
CUST-13403,Female,0,Yes,No,38,No,No phone service,No,No internet service,No internet service,No internet service,No internet service,No internet service,No internet service,Month-to-month,Yes,Electronic check,31.4,1251.78,No,0.5472,Yes
CUST-11978,Male,0,Yes,Yes,3,Yes,Yes,DSL,No,No,No,No,Yes,Yes,One year,No,Mailed check,81.73,237.92,Yes,0.3877,No
CUST-14324,Female,0,No,Yes,68,Yes,No,Fiber optic,Yes,No,No,No,No,Yes,Month-to-month,No,Electronic check,98.31,6450.21,No,0.2894,No
CUST-12526,Male,0,No,Yes,0,Yes,Yes,Fiber optic,No,No,No,Yes,No,No,One year,No,Credit card (automatic),93.48,0.0,No,0.6057,Yes
CUST-11272,Female,0,No,No,26,Yes,Yes,No,No internet service,No internet service,No internet service,No internet service,No internet service,No internet service,One year,No,Credit card (automatic),32.49,790.64,No,0.1673,No
CUST-11451,Male,1,No,No,58,Yes,Yes,Fiber optic,No,Yes,Yes,Yes,No,No,Month-to-month,No,Electronic check,99.44,5523.84,Yes,0.654,Yes
CUST-11261,Female,0,Yes,No,41,Yes,Yes,Fiber optic,No,Yes,Yes,No,No,No,One year,No,Electronic check,103.63,3945.89,No,0.4312,No
CUST-14898,Female,1,Yes,No,41,Yes,No,No,No internet service,No internet service,No internet service,No internet service,No internet service,No internet service,One year,Yes,Bank transfer (automatic),41.76,1600.35,Yes,0.2017,No
CUST-14662,Male,0,Yes,No,19,Yes,No,Fiber optic,No,Yes,Yes,No,Yes,No,Month-to-month,Yes,Credit card (automatic),89.29,1681.89,Yes,0.9125,Yes
CUST-10315,Female,0,Yes,No,28,Yes,Yes,DSL,No,No,No,No,Yes,No,Month-to-month,Yes,Electronic check,60.84,1610.19,Yes,0.732,Yes
CUST-12157,Female,0,Yes,No,66,Yes,Yes,Fiber optic,No,No,No,No,Yes,Yes,Month-to-month,Yes,Electronic check,106.67,6525.9,Yes,0.5472,Yes
CUST-11094,Male,0,Yes,No,68,Yes,Yes,Fiber optic,No,No,Yes,No,No,No,Month-to-month,No,Mailed check,80.35,5454.57,No,0.4116,No
CUST-14910,Female,0,No,No,7,Yes,Yes,No,No internet service,No internet service,No internet service,No internet service,No internet service,No internet service,Month-to-month,Yes,Electronic check,40.08,274.43,No,0.8663,Yes
CUST-11115,Male,0,No,Yes,31,Yes,No,No,No internet service,No internet service,No internet service,No internet service,No internet service,No internet service,Month-to-month,No,Mailed check,26.07,792.79,No,0.4364,No
CUST-13610,Female,0,Yes,No,54,No,No phone service,No,No internet service,No internet service,No internet service,No internet service,No internet service,No internet service,Month-to-month,No,Mailed check,59.13,3306.53,No,0.1542,No
CUST-13137,Male,0,No,Yes,64,Yes,Yes,DSL,No,Yes,No,Yes,No,No,One year,Yes,Credit card (automatic),65.33,4069.99,No,0.0346,No
CUST-10069,Male,1,No,No,10,Yes,Yes,DSL,No,Yes,No,Yes,No,No,Month-to-month,Yes,Mailed check,71.23,661.54,No,0.8418,Yes
CUST-13263,Female,1,No,No,61,Yes,Yes,DSL,Yes,No,Yes,No,No,No,Two year,Yes,Electronic check,61.47,3783.71,No,0.1624,No
CUST-14048,Male,0,Yes,Yes,59,Yes,Yes,DSL,No,Yes,Yes,No,No,Yes,Two year,Yes,Bank transfer (automatic),67.14,4059.9,No,0.0639,No
CUST-11658,Female,0,Yes,No,5,Yes,Yes,No,No internet service,No internet service,No internet service,No internet service,No internet service,No internet service,Two year,No,Bank transfer (automatic),35.97,186.77,No,0.2362,No
CUST-14621,Female,0,No,Yes,28,Yes,No,Fiber optic,No,No,Yes,Yes,No,Yes,Month-to-month,No,Mailed check,96.51,2528.65,No,0.7147,Yes
CUST-13049,Female,0,No,No,60,Yes,Yes,Fiber optic,Yes,No,No,No,No,No,Month-to-month,Yes,Bank transfer (automatic),77.82,4900.81,No,0.454,No
CUST-13127,Female,0,Yes,No,72,Yes,Yes,Fiber optic,Yes,Yes,Yes,Yes,No,No,One year,Yes,Mailed check,100.04,7326.9,No,0.0533,No
CUST-13873,Male,0,No,No,46,Yes,No,DSL,Yes,No,Yes,Yes,No,No,Two year,No,Electronic check,74.4,3280.64,Yes,0.0668,No
CUST-13728,Male,0,No,Yes,15,Yes,Yes,DSL,No,No,No,Yes,Yes,Yes,Two year,No,Electronic check,74.6,1112.83,Yes,0.2238,No
CUST-11499,Female,0,No,No,20,Yes,No,No,No internet service,No internet service,No internet service,No internet service,No internet service,No internet service,Month-to-month,No,Credit card (automatic),34.17,659.1,No,0.5182,Yes
CUST-12650,Female,0,Yes,Yes,50,Yes,Yes,DSL,No,Yes,No,Yes,No,No,One year,No,Electronic check,72.94,3790.25,No,0.0451,No
CUST-13654,Female,0,Yes,No,11,Yes,No,Fiber optic,No,Yes,No,No,Yes,No,Two year,No,Bank transfer (automatic),82.48,896.14,No,0.567,Yes
CUST-11344,Male,1,No,No,44,Yes,Yes,DSL,No,No,Yes,Yes,No,No,One year,Yes,Electronic check,67.63,2872.61,No,0.3411,No
CUST-12880,Male,0,No,Yes,21,Yes,No,DSL,No,No,No,Yes,No,No,One year,Yes,Electronic check,63.85,1384.76,No,0.3038,No
CUST-11101,Male,0,Yes,Yes,67,Yes,Yes,Fiber optic,No,Yes,Yes,Yes,No,Yes,One year,No,Electronic check,117.97,7815.89,No,0.0722,No
CUST-10387,Female,1,Yes,Yes,40,Yes,No,DSL,No,Yes,Yes,No,No,Yes,Two year,No,Credit card (automatic),64.78,2663.41,No,0.151,No
CUST-14990,Female,1,Yes,No,35,No,No phone service,No,No internet service,No internet service,No internet service,No internet service,No internet service,No internet service,Month-to-month,No,Credit card (automatic),19.64,649.21,Yes,0.4474,No
CUST-12895,Female,0,Yes,No,15,Yes,No,DSL,Yes,Yes,No,No,Yes,Yes,Month-to-month,Yes,Electronic check,88.15,1343.56,No,0.7326,Yes
CUST-13247,Male,1,No,No,1,Yes,No,No,No internet service,No internet service,No internet service,No internet service,No internet service,No internet service,Month-to-month,No,Mailed check,38.09,37.86,Yes,0.8534,Yes
CUST-13601,Female,0,Yes,No,52,Yes,No,DSL,No,No,No,Yes,Yes,Yes,Month-to-month,No,Credit card (automatic),76.26,3975.92,No,0.1246,No
CUST-11912,Male,0,Yes,Yes,70,Yes,No,Fiber optic,No,Yes,No,Yes,Yes,Yes,Two year,No,Bank transfer (automatic),107.91,7489.35,No,0.0253,No
CUST-10410,Male,0,No,No,69,Yes,No,Fiber optic,No,No,No,Yes,No,No,Month-to-month,Yes,Electronic check,75.15,5214.41,No,0.4914,No
CUST-10584,Male,0,Yes,No,39,Yes,Yes,No,No internet service,No internet service,No internet service,No internet service,No internet service,No internet service,Month-to-month,Yes,Credit card (automatic),36.09,1369.62,Yes,0.431,No
CUST-10109,Female,0,No,No,8,Yes,Yes,DSL,Yes,Yes,Yes,Yes,Yes,No,Month-to-month,No,Electronic check,81.51,603.52,No,0.7051,Yes
CUST-12525,Male,0,Yes,No,53,Yes,Yes,No,No internet service,No internet service,No internet service,No internet service,No internet service,No internet service,Month-to-month,Yes,Credit card (automatic),32.64,1595.53,No,0.2826,No
CUST-12742,Female,0,Yes,Yes,30,No,No phone service,Fiber optic,Yes,Yes,No,No,Yes,No,Two year,No,Electronic check,103.25,2921.36,No,0.2532,No
CUST-13481,Male,0,Yes,Yes,51,Yes,Yes,Fiber optic,No,No,No,Yes,Yes,No,Month-to-month,No,Electronic check,77.4,3930.06,No,0.4442,No
CUST-14969,Female,0,Yes,Yes,46,Yes,Yes,Fiber optic,Yes,No,No,No,No,No,One year,Yes,Bank transfer (automatic),81.25,3914.18,No,0.1888,No
CUST-12623,Female,0,Yes,No,55,Yes,Yes,No,No internet service,No internet service,No internet service,No internet service,No internet service,No internet service,Two year,Yes,Credit card (automatic),29.61,1564.05,No,0.0597,No
CUST-11168,Female,0,No,No,5,Yes,No,DSL,No,No,Yes,No,No,Yes,Month-to-month,Yes,Mailed check,69.79,358.84,Yes,0.9032,Yes
CUST-10468,Male,0,Yes,Yes,25,No,No phone service,Fiber optic,Yes,Yes,No,No,Yes,Yes,Month-to-month,Yes,Credit card (automatic),107.71,2693.34,No,0.7158,Yes
CUST-10829,Male,0,Yes,No,34,No,No phone service,Fiber optic,No,No,Yes,Yes,No,No,Two year,Yes,Mailed check,81.8,2614.16,No,0.3388,No
CUST-11618,Male,0,No,No,57,Yes,No,No,No internet service,No internet service,No internet service,No internet service,No internet service,No internet service,One year,Yes,Electronic check,39.15,2071.09,No,0.1443,No
CUST-13015,Male,1,Yes,Yes,42,Yes,Yes,Fiber optic,No,No,No,Yes,No,No,Month-to-month,Yes,Electronic check,94.36,4127.37,Yes,0.7864,Yes
CUST-11961,Female,0,Yes,No,46,No,No phone service,No,No internet service,No internet service,No internet service,No internet service,No internet service,No internet service,One year,Yes,Credit card (automatic),35.0,1516.27,No,0.095,No
CUST-10486,Male,0,No,No,40,No,No phone service,Fiber optic,No,No,No,No,No,Yes,One year,Yes,Credit card (automatic),86.35,3552.76,No,0.4309,No
CUST-11634,Male,0,Yes,No,11,Yes,Yes,Fiber optic,No,No,No,No,No,Yes,Month-to-month,Yes,Credit card (automatic),77.95,830.37,Yes,0.9248,Yes
CUST-10742,Female,1,No,No,52,Yes,No,DSL,Yes,No,Yes,Yes,Yes,No,Month-to-month,No,Bank transfer (automatic),78.08,3953.12,No,0.2113,No
CUST-14424,Male,0,Yes,No,12,Yes,No,Fiber optic,No,No,No,No,No,No,Two year,No,Mailed check,68.71,769.89,No,0.58,Yes
CUST-10907,Male,0,No,No,31,Yes,Yes,No,No internet service,No internet service,No internet service,No internet service,No internet service,No internet service,One year,Yes,Bank transfer (automatic),32.72,989.94,No,0.2329,No
CUST-12865,Male,1,Yes,No,43,Yes,Yes,Fiber optic,Yes,Yes,Yes,No,No,Yes,Month-to-month,Yes,Electronic check,102.11,4185.56,Yes,0.8624,Yes
CUST-13289,Male,0,Yes,No,50,Yes,No,Fiber optic,Yes,No,No,No,Yes,No,One year,Yes,Bank transfer (automatic),95.35,4861.94,No,0.1741,No
CUST-10889,Male,0,No,No,52,Yes,No,DSL,No,Yes,Yes,No,No,Yes,Month-to-month,No,Credit card (automatic),75.18,3623.09,No,0.3171,No
CUST-13526,Male,0,Yes,No,41,Yes,Yes,No,No internet service,No internet service,No internet service,No internet service,No internet service,No internet service,Month-to-month,Yes,Electronic check,28.13,1190.32,Yes,0.5712,Yes
CUST-13936,Female,0,Yes,No,11,Yes,No,DSL,Yes,No,Yes,No,Yes,Yes,One year,No,Electronic check,78.21,847.36,Yes,0.3957,No
CUST-10177,Male,0,No,No,41,Yes,Yes,No,No internet service,No internet service,No internet service,No internet service,No internet service,No internet service,Month-to-month,Yes,Bank transfer (automatic),33.3,1353.27,No,0.4901,No
CUST-12910,Male,0,No,No,4,Yes,Yes,Fiber optic,No,Yes,Yes,No,No,No,Month-to-month,Yes,Credit card (automatic),76.14,312.54,Yes,0.9691,Yes
CUST-13274,Male,0,Yes,No,31,Yes,No,DSL,Yes,Yes,No,No,No,Yes,Month-to-month,Yes,Credit card (automatic),78.15,2538.96,No,0.4388,No
CUST-10080,Female,0,Yes,Yes,62,Yes,Yes,No,No internet service,No internet service,No internet service,No internet service,No internet service,No internet service,Month-to-month,Yes,Mailed check,46.55,2853.37,No,0.1863,No
CUST-14877,Male,1,No,No,25,Yes,No,Fiber optic,Yes,No,Yes,No,Yes,No,Month-to-month,Yes,Electronic check,100.94,2371.98,Yes,0.9525,Yes
CUST-12550,Female,0,Yes,No,16,Yes,Yes,Fiber optic,Yes,Yes,No,No,No,Yes,Month-to-month,No,Bank transfer (automatic),103.27,1550.47,Yes,0.7299,Yes
CUST-14220,Male,0,Yes,Yes,65,Yes,Yes,DSL,No,No,Yes,No,No,No,Two year,Yes,Mailed check,62.33,3750.9,No,0.0589,No
CUST-12617,Male,0,No,No,61,Yes,Yes,DSL,Yes,No,Yes,No,No,No,One year,Yes,Bank transfer (automatic),65.43,3698.04,No,0.0699,No
CUST-12900,Female,0,No,Yes,0,Yes,Yes,DSL,No,Yes,No,No,No,Yes,Two year,Yes,Bank transfer (automatic),71.5,0.0,No,0.5078,Yes
CUST-13235,Female,1,Yes,No,21,Yes,No,Fiber optic,No,No,No,No,No,Yes,Month-to-month,Yes,Electronic check,74.21,1541.43,Yes,0.9542,Yes
CUST-10221,Male,0,No,Yes,2,Yes,No,Fiber optic,Yes,No,Yes,No,Yes,No,Month-to-month,Yes,Electronic check,99.58,208.69,Yes,0.9706,Yes
CUST-10093,Male,0,No,No,14,Yes,Yes,No,No internet service,No internet service,No internet service,No internet service,No internet service,No internet service,One year,Yes,Bank transfer (automatic),36.09,516.55,No,0.3522,No
CUST-12627,Male,0,No,Yes,6,Yes,Yes,No,No internet service,No internet service,No internet service,No internet service,No internet service,No internet service,Two year,Yes,Bank transfer (automatic),45.92,256.61,Yes,0.3534,No
CUST-10927,Male,1,Yes,No,65,Yes,No,No,No internet service,No internet service,No internet service,No internet service,No internet service,No internet service,One year,Yes,Credit card (automatic),34.06,2114.2,No,0.0884,No
CUST-13965,Female,1,No,No,72,Yes,Yes,No,No internet service,No internet service,No internet service,No internet service,No internet service,No internet service,One year,Yes,Credit card (automatic),29.75,2080.03,Yes,0.0914,No
CUST-11558,Female,0,Yes,Yes,36,Yes,No,DSL,No,Yes,No,Yes,Yes,No,Month-to-month,No,Mailed check,67.57,2377.26,No,0.2443,No
CUST-13381,Female,0,No,No,68,Yes,Yes,No,No internet service,No internet service,No internet service,No internet service,No internet service,No internet service,One year,Yes,Credit card (automatic),42.03,2898.71,No,0.0548,No
CUST-12107,Male,0,No,No,50,Yes,Yes,DSL,Yes,No,No,Yes,No,No,Month-to-month,Yes,Credit card (automatic),60.99,2924.39,No,0.1828,No
CUST-11056,Male,0,No,No,52,Yes,No,Fiber optic,No,No,No,No,Yes,No,One year,Yes,Bank transfer (automatic),96.52,4853.54,Yes,0.2957,No
CUST-13053,Male,0,Yes,No,6,Yes,Yes,Fiber optic,Yes,No,No,Yes,No,Yes,Two year,Yes,Bank transfer (automatic),84.48,529.15,No,0.4879,No
CUST-13692,Male,0,No,No,34,Yes,No,Fiber optic,Yes,Yes,No,No,No,No,Month-to-month,Yes,Credit card (automatic),84.07,3001.14,Yes,0.7596,Yes
CUST-10812,Female,0,Yes,Yes,7,Yes,Yes,DSL,No,No,No,No,Yes,No,One year,No,Bank transfer (automatic),45.07,316.07,No,0.2965,No
CUST-13931,Male,0,Yes,Yes,70,Yes,Yes,Fiber optic,No,No,No,No,No,No,Month-to-month,Yes,Bank transfer (automatic),89.6,6430.33,Yes,0.3327,No
CUST-11873,Female,0,No,Yes,14,Yes,Yes,Fiber optic,No,No,No,No,No,No,One year,No,Bank transfer (automatic),86.22,1246.89,No,0.55,Yes
CUST-14575,Female,0,No,No,66,Yes,No,DSL,No,Yes,Yes,Yes,No,Yes,Month-to-month,Yes,Electronic check,81.37,5053.41,No,0.2789,No
CUST-12591,Male,0,Yes,No,72,Yes,No,Fiber optic,No,Yes,No,Yes,No,Yes,Month-to-month,No,Credit card (automatic),115.69,8657.43,No,0.1241,No
CUST-11864,Female,0,No,Yes,27,Yes,Yes,Fiber optic,No,No,No,Yes,No,No,One year,Yes,Electronic check,79.76,2081.87,No,0.5375,Yes
CUST-12940,Female,0,Yes,No,62,Yes,No,Fiber optic,No,No,No,Yes,No,Yes,Month-to-month,No,Credit card (automatic),68.78,4183.67,Yes,0.2467,No
CUST-13425,Female,0,Yes,No,71,Yes,No,DSL,Yes,No,No,Yes,No,No,Month-to-month,Yes,Credit card (automatic),76.11,5104.78,No,0.0545,No
CUST-12927,Male,0,No,No,13,Yes,No,Fiber optic,No,No,Yes,No,Yes,No,Month-to-month,Yes,Bank transfer (automatic),91.81,1104.9,Yes,0.9454,Yes
CUST-10599,Female,0,No,No,55,Yes,Yes,No,No internet service,No internet service,No internet service,No internet service,No internet service,No internet service,Two year,Yes,Electronic check,34.43,1915.17,No,0.1291,No
CUST-12004,Female,0,No,No,51,Yes,No,DSL,No,No,No,Yes,No,No,One year,Yes,Electronic check,62.55,2992.59,No,0.1167,No
CUST-14734,Female,0,No,No,22,Yes,Yes,Fiber optic,No,Yes,Yes,Yes,No,Yes,Month-to-month,Yes,Mailed check,101.18,2293.11,Yes,0.8788,Yes
CUST-10877,Female,1,No,No,28,No,No phone service,DSL,No,No,No,No,Yes,Yes,Month-to-month,No,Credit card (automatic),55.49,1609.44,No,0.6609,Yes
CUST-14144,Male,0,No,No,62,Yes,No,Fiber optic,No,No,No,No,Yes,Yes,Month-to-month,Yes,Mailed check,94.94,5955.59,No,0.5947,Yes
CUST-11650,Male,0,Yes,Yes,41,Yes,No,No,No internet service,No internet service,No internet service,No internet service,No internet service,No internet service,Month-to-month,Yes,Electronic check,18.05,737.87,No,0.5238,Yes
CUST-11412,Male,1,No,No,1,Yes,Yes,DSL,No,No,Yes,No,No,Yes,One year,Yes,Electronic check,77.49,81.15,No,0.8785,Yes
CUST-14860,Male,0,Yes,No,45,Yes,Yes,No,No internet service,No internet service,No internet service,No internet service,No internet service,No internet service,One year,Yes,Credit card (automatic),37.31,1757.67,No,0.117,No
CUST-11694,Male,0,No,No,22,Yes,Yes,No,No internet service,No internet service,No internet service,No internet service,No internet service,No internet service,Month-to-month,Yes,Electronic check,51.8,1151.0,Yes,0.7623,Yes
CUST-11782,Male,0,Yes,No,29,Yes,Yes,Fiber optic,Yes,Yes,No,Yes,Yes,Yes,Month-to-month,No,Bank transfer (automatic),99.57,2887.5299999999997,No,0.4982,No
CUST-12654,Female,0,Yes,No,61,Yes,No,DSL,Yes,Yes,No,No,No,No,Month-to-month,Yes,Electronic check,78.64,4496.3,No,0.226,No
CUST-11718,Male,1,No,No,20,Yes,Yes,No,No internet service,No internet service,No internet service,No internet service,No internet service,No internet service,Month-to-month,Yes,Electronic check,29.02,595.61,Yes,0.8657,Yes
CUST-12119,Female,0,No,Yes,55,Yes,Yes,DSL,Yes,Yes,Yes,No,Yes,Yes,Month-to-month,Yes,Electronic check,71.87,4048.69,No,0.3923,No
CUST-12845,Male,0,No,No,66,Yes,No,Fiber optic,No,Yes,Yes,No,Yes,Yes,One year,Yes,Bank transfer (automatic),106.9,6585.24,Yes,0.2178,No
CUST-14016,Male,0,No,No,65,Yes,No,Fiber optic,No,Yes,Yes,Yes,No,Yes,One year,Yes,Credit card (automatic),99.17,6374.55,No,0.1364,No
CUST-10219,Female,0,Yes,Yes,30,No,No phone service,Fiber optic,No,No,Yes,No,No,No,Two year,No,Bank transfer (automatic),74.31,2072.81,No,0.3033,No
CUST-11684,Male,1,No,No,66,Yes,Yes,Fiber optic,No,Yes,Yes,Yes,Yes,Yes,Month-to-month,Yes,Bank transfer (automatic),110.89,6807.53,No,0.549,Yes
CUST-13910,Male,0,Yes,Yes,32,No,No phone service,Fiber optic,Yes,No,No,No,No,Yes,Two year,No,Electronic check,97.02,2935.79,No,0.2374,No
CUST-10724,Female,0,Yes,No,13,Yes,Yes,DSL,No,No,Yes,No,Yes,No,One year,No,Credit card (automatic),67.18,892.83,No,0.3234,No
CUST-12794,Male,0,Yes,No,44,Yes,Yes,No,No internet service,No internet service,No internet service,No internet service,No internet service,No internet service,Month-to-month,Yes,Mailed check,39.91,1662.57,No,0.4211,No
CUST-12481,Female,0,Yes,No,55,Yes,Yes,Fiber optic,No,No,Yes,Yes,Yes,No,Two year,No,Credit card (automatic),109.19,6100.63,No,0.0785,No
CUST-14525,Male,0,No,Yes,41,Yes,No,DSL,No,No,Yes,No,Yes,Yes,Month-to-month,Yes,Mailed check,50.0,1941.11,No,0.6292,Yes
CUST-10043,Male,0,No,No,36,Yes,Yes,Fiber optic,No,No,Yes,No,No,No,Two year,Yes,Mailed check,93.59,3427.6,Yes,0.5672,Yes
CUST-11038,Male,0,Yes,Yes,61,Yes,Yes,Fiber optic,No,No,Yes,No,No,No,Month-to-month,Yes,Bank transfer (automatic),67.63,3987.79,No,0.5509,Yes
CUST-10210,Male,1,Yes,No,37,No,No phone service,No,No internet service,No internet service,No internet service,No internet service,No internet service,No internet service,Month-to-month,Yes,Bank transfer (automatic),31.94,1088.86,No,0.5622,Yes
CUST-12323,Female,0,Yes,No,7,Yes,Yes,No,No internet service,No internet service,No internet service,No internet service,No internet service,No internet service,One year,No,Mailed check,28.52,199.41,No,0.2897,No
CUST-10354,Female,0,Yes,No,13,Yes,No,Fiber optic,Yes,Yes,No,Yes,Yes,Yes,Month-to-month,Yes,Electronic check,113.4,1456.34,Yes,0.8514,Yes
CUST-14848,Male,0,No,Yes,12,No,No phone service,No,No internet service,No internet service,No internet service,No internet service,No internet service,No internet service,Month-to-month,Yes,Bank transfer (automatic),26.84,332.14,No,0.6865,Yes
CUST-11084,Male,1,No,No,48,Yes,No,Fiber optic,No,No,Yes,No,No,Yes,Month-to-month,No,Electronic check,88.97,4084.5,Yes,0.8727,Yes
CUST-14429,Female,1,No,Yes,9,Yes,No,No,No internet service,No internet service,No internet service,No internet service,No internet service,No internet service,Two year,Yes,Mailed check,29.89,271.98,No,0.4983,No
CUST-12765,Female,0,Yes,Yes,28,Yes,Yes,DSL,No,Yes,No,No,Yes,Yes,Month-to-month,Yes,Mailed check,67.89,1932.35,No,0.5982,Yes
CUST-10367,Male,0,Yes,No,65,Yes,Yes,No,No internet service,No internet service,No internet service,No internet service,No internet service,No internet service,One year,No,Mailed check,22.51,1359.28,No,0.0404,No
CUST-13824,Female,0,Yes,Yes,2,No,No phone service,DSL,Yes,No,No,Yes,No,No,Month-to-month,Yes,Credit card (automatic),55.49,114.04,No,0.5171,Yes
CUST-13740,Male,0,No,No,21,Yes,Yes,No,No internet service,No internet service,No internet service,No internet service,No internet service,No internet service,Month-to-month,No,Bank transfer (automatic),27.1,547.13,Yes,0.5288,Yes
CUST-13858,Male,0,Yes,No,49,Yes,Yes,DSL,No,No,Yes,Yes,No,No,One year,No,Electronic check,52.4,2689.99,No,0.0897,No
CUST-10135,Male,0,Yes,No,36,Yes,Yes,No,No internet service,No internet service,No internet service,No internet service,No internet service,No internet service,Two year,Yes,Electronic check,33.22,1204.05,No,0.2166,No
CUST-10805,Female,0,Yes,Yes,70,No,No phone service,Fiber optic,No,No,Yes,No,No,No,Month-to-month,No,Bank transfer (automatic),97.96,6853.11,No,0.232,No
CUST-10047,Female,0,Yes,Yes,31,Yes,Yes,DSL,No,No,No,No,Yes,No,Month-to-month,Yes,Electronic check,61.99,2009.95,No,0.6657,Yes
CUST-10787,Female,0,No,No,15,Yes,Yes,Fiber optic,No,No,Yes,Yes,Yes,No,Month-to-month,No,Mailed check,93.14,1333.89,Yes,0.8544,Yes
CUST-12519,Female,0,No,No,16,Yes,No,Fiber optic,No,Yes,Yes,Yes,Yes,No,Month-to-month,No,Credit card (automatic),107.09,1685.02,Yes,0.8265,Yes
CUST-12034,Female,0,No,No,2,Yes,Yes,No,No internet service,No internet service,No internet service,No internet service,No internet service,No internet service,Two year,Yes,Credit card (automatic),50.34,99.27,Yes,0.4383,No
CUST-14977,Male,0,No,No,41,Yes,Yes,DSL,No,No,Yes,No,No,No,One year,No,Electronic check,59.08,2379.98,Yes,0.2699,No
CUST-12002,Male,0,No,No,10,Yes,No,Fiber optic,Yes,No,No,Yes,No,Yes,Month-to-month,No,Mailed check,98.17,977.95,Yes,0.7969,Yes
CUST-11614,Male,0,Yes,No,15,Yes,No,No,No internet service,No internet service,No internet service,No internet service,No internet service,No internet service,Month-to-month,Yes,Credit card (automatic),37.39,577.42,No,0.6383,Yes
CUST-10061,Female,0,Yes,No,49,Yes,No,DSL,Yes,No,Yes,No,Yes,Yes,Month-to-month,Yes,Credit card (automatic),74.3,3481.63,Yes,0.2923,No
CUST-13256,Male,0,No,Yes,46,Yes,No,DSL,No,Yes,No,No,Yes,No,One year,Yes,Mailed check,56.81,2683.94,No,0.178,No
CUST-11697,Male,1,Yes,No,8,Yes,No,Fiber optic,Yes,No,No,No,Yes,No,One year,No,Bank transfer (automatic),83.22,659.96,No,0.6722,Yes
CUST-10095,Male,1,No,No,56,Yes,Yes,DSL,No,No,Yes,No,Yes,Yes,Month-to-month,No,Credit card (automatic),76.39,4414.65,Yes,0.43,No
CUST-10478,Female,0,No,Yes,14,Yes,No,Fiber optic,Yes,Yes,Yes,Yes,No,Yes,One year,Yes,Mailed check,109.77,1558.93,No,0.5198,Yes
CUST-14292,Male,0,No,No,16,Yes,Yes,DSL,No,No,No,No,No,Yes,One year,No,Electronic check,66.63,1064.3,No,0.4235,No
CUST-13917,Female,0,No,No,51,Yes,No,Fiber optic,No,No,No,Yes,Yes,Yes,Month-to-month,No,Bank transfer (automatic),86.19,4611.94,No,0.4061,No
CUST-11995,Male,0,Yes,No,46,Yes,Yes,DSL,No,Yes,Yes,No,Yes,Yes,Two year,Yes,Electronic check,67.04,3151.82,No,0.2499,No
CUST-14225,Male,0,Yes,No,35,Yes,Yes,Fiber optic,Yes,Yes,Yes,Yes,No,Yes,One year,Yes,Mailed check,108.37,3517.63,No,0.2774,No
CUST-14641,Male,0,No,Yes,67,Yes,No,Fiber optic,Yes,No,No,No,Yes,Yes,Month-to-month,Yes,Bank transfer (automatic),102.47,7122.39,No,0.3049,No
CUST-12633,Female,0,No,No,52,Yes,No,Fiber optic,No,No,Yes,No,No,Yes,Month-to-month,Yes,Credit card (automatic),79.21,3861.91,Yes,0.7245,Yes
CUST-10322,Female,0,Yes,Yes,37,Yes,No,No,No internet service,No internet service,No internet service,No internet service,No internet service,No internet service,Two year,Yes,Bank transfer (automatic),35.91,1294.43,No,0.0991,No
CUST-11128,Female,0,Yes,No,14,Yes,Yes,DSL,No,Yes,Yes,No,No,No,Month-to-month,No,Credit card (automatic),75.17,978.7,Yes,0.6506,Yes
CUST-12231,Male,1,Yes,Yes,23,Yes,Yes,DSL,No,Yes,Yes,Yes,No,Yes,One year,Yes,Credit card (automatic),75.63,1647.85,No,0.2835,No
CUST-12859,Male,0,No,Yes,26,Yes,No,No,No internet service,No internet service,No internet service,No internet service,No internet service,No internet service,Two year,No,Electronic check,40.88,1087.48,No,0.196,No
CUST-11507,Male,0,No,No,14,Yes,Yes,No,No internet service,No internet service,No internet service,No internet service,No internet service,No internet service,Two year,Yes,Mailed check,34.95,512.9,No,0.3434,No
CUST-11425,Female,0,Yes,No,14,Yes,Yes,DSL,Yes,No,Yes,No,Yes,No,Month-to-month,No,Bank transfer (automatic),54.73,721.59,No,0.5498,Yes
CUST-11743,Male,0,Yes,Yes,16,Yes,Yes,DSL,No,Yes,No,Yes,Yes,No,Month-to-month,No,Mailed check,59.0,898.89,No,0.4299,No
CUST-14533,Female,0,Yes,No,27,No,No phone service,DSL,No,Yes,Yes,No,No,No,Month-to-month,Yes,Bank transfer (automatic),79.75,2164.91,No,0.6311,Yes
CUST-13484,Male,0,No,Yes,3,Yes,No,Fiber optic,No,Yes,No,Yes,Yes,Yes,Month-to-month,Yes,Mailed check,110.18,338.44,Yes,0.9342,Yes
CUST-10291,Male,0,No,Yes,13,Yes,Yes,Fiber optic,Yes,Yes,No,No,No,No,Month-to-month,No,Electronic check,97.14,1212.05,Yes,0.8621,Yes
CUST-11870,Male,0,No,No,70,Yes,Yes,Fiber optic,No,No,Yes,No,Yes,Yes,Month-to-month,No,Credit card (automatic),94.08,6397.7,No,0.4084,No
CUST-10911,Male,0,No,Yes,16,Yes,No,Fiber optic,Yes,No,No,No,No,Yes,Month-to-month,Yes,Mailed check,96.23,1526.65,Yes,0.8614,Yes
CUST-10533,Male,0,Yes,Yes,28,Yes,No,No,No internet service,No internet service,No internet service,No internet service,No internet service,No internet service,Month-to-month,Yes,Electronic check,27.69,737.31,Yes,0.6249,Yes
CUST-14786,Female,0,No,No,26,Yes,Yes,DSL,Yes,No,Yes,Yes,Yes,Yes,Two year,No,Mailed check,88.18,2198.57,No,0.1019,No
CUST-11096,Female,1,No,No,15,No,No phone service,Fiber optic,No,No,No,Yes,No,No,Month-to-month,Yes,Electronic check,77.85,1224.35,Yes,0.9458,Yes
CUST-11666,Female,0,No,No,18,Yes,Yes,DSL,No,No,Yes,No,No,Yes,Month-to-month,No,Electronic check,66.47,1148.78,No,0.7972,Yes
CUST-13609,Female,0,Yes,No,71,Yes,Yes,DSL,No,Yes,No,Yes,No,No,Two year,Yes,Electronic check,58.09,4271.55,No,0.0362,No
CUST-12288,Female,0,Yes,No,8,Yes,No,DSL,Yes,Yes,No,Yes,No,No,Two year,No,Credit card (automatic),59.27,490.07,No,0.1128,No
CUST-12168,Female,1,No,Yes,16,No,No phone service,Fiber optic,Yes,No,No,No,No,No,Two year,No,Credit card (automatic),74.09,1175.81,No,0.4477,No
CUST-13940,Female,0,Yes,Yes,32,Yes,No,Fiber optic,No,Yes,Yes,No,No,No,Month-to-month,Yes,Credit card (automatic),72.88,2221.82,Yes,0.8179,Yes
CUST-14545,Female,1,No,No,37,Yes,Yes,Fiber optic,No,No,Yes,Yes,No,No,Month-to-month,Yes,Credit card (automatic),84.82,2889.66,Yes,0.8469,Yes
CUST-13785,Female,0,Yes,No,33,Yes,Yes,Fiber optic,No,Yes,Yes,No,No,No,Month-to-month,No,Mailed check,84.26,2652.47,Yes,0.7841,Yes
CUST-11406,Male,0,Yes,No,71,Yes,Yes,DSL,No,No,No,Yes,No,No,Month-to-month,Yes,Electronic check,61.33,4491.05,No,0.1754,No
CUST-12495,Male,0,Yes,No,25,Yes,No,Fiber optic,No,No,Yes,No,No,Yes,Month-to-month,Yes,Credit card (automatic),94.37,2268.35,Yes,0.8841,Yes
CUST-12764,Male,0,Yes,Yes,17,Yes,No,Fiber optic,No,No,No,Yes,No,No,Two year,No,Credit card (automatic),89.35,1521.8,No,0.2613,No
CUST-13989,Male,1,No,No,70,Yes,Yes,No,No internet service,No internet service,No internet service,No internet service,No internet service,No internet service,One year,Yes,Electronic check,44.97,2987.69,No,0.1506,No
CUST-12389,Female,1,No,No,35,Yes,No,No,No internet service,No internet service,No internet service,No internet service,No internet service,No internet service,Month-to-month,Yes,Credit card (automatic),32.48,1100.5,No,0.6677,Yes
CUST-13063,Male,0,Yes,No,55,Yes,Yes,Fiber optic,Yes,No,No,No,No,No,Month-to-month,No,Electronic check,90.99,4631.82,No,0.4343,No
CUST-14596,Female,0,Yes,No,29,Yes,Yes,DSL,Yes,No,No,No,No,No,Two year,Yes,Bank transfer (automatic),60.88,1784.78,No,0.1287,No
CUST-13043,Female,0,No,No,33,Yes,No,Fiber optic,No,Yes,No,No,Yes,No,Month-to-month,Yes,Credit card (automatic),90.35,2793.52,Yes,0.8402,Yes
CUST-13665,Male,0,No,Yes,53,Yes,Yes,No,No internet service,No internet service,No internet service,No internet service,No internet service,No internet service,Month-to-month,Yes,Mailed check,40.11,2018.88,No,0.3214,No
CUST-14881,Female,0,Yes,No,72,No,No phone service,Fiber optic,No,Yes,No,No,Yes,Yes,Two year,Yes,Credit card (automatic),93.85,6311.78,No,0.0807,No
CUST-14539,Female,1,No,No,0,Yes,Yes,No,No internet service,No internet service,No internet service,No internet service,No internet service,No internet service,Month-to-month,Yes,Electronic check,30.88,0.0,Yes,0.9376,Yes
CUST-14935,Female,0,No,No,0,Yes,Yes,No,No internet service,No internet service,No internet service,No internet service,No internet service,No internet service,Month-to-month,Yes,Credit card (automatic),24.38,0.0,Yes,0.821,Yes
CUST-10633,Male,0,No,No,45,No,No phone service,DSL,No,No,Yes,No,No,No,Month-to-month,Yes,Bank transfer (automatic),64.99,2769.57,Yes,0.5305,Yes
CUST-12948,Female,0,Yes,No,15,Yes,Yes,Fiber optic,No,Yes,Yes,Yes,Yes,No,Month-to-month,Yes,Bank transfer (automatic),88.91,1287.66,Yes,0.8674,Yes
CUST-14529,Female,1,No,No,31,Yes,No,DSL,No,No,Yes,No,No,No,Two year,Yes,Credit card (automatic),59.38,1861.4,No,0.421,No
CUST-13164,Male,0,Yes,Yes,13,Yes,No,Fiber optic,Yes,No,No,No,Yes,No,Month-to-month,Yes,Bank transfer (automatic),91.88,1172.59,Yes,0.8267,Yes
CUST-13684,Female,0,Yes,Yes,16,Yes,Yes,Fiber optic,No,No,No,No,Yes,No,Month-to-month,Yes,Credit card (automatic),73.11,1194.84,Yes,0.8741,Yes
CUST-13318,Male,0,Yes,Yes,9,Yes,Yes,Fiber optic,No,No,No,No,No,No,Month-to-month,No,Electronic check,80.03,727.53,Yes,0.9201,Yes
CUST-14917,Male,1,Yes,No,2,Yes,No,Fiber optic,No,No,No,No,No,No,One year,No,Mailed check,79.25,157.6,Yes,0.8312,Yes
CUST-12254,Male,1,No,No,64,Yes,Yes,DSL,No,No,Yes,No,Yes,Yes,One year,Yes,Credit card (automatic),77.52,4671.81,No,0.1627,No
CUST-11204,Female,0,Yes,Yes,39,No,No phone service,DSL,No,No,Yes,Yes,No,No,One year,Yes,Mailed check,56.9,2268.33,Yes,0.1096,No
CUST-13270,Male,0,Yes,No,50,Yes,Yes,DSL,No,Yes,Yes,Yes,Yes,No,Month-to-month,No,Mailed check,60.38,3026.43,No,0.2255,No
CUST-12619,Female,0,Yes,No,42,Yes,No,No,No internet service,No internet service,No internet service,No internet service,No internet service,No internet service,One year,Yes,Electronic check,50.68,2156.69,Yes,0.1909,No
CUST-12856,Female,0,No,Yes,18,Yes,No,DSL,Yes,No,No,No,Yes,Yes,Two year,No,Mailed check,80.44,1483.74,No,0.1477,No
CUST-13347,Male,0,Yes,Yes,22,No,No phone service,DSL,Yes,Yes,Yes,Yes,No,No,Month-to-month,No,Mailed check,79.0,1818.93,No,0.2802,No
CUST-11962,Male,0,Yes,No,21,Yes,Yes,No,No internet service,No internet service,No internet service,No internet service,No internet service,No internet service,Month-to-month,Yes,Bank transfer (automatic),37.7,786.25,No,0.5868,Yes
CUST-14336,Female,0,No,No,48,Yes,Yes,DSL,Yes,No,No,No,Yes,No,One year,Yes,Electronic check,62.44,3098.2,No,0.1737,No
CUST-11532,Female,0,Yes,Yes,56,Yes,No,Fiber optic,No,Yes,No,No,Yes,No,Month-to-month,Yes,Mailed check,93.75,4920.42,No,0.5243,Yes
CUST-13296,Male,0,Yes,Yes,70,Yes,Yes,No,No internet service,No internet service,No internet service,No internet service,No internet service,No internet service,Two year,Yes,Mailed check,24.79,1783.4,No,0.0368,No
CUST-10070,Female,0,No,No,11,Yes,No,No,No internet service,No internet service,No internet service,No internet service,No internet service,No internet service,Two year,Yes,Mailed check,47.49,499.4,No,0.3871,No
CUST-11770,Male,1,Yes,No,36,No,No phone service,No,No internet service,No internet service,No internet service,No internet service,No internet service,No internet service,Month-to-month,Yes,Credit card (automatic),41.17,1370.68,No,0.5591,Yes
CUST-11144,Male,0,Yes,Yes,17,Yes,Yes,DSL,No,Yes,No,No,No,Yes,Two year,Yes,Electronic check,79.56,1393.16,No,0.3731,No
CUST-14339,Female,1,Yes,No,3,Yes,Yes,DSL,Yes,Yes,No,No,No,No,One year,No,Credit card (automatic),70.16,203.35,No,0.3834,No
CUST-13258,Female,0,No,No,42,Yes,No,Fiber optic,No,Yes,No,Yes,No,Yes,Month-to-month,Yes,Mailed check,111.18,4440.38,No,0.6597,Yes
CUST-13176,Female,0,No,No,20,Yes,Yes,No,No internet service,No internet service,No internet service,No internet service,No internet service,No internet service,Two year,Yes,Mailed check,26.33,506.9,No,0.2833,No
CUST-14720,Female,0,No,No,22,Yes,No,No,No internet service,No internet service,No internet service,No internet service,No internet service,No internet service,Month-to-month,Yes,Bank transfer (automatic),48.7,1042.67,No,0.626,Yes
CUST-12297,Male,0,Yes,Yes,10,Yes,No,Fiber optic,No,Yes,No,No,Yes,No,Two year,Yes,Mailed check,102.75,982.42,No,0.6908,Yes
CUST-14406,Male,0,No,No,40,Yes,Yes,DSL,No,No,No,Yes,No,No,Month-to-month,Yes,Electronic check,60.55,2279.43,No,0.5427,Yes
CUST-12331,Female,0,Yes,No,36,Yes,No,No,No internet service,No internet service,No internet service,No internet service,No internet service,No internet service,Two year,Yes,Mailed check,43.73,1452.51,No,0.1386,No
CUST-11200,Female,1,Yes,No,3,Yes,Yes,DSL,No,No,Yes,No,Yes,No,Month-to-month,Yes,Bank transfer (automatic),67.85,197.68,Yes,0.9221,Yes
CUST-11405,Male,0,Yes,No,22,Yes,No,No,No internet service,No internet service,No internet service,No internet service,No internet service,No internet service,Month-to-month,No,Credit card (automatic),18.0,407.6,No,0.4498,No
CUST-11444,Male,0,No,Yes,52,Yes,No,Fiber optic,No,Yes,No,No,Yes,Yes,Month-to-month,Yes,Credit card (automatic),103.16,4955.17,Yes,0.598,Yes
CUST-12154,Female,0,No,Yes,69,Yes,Yes,No,No internet service,No internet service,No internet service,No internet service,No internet service,No internet service,Month-to-month,No,Electronic check,47.29,3199.43,No,0.1708,No
CUST-12694,Female,1,Yes,No,0,Yes,No,DSL,No,Yes,Yes,Yes,No,No,Month-to-month,No,Credit card (automatic),69.02,0.0,Yes,0.8026,Yes
CUST-10893,Female,0,No,Yes,24,Yes,No,Fiber optic,No,Yes,No,Yes,No,No,One year,No,Credit card (automatic),87.36,2180.3,No,0.2944,No
CUST-13774,Male,0,Yes,Yes,50,Yes,No,Fiber optic,No,Yes,No,Yes,No,Yes,Month-to-month,No,Credit card (automatic),105.66,5005.82,No,0.266,No
CUST-14238,Female,0,Yes,No,70,Yes,No,No,No internet service,No internet service,No internet service,No internet service,No internet service,No internet service,Two year,Yes,Credit card (automatic),23.57,1629.71,No,0.0371,No
CUST-14239,Male,0,No,No,51,Yes,No,Fiber optic,No,No,Yes,No,Yes,No,One year,Yes,Bank transfer (automatic),99.1,4998.81,No,0.3715,No
CUST-12073,Male,0,No,Yes,22,Yes,Yes,Fiber optic,No,Yes,No,No,Yes,Yes,Month-to-month,Yes,Credit card (automatic),89.8,1871.8,Yes,0.8771,Yes
CUST-12242,Male,0,No,No,38,Yes,No,Fiber optic,No,Yes,Yes,No,Yes,Yes,Two year,Yes,Bank transfer (automatic),88.65,3461.83,Yes,0.532,Yes
CUST-11041,Female,0,Yes,No,64,Yes,Yes,DSL,Yes,No,No,No,Yes,No,Month-to-month,Yes,Bank transfer (automatic),61.58,3808.71,No,0.1508,No
CUST-12177,Male,0,No,No,6,Yes,Yes,Fiber optic,No,No,Yes,No,Yes,No,One year,Yes,Electronic check,95.5,599.06,Yes,0.9259,Yes
CUST-10746,Female,0,Yes,No,45,Yes,Yes,No,No internet service,No internet service,No internet service,No internet service,No internet service,No internet service,One year,Yes,Electronic check,28.58,1341.68,No,0.1934,No
CUST-10734,Male,0,No,No,0,Yes,Yes,No,No internet service,No internet service,No internet service,No internet service,No internet service,No internet service,Month-to-month,Yes,Credit card (automatic),35.68,0.0,No,0.8306,Yes
CUST-11905,Male,0,No,No,46,Yes,No,No,No internet service,No internet service,No internet service,No internet service,No internet service,No internet service,Month-to-month,No,Electronic check,41.09,1980.28,No,0.4443,No
CUST-14064,Female,0,Yes,No,12,Yes,Yes,Fiber optic,Yes,No,Yes,Yes,Yes,Yes,One year,No,Credit card (automatic),110.7,1223.11,No,0.3911,No
CUST-11935,Male,0,No,No,6,Yes,Yes,No,No internet service,No internet service,No internet service,No internet service,No internet service,No internet service,Month-to-month,Yes,Bank transfer (automatic),48.46,301.01,Yes,0.8024,Yes
CUST-12244,Female,0,No,No,15,Yes,Yes,Fiber optic,No,Yes,No,No,Yes,No,Month-to-month,Yes,Credit card (automatic),77.1,1151.85,No,0.9232,Yes
CUST-11593,Male,0,Yes,No,19,Yes,Yes,DSL,No,No,Yes,No,No,No,One year,Yes,Mailed check,54.76,1077.55,No,0.427,No
CUST-13625,Female,0,Yes,No,57,Yes,Yes,Fiber optic,No,Yes,No,No,No,No,One year,Yes,Electronic check,78.37,4227.98,No,0.3178,No
CUST-11703,Male,0,Yes,No,56,Yes,Yes,DSL,No,Yes,No,No,Yes,Yes,Two year,No,Mailed check,71.58,4197.4,No,0.0488,No
CUST-11471,Female,0,Yes,Yes,50,Yes,No,No,No internet service,No internet service,No internet service,No internet service,No internet service,No internet service,Two year,Yes,Bank transfer (automatic),36.08,1699.95,No,0.0548,No
CUST-12722,Male,0,No,No,18,Yes,No,No,No internet service,No internet service,No internet service,No internet service,No internet service,No internet service,Month-to-month,No,Bank transfer (automatic),35.56,633.39,No,0.5516,Yes
CUST-13620,Female,0,No,Yes,72,Yes,No,DSL,No,Yes,Yes,No,No,Yes,Month-to-month,No,Electronic check,73.62,5367.93,No,0.2149,No
CUST-11541,Male,0,Yes,No,5,Yes,No,Fiber optic,No,Yes,Yes,No,No,No,Month-to-month,No,Credit card (automatic),77.86,360.6,Yes,0.9236,Yes
CUST-10233,Female,0,Yes,No,67,Yes,Yes,DSL,Yes,Yes,No,No,No,Yes,One year,No,Mailed check,87.32,5851.31,No,0.0177,No
CUST-14580,Male,0,No,No,5,Yes,Yes,Fiber optic,No,No,No,No,Yes,Yes,One year,Yes,Bank transfer (automatic),79.97,386.22,Yes,0.8344,Yes
CUST-12409,Male,0,No,No,7,Yes,No,Fiber optic,Yes,No,No,No,No,No,Two year,No,Credit card (automatic),79.34,562.73,No,0.5487,Yes
CUST-10415,Female,0,No,No,16,Yes,No,Fiber optic,No,No,No,No,Yes,No,Month-to-month,Yes,Electronic check,86.6,1302.96,Yes,0.9509,Yes
CUST-11370,Female,0,No,No,33,Yes,No,No,No internet service,No internet service,No internet service,No internet service,No internet service,No internet service,Two year,No,Electronic check,21.87,732.94,No,0.1918,No
CUST-10655,Female,0,No,No,32,Yes,No,No,No internet service,No internet service,No internet service,No internet service,No internet service,No internet service,Month-to-month,No,Electronic check,37.16,1094.09,No,0.564,Yes
CUST-11598,Female,0,No,No,6,Yes,No,No,No internet service,No internet service,No internet service,No internet service,No internet service,No internet service,Two year,Yes,Electronic check,37.96,231.26,No,0.5439,Yes
CUST-14035,Male,0,Yes,Yes,11,Yes,No,DSL,Yes,Yes,No,No,Yes,No,Month-to-month,Yes,Electronic check,64.48,662.47,Yes,0.7524,Yes
CUST-10017,Male,0,No,No,57,Yes,No,Fiber optic,No,No,Yes,Yes,No,No,Month-to-month,No,Credit card (automatic),84.02,4765.73,No,0.4026,No
CUST-11220,Female,0,No,No,38,Yes,No,Fiber optic,No,No,No,No,Yes,Yes,One year,Yes,Credit card (automatic),89.97,3475.16,Yes,0.4884,No
CUST-11726,Female,0,No,Yes,30,Yes,Yes,DSL,No,No,No,Yes,Yes,Yes,Month-to-month,Yes,Bank transfer (automatic),69.25,2120.86,No,0.4546,No
CUST-12367,Male,0,No,Yes,37,Yes,Yes,DSL,No,No,Yes,No,Yes,Yes,Month-to-month,No,Credit card (automatic),69.13,2510.28,No,0.4799,No
CUST-10596,Female,0,Yes,Yes,67,No,No phone service,Fiber optic,No,Yes,Yes,No,No,No,Month-to-month,No,Credit card (automatic),98.65,6188.87,No,0.2578,No
CUST-13951,Male,0,No,No,62,Yes,No,Fiber optic,No,No,No,No,Yes,Yes,Month-to-month,No,Bank transfer (automatic),80.33,5115.29,No,0.4524,No
CUST-12492,Female,0,Yes,Yes,13,Yes,No,Fiber optic,Yes,No,No,No,No,No,Month-to-month,No,Credit card (automatic),81.58,1007.45,No,0.708,Yes
CUST-10964,Female,0,No,No,67,Yes,Yes,DSL,Yes,Yes,No,No,No,No,Month-to-month,No,Credit card (automatic),44.05,2929.46,No,0.1185,No
CUST-12172,Female,0,No,No,11,No,No phone service,No,No internet service,No internet service,No internet service,No internet service,No internet service,No internet service,Month-to-month,Yes,Mailed check,29.92,311.66,No,0.7574,Yes
CUST-11433,Female,0,No,No,48,Yes,Yes,Fiber optic,Yes,Yes,Yes,Yes,Yes,No,Two year,Yes,Bank transfer (automatic),107.52,4763.87,No,0.16,No
CUST-12346,Male,0,No,Yes,60,Yes,Yes,Fiber optic,No,No,Yes,No,No,No,Two year,Yes,Credit card (automatic),81.54,4690.82,No,0.2113,No
CUST-10371,Female,0,Yes,Yes,32,Yes,No,Fiber optic,No,No,No,No,Yes,No,Two year,No,Electronic check,102.6,3435.79,No,0.3837,No
CUST-11361,Male,0,Yes,No,29,Yes,Yes,Fiber optic,No,Yes,No,No,Yes,No,One year,Yes,Mailed check,91.54,2455.97,No,0.5623,Yes
CUST-10598,Female,0,Yes,No,9,Yes,No,No,No internet service,No internet service,No internet service,No internet service,No internet service,No internet service,Month-to-month,Yes,Credit card (automatic),38.33,343.84,Yes,0.7122,Yes
CUST-10238,Male,0,Yes,No,4,Yes,No,No,No internet service,No internet service,No internet service,No internet service,No internet service,No internet service,Two year,No,Electronic check,37.54,152.61,No,0.3721,No
CUST-14277,Female,0,Yes,No,27,Yes,Yes,Fiber optic,No,No,No,Yes,Yes,Yes,Two year,Yes,Bank transfer (automatic),89.66,2401.86,Yes,0.3477,No
CUST-13838,Female,0,No,No,19,Yes,Yes,Fiber optic,Yes,No,No,Yes,Yes,No,Month-to-month,Yes,Mailed check,107.95,1963.51,Yes,0.7815,Yes
CUST-11590,Female,0,No,No,59,Yes,No,No,No internet service,No internet service,No internet service,No internet service,No internet service,No internet service,One year,No,Electronic check,28.16,1590.71,No,0.0872,No
CUST-11808,Male,1,Yes,No,61,Yes,No,Fiber optic,No,Yes,No,Yes,No,Yes,Two year,Yes,Electronic check,93.13,5686.37,Yes,0.2257,No
CUST-13639,Female,0,Yes,No,22,Yes,Yes,Fiber optic,Yes,No,Yes,No,No,No,Two year,No,Mailed check,90.96,1952.62,Yes,0.3699,No
CUST-14913,Female,0,No,Yes,5,Yes,Yes,Fiber optic,No,Yes,No,Yes,No,No,One year,Yes,Credit card (automatic),77.85,378.6,No,0.6586,Yes
CUST-13888,Male,1,Yes,No,35,Yes,No,Fiber optic,No,No,Yes,No,Yes,Yes,One year,Yes,Electronic check,72.04,2572.86,Yes,0.8028,Yes
CUST-14461,Male,0,Yes,No,45,Yes,Yes,Fiber optic,No,No,No,Yes,Yes,Yes,Month-to-month,No,Mailed check,88.31,4023.63,Yes,0.4897,No
CUST-14673,Female,0,No,Yes,68,No,No phone service,DSL,No,Yes,Yes,Yes,No,Yes,Month-to-month,Yes,Credit card (automatic),71.08,4630.39,No,0.1303,No
CUST-13317,Male,0,No,No,8,Yes,No,DSL,No,No,No,No,No,No,One year,Yes,Credit card (automatic),56.88,427.19,Yes,0.5179,Yes
CUST-14019,Female,0,No,No,47,Yes,No,Fiber optic,No,Yes,No,No,No,Yes,One year,No,Electronic check,97.27,4446.47,No,0.3729,No
CUST-10721,Female,0,No,No,64,Yes,No,DSL,No,No,No,No,Yes,No,One year,No,Electronic check,56.61,3410.35,No,0.0857,No
CUST-10838,Male,0,Yes,No,0,Yes,Yes,DSL,No,No,No,No,No,No,Two year,No,Mailed check,49.75,0.0,No,0.3945,No
CUST-11545,Female,0,Yes,Yes,10,Yes,Yes,No,No internet service,No internet service,No internet service,No internet service,No internet service,No internet service,One year,No,Bank transfer (automatic),44.65,452.8,No,0.2005,No
CUST-11170,Female,0,Yes,No,56,Yes,No,DSL,No,Yes,No,No,No,Yes,One year,Yes,Credit card (automatic),57.44,3020.15,No,0.0806,No
CUST-14266,Male,0,No,Yes,18,Yes,Yes,Fiber optic,Yes,No,No,No,No,No,One year,Yes,Credit card (automatic),73.21,1272.86,Yes,0.5111,Yes
CUST-10828,Female,0,No,Yes,5,Yes,Yes,No,No internet service,No internet service,No internet service,No internet service,No internet service,No internet service,Month-to-month,No,Electronic check,41.95,203.62,Yes,0.7657,Yes
CUST-13277,Male,0,Yes,No,3,Yes,No,No,No internet service,No internet service,No internet service,No internet service,No internet service,No internet service,Month-to-month,Yes,Credit card (automatic),42.8,127.16,No,0.7655,Yes
CUST-11744,Male,0,Yes,No,28,Yes,Yes,No,No internet service,No internet service,No internet service,No internet service,No internet service,No internet service,Month-to-month,No,Credit card (automatic),47.71,1259.55,No,0.391,No
CUST-14999,Male,0,Yes,Yes,10,Yes,Yes,No,No internet service,No internet service,No internet service,No internet service,No internet service,No internet service,Month-to-month,Yes,Mailed check,39.6,375.21,Yes,0.7017,Yes
CUST-11209,Female,0,Yes,Yes,15,Yes,Yes,Fiber optic,No,No,No,Yes,No,No,Month-to-month,No,Mailed check,83.46,1199.8,Yes,0.7097,Yes
CUST-13450,Male,0,Yes,No,35,Yes,No,No,No internet service,No internet service,No internet service,No internet service,No internet service,No internet service,One year,No,Bank transfer (automatic),33.24,1130.87,No,0.1019,No
CUST-10621,Male,0,No,No,62,Yes,No,Fiber optic,No,Yes,No,Yes,No,Yes,Month-to-month,No,Bank transfer (automatic),101.9,6240.04,Yes,0.262,No
CUST-12314,Male,0,No,Yes,16,Yes,Yes,DSL,No,No,Yes,No,No,No,Two year,No,Bank transfer (automatic),55.19,904.6,No,0.2653,No
CUST-13653,Female,0,No,No,66,Yes,No,DSL,Yes,No,No,No,No,Yes,Month-to-month,Yes,Bank transfer (automatic),80.2,5114.75,No,0.1479,No
CUST-10566,Male,0,Yes,No,11,Yes,No,DSL,No,Yes,Yes,Yes,Yes,Yes,One year,No,Credit card (automatic),80.35,886.95,No,0.2621,No
CUST-11487,Male,0,No,No,33,Yes,Yes,DSL,Yes,No,Yes,No,Yes,Yes,One year,Yes,Electronic check,96.14,3308.85,No,0.3401,No
CUST-13128,Female,0,No,No,16,Yes,Yes,Fiber optic,No,No,Yes,No,No,No,Month-to-month,No,Bank transfer (automatic),84.26,1305.72,Yes,0.8927,Yes
CUST-14269,Female,0,Yes,Yes,55,Yes,No,Fiber optic,No,Yes,No,No,No,No,One year,Yes,Electronic check,84.68,4744.8,No,0.2794,No
CUST-10051,Male,0,No,No,29,Yes,No,DSL,Yes,Yes,No,Yes,No,Yes,One year,No,Electronic check,62.02,1866.08,No,0.1302,No
CUST-14637,Male,0,No,Yes,56,Yes,No,Fiber optic,No,Yes,Yes,Yes,No,No,One year,Yes,Bank transfer (automatic),96.1,5026.59,No,0.1626,No
CUST-13960,Female,0,No,Yes,46,Yes,Yes,Fiber optic,No,No,Yes,No,No,Yes,Month-to-month,Yes,Credit card (automatic),91.95,4301.07,No,0.7534,Yes
CUST-12757,Female,0,Yes,Yes,35,Yes,No,DSL,Yes,No,No,No,No,Yes,Month-to-month,Yes,Credit card (automatic),70.43,2391.36,No,0.33,No
CUST-13290,Male,0,No,No,26,Yes,Yes,No,No internet service,No internet service,No internet service,No internet service,No internet service,No internet service,Month-to-month,Yes,Credit card (automatic),28.28,727.53,No,0.627,Yes
CUST-10534,Female,1,Yes,Yes,46,Yes,No,DSL,Yes,No,No,Yes,Yes,No,Month-to-month,No,Bank transfer (automatic),67.05,3163.3,No,0.1616,No
CUST-14407,Male,0,No,No,4,Yes,Yes,No,No internet service,No internet service,No internet service,No internet service,No internet service,No internet service,Month-to-month,No,Credit card (automatic),39.16,153.39,Yes,0.7113,Yes
CUST-12104,Female,0,Yes,No,36,Yes,Yes,DSL,Yes,Yes,No,No,Yes,No,Two year,Yes,Electronic check,79.73,2755.78,No,0.1633,No
CUST-10443,Male,0,No,No,2,Yes,Yes,DSL,No,Yes,No,No,No,No,Month-to-month,Yes,Mailed check,66.9,123.43,No,0.8836,Yes
CUST-12252,Male,0,Yes,No,34,Yes,Yes,Fiber optic,Yes,Yes,Yes,No,No,No,One year,Yes,Electronic check,101.02,3446.26,Yes,0.5422,Yes
CUST-10195,Male,0,No,No,69,Yes,Yes,No,No internet service,No internet service,No internet service,No internet service,No internet service,No internet service,Month-to-month,Yes,Bank transfer (automatic),21.66,1408.59,Yes,0.2465,No
CUST-13626,Female,0,Yes,No,37,Yes,Yes,DSL,Yes,Yes,No,No,No,Yes,Month-to-month,Yes,Bank transfer (automatic),81.01,3050.97,No,0.3625,No
CUST-11918,Male,0,No,No,55,Yes,Yes,DSL,No,No,Yes,No,Yes,Yes,Month-to-month,Yes,Mailed check,84.34,4465.87,No,0.4545,No
CUST-14479,Female,0,No,No,20,Yes,Yes,DSL,Yes,Yes,No,No,Yes,Yes,One year,No,Credit card (automatic),82.34,1645.39,No,0.1715,No
CUST-13026,Male,0,No,No,31,Yes,No,Fiber optic,No,No,Yes,No,No,No,Two year,Yes,Bank transfer (automatic),79.12,2407.3,No,0.5893,Yes
CUST-13022,Male,0,Yes,No,10,Yes,Yes,Fiber optic,No,No,Yes,Yes,Yes,No,Month-to-month,Yes,Credit card (automatic),104.06,1080.44,Yes,0.9143,Yes
CUST-14808,Male,0,No,No,55,Yes,Yes,No,No internet service,No internet service,No internet service,No internet service,No internet service,No internet service,Two year,Yes,Mailed check,40.21,2247.16,No,0.0891,No
CUST-12985,Female,1,No,No,44,Yes,Yes,DSL,Yes,No,Yes,Yes,Yes,No,Month-to-month,No,Electronic check,90.85,3963.6,No,0.43,No
CUST-13845,Male,0,No,Yes,66,Yes,Yes,DSL,Yes,Yes,Yes,Yes,No,No,Two year,No,Mailed check,76.79,5319.97,No,0.0134,No
CUST-12942,Female,0,No,No,53,Yes,No,DSL,No,No,No,No,Yes,No,Two year,No,Credit card (automatic),59.23,2978.88,No,0.0605,No
CUST-10644,Female,0,No,No,40,Yes,No,DSL,No,Yes,Yes,No,Yes,Yes,Two year,Yes,Bank transfer (automatic),73.11,2989.3,No,0.227,No
CUST-10807,Male,0,No,Yes,13,No,No phone service,Fiber optic,No,No,No,No,Yes,Yes,Month-to-month,No,Bank transfer (automatic),91.26,1166.51,Yes,0.8476,Yes
CUST-13543,Female,1,Yes,Yes,5,Yes,Yes,No,No internet service,No internet service,No internet service,No internet service,No internet service,No internet service,Two year,Yes,Bank transfer (automatic),35.57,176.3,No,0.4259,No
CUST-14454,Female,0,No,No,25,Yes,No,No,No internet service,No internet service,No internet service,No internet service,No internet service,No internet service,Two year,Yes,Credit card (automatic),40.79,1064.63,No,0.2231,No
CUST-14417,Male,0,No,Yes,24,Yes,No,No,No internet service,No internet service,No internet service,No internet service,No internet service,No internet service,One year,Yes,Credit card (automatic),56.41,1402.98,No,0.22,No
CUST-10120,Male,1,Yes,No,51,Yes,No,Fiber optic,No,No,Yes,No,No,Yes,One year,Yes,Mailed check,103.06,4976.94,No,0.4614,No
CUST-12441,Male,0,Yes,No,68,Yes,No,DSL,Yes,No,Yes,No,No,No,Two year,No,Bank transfer (automatic),74.56,5290.57,No,0.0178,No
CUST-11992,Male,1,No,No,2,Yes,Yes,Fiber optic,No,Yes,Yes,Yes,Yes,Yes,Month-to-month,Yes,Mailed check,102.56,199.69,Yes,0.9773,Yes
CUST-14903,Female,0,Yes,Yes,41,Yes,No,Fiber optic,Yes,Yes,No,No,No,No,One year,Yes,Mailed check,94.89,3580.42,No,0.2346,No
CUST-12851,Male,0,No,No,14,Yes,No,Fiber optic,Yes,Yes,Yes,No,Yes,Yes,Month-to-month,Yes,Credit card (automatic),120.51,1757.22,Yes,0.9169,Yes
CUST-12238,Male,0,No,No,21,Yes,Yes,Fiber optic,No,No,No,Yes,No,No,One year,Yes,Mailed check,100.29,2120.51,No,0.5498,Yes
CUST-10134,Female,0,Yes,Yes,4,Yes,No,DSL,Yes,Yes,Yes,No,Yes,Yes,Month-to-month,Yes,Mailed check,82.04,323.08,No,0.7876,Yes
CUST-13402,Male,0,Yes,No,10,Yes,No,No,No internet service,No internet service,No internet service,No internet service,No internet service,No internet service,One year,Yes,Credit card (automatic),31.39,322.33,No,0.3544,No
CUST-11983,Female,0,No,Yes,65,Yes,No,No,No internet service,No internet service,No internet service,No internet service,No internet service,No internet service,Month-to-month,Yes,Credit card (automatic),40.78,2740.85,No,0.1921,No
CUST-12707,Male,1,Yes,No,51,Yes,No,Fiber optic,Yes,No,Yes,No,No,No,One year,No,Mailed check,105.91,5582.47,No,0.2278,No
CUST-10184,Male,0,Yes,Yes,5,Yes,No,DSL,Yes,No,Yes,Yes,Yes,Yes,One year,No,Credit card (automatic),65.88,340.46,No,0.1804,No
CUST-13197,Female,1,No,Yes,2,Yes,No,No,No internet service,No internet service,No internet service,No internet service,No internet service,No internet service,One year,Yes,Mailed check,39.9,76.5,Yes,0.6113,Yes
CUST-12559,Female,0,No,Yes,23,No,No phone service,DSL,Yes,Yes,Yes,No,No,Yes,Two year,No,Electronic check,77.23,1769.47,No,0.1893,No
CUST-10511,Female,1,No,No,56,Yes,Yes,Fiber optic,No,Yes,No,Yes,No,Yes,Month-to-month,Yes,Mailed check,92.68,5439.53,No,0.6397,Yes
CUST-10841,Female,0,No,Yes,17,Yes,Yes,Fiber optic,Yes,Yes,Yes,No,Yes,No,Month-to-month,Yes,Electronic check,108.84,1777.72,Yes,0.9238,Yes
CUST-14078,Male,1,No,No,26,Yes,No,No,No internet service,No internet service,No internet service,No internet service,No internet service,No internet service,Month-to-month,No,Electronic check,48.95,1307.47,Yes,0.7521,Yes
CUST-13158,Female,0,Yes,No,66,Yes,No,Fiber optic,No,No,Yes,No,No,Yes,Two year,No,Credit card (automatic),96.29,6506.33,No,0.0871,No
CUST-14095,Female,0,Yes,No,37,No,No phone service,No,No internet service,No internet service,No internet service,No internet service,No internet service,No internet service,Month-to-month,Yes,Credit card (automatic),41.1,1564.31,No,0.3992,No
CUST-13738,Female,0,No,Yes,60,Yes,Yes,Fiber optic,Yes,Yes,Yes,No,No,No,One year,No,Mailed check,95.66,5795.39,No,0.1062,No
CUST-11397,Female,0,Yes,No,61,Yes,No,DSL,No,No,Yes,No,No,No,Two year,Yes,Bank transfer (automatic),48.45,2884.77,No,0.0768,No
CUST-10856,Male,0,No,Yes,4,Yes,Yes,DSL,No,Yes,Yes,Yes,Yes,Yes,Month-to-month,No,Mailed check,87.92,360.89,Yes,0.7456,Yes
CUST-10251,Male,0,Yes,Yes,51,No,No phone service,Fiber optic,No,No,Yes,No,No,Yes,Month-to-month,No,Bank transfer (automatic),94.18,4514.95,Yes,0.4462,No
CUST-12759,Male,0,No,Yes,36,Yes,No,No,No internet service,No internet service,No internet service,No internet service,No internet service,No internet service,Month-to-month,No,Mailed check,33.78,1199.58,No,0.3856,No
CUST-12886,Female,0,No,Yes,29,Yes,No,No,No internet service,No internet service,No internet service,No internet service,No internet service,No internet service,One year,Yes,Bank transfer (automatic),37.92,1143.09,No,0.1974,No
CUST-12702,Male,0,Yes,No,68,Yes,Yes,No,No internet service,No internet service,No internet service,No internet service,No internet service,No internet service,One year,No,Electronic check,38.1,2594.44,No,0.0477,No
CUST-12232,Female,0,No,Yes,24,Yes,Yes,Fiber optic,No,No,No,No,No,Yes,One year,No,Mailed check,83.89,1876.51,No,0.4668,No
CUST-10122,Female,0,Yes,No,49,No,No phone service,Fiber optic,No,No,No,No,No,Yes,Month-to-month,Yes,Credit card (automatic),76.84,3526.39,Yes,0.5944,Yes
CUST-12804,Male,0,No,Yes,62,Yes,No,Fiber optic,Yes,No,No,No,Yes,Yes,Month-to-month,Yes,Bank transfer (automatic),88.18,5294.15,No,0.3856,No
CUST-12218,Male,0,No,Yes,46,Yes,Yes,DSL,No,Yes,No,No,No,No,Two year,No,Bank transfer (automatic),56.18,2706.1,No,0.0769,No
CUST-12337,Female,0,Yes,No,43,Yes,No,Fiber optic,Yes,Yes,No,Yes,No,No,Month-to-month,No,Mailed check,97.36,4315.4,No,0.3451,No
CUST-14797,Male,0,Yes,No,4,Yes,No,DSL,No,No,No,Yes,No,No,Month-to-month,No,Mailed check,59.23,220.18,No,0.6209,Yes
CUST-10567,Male,0,Yes,No,71,Yes,Yes,No,No internet service,No internet service,No internet service,No internet service,No internet service,No internet service,Month-to-month,No,Electronic check,44.2,3003.68,No,0.1619,No
CUST-11392,Female,0,No,No,11,Yes,Yes,DSL,No,No,No,No,No,Yes,Month-to-month,No,Bank transfer (automatic),71.73,818.56,Yes,0.7288,Yes
CUST-13206,Female,1,No,No,5,Yes,Yes,Fiber optic,No,Yes,No,Yes,Yes,No,Two year,Yes,Electronic check,84.56,416.3,Yes,0.8736,Yes
CUST-12480,Female,1,Yes,Yes,51,Yes,Yes,Fiber optic,No,No,No,No,Yes,Yes,Two year,No,Mailed check,92.93,4697.92,No,0.2114,No
CUST-12576,Male,0,No,No,2,Yes,Yes,DSL,Yes,Yes,Yes,No,No,No,One year,No,Electronic check,66.04,122.78,No,0.547,Yes
CUST-13750,Female,0,Yes,Yes,55,No,No phone service,DSL,No,No,No,Yes,Yes,No,Month-to-month,Yes,Electronic check,72.42,4087.95,Yes,0.2131,No
CUST-13586,Male,0,No,No,18,Yes,No,Fiber optic,Yes,Yes,No,Yes,Yes,Yes,Two year,Yes,Electronic check,103.5,1829.56,Yes,0.5267,Yes
CUST-11477,Male,0,No,No,25,Yes,No,DSL,No,Yes,No,No,No,No,One year,No,Electronic check,56.39,1318.21,No,0.3416,No
CUST-12925,Male,0,No,No,56,Yes,Yes,DSL,No,No,No,No,Yes,Yes,Month-to-month,Yes,Electronic check,55.83,3143.07,No,0.5255,Yes
CUST-11626,Female,0,Yes,No,10,Yes,Yes,Fiber optic,No,No,No,Yes,No,Yes,Two year,Yes,Electronic check,92.94,863.55,Yes,0.6744,Yes
CUST-10720,Male,0,Yes,No,19,Yes,Yes,Fiber optic,No,No,Yes,No,No,No,Month-to-month,Yes,Mailed check,100.96,1984.72,Yes,0.9216,Yes
CUST-12876,Female,0,No,No,10,Yes,Yes,Fiber optic,No,No,No,No,No,No,One year,No,Mailed check,84.13,871.07,No,0.7193,Yes
CUST-12053,Female,0,Yes,No,9,Yes,No,Fiber optic,Yes,No,Yes,Yes,No,Yes,Month-to-month,Yes,Mailed check,101.58,897.79,Yes,0.8709,Yes
CUST-11432,Male,0,Yes,No,19,Yes,Yes,Fiber optic,No,No,No,No,No,No,Month-to-month,Yes,Mailed check,84.15,1650.18,No,0.8978,Yes
CUST-13810,Male,0,Yes,No,17,Yes,Yes,Fiber optic,No,No,No,No,Yes,No,Month-to-month,Yes,Credit card (automatic),89.34,1518.99,Yes,0.8944,Yes
CUST-10602,Female,1,No,No,42,Yes,Yes,No,No internet service,No internet service,No internet service,No internet service,No internet service,No internet service,Month-to-month,No,Mailed check,28.39,1159.5,No,0.5276,Yes
CUST-11566,Female,0,Yes,No,39,Yes,No,DSL,No,Yes,Yes,No,Yes,No,Month-to-month,No,Electronic check,68.8,2698.6,No,0.5759,Yes
CUST-13439,Female,0,No,Yes,24,Yes,No,DSL,No,No,No,No,No,No,One year,No,Electronic check,56.68,1283.5,Yes,0.2785,No
CUST-12677,Female,0,No,Yes,3,Yes,No,Fiber optic,No,Yes,No,No,No,Yes,One year,No,Mailed check,90.3,276.76,Yes,0.7416,Yes
CUST-13478,Male,0,No,Yes,54,Yes,No,Fiber optic,Yes,No,No,No,No,No,Month-to-month,No,Mailed check,84.65,4275.24,No,0.3674,No
CUST-10318,Female,0,No,Yes,15,Yes,No,Fiber optic,Yes,No,No,Yes,No,Yes,Month-to-month,Yes,Credit card (automatic),104.26,1548.7,Yes,0.7396,Yes
CUST-14750,Male,0,Yes,No,19,Yes,Yes,DSL,Yes,Yes,No,No,No,Yes,One year,Yes,Electronic check,73.25,1355.88,No,0.3282,No
CUST-14767,Male,0,Yes,Yes,35,No,No phone service,DSL,Yes,No,No,No,Yes,Yes,Month-to-month,No,Bank transfer (automatic),69.1,2323.74,No,0.2223,No
CUST-10274,Male,0,No,No,34,Yes,No,Fiber optic,No,No,Yes,No,Yes,Yes,Month-to-month,No,Electronic check,105.44,3436.25,Yes,0.8792,Yes
CUST-11881,Male,0,Yes,No,72,Yes,No,No,No internet service,No internet service,No internet service,No internet service,No internet service,No internet service,Month-to-month,Yes,Credit card (automatic),39.41,2908.15,No,0.1533,No
CUST-10549,Female,0,No,Yes,58,No,No phone service,No,No internet service,No internet service,No internet service,No internet service,No internet service,No internet service,Month-to-month,No,Bank transfer (automatic),33.63,1969.94,No,0.1449,No
CUST-12813,Female,0,No,No,3,Yes,Yes,Fiber optic,Yes,No,No,Yes,No,Yes,One year,Yes,Electronic check,88.4,248.4,No,0.7375,Yes
CUST-11029,Male,0,Yes,No,4,Yes,Yes,DSL,No,Yes,No,No,Yes,No,Month-to-month,Yes,Electronic check,60.81,238.33,Yes,0.8985,Yes
CUST-14907,Female,0,Yes,No,72,Yes,Yes,Fiber optic,No,No,Yes,No,Yes,Yes,Month-to-month,Yes,Electronic check,92.96,6340.03,Yes,0.5848,Yes
CUST-12954,Male,1,Yes,Yes,40,Yes,Yes,No,No internet service,No internet service,No internet service,No internet service,No internet service,No internet service,Month-to-month,No,Credit card (automatic),29.47,1172.86,Yes,0.3879,No
CUST-10605,Female,0,Yes,No,31,Yes,No,DSL,No,No,Yes,No,Yes,No,One year,No,Credit card (automatic),80.06,2594.85,No,0.1833,No
CUST-12233,Male,0,Yes,No,0,Yes,No,No,No internet service,No internet service,No internet service,No internet service,No internet service,No internet service,Month-to-month,Yes,Mailed check,42.71,0.0,No,0.8136,Yes
CUST-10527,Male,1,No,No,30,Yes,No,DSL,No,No,No,Yes,Yes,Yes,One year,Yes,Bank transfer (automatic),80.28,2477.33,No,0.2909,No
CUST-12847,Male,0,No,No,14,Yes,Yes,No,No internet service,No internet service,No internet service,No internet service,No internet service,No internet service,Month-to-month,No,Mailed check,39.89,519.42,No,0.6243,Yes
CUST-12364,Female,0,Yes,Yes,71,Yes,Yes,No,No internet service,No internet service,No internet service,No internet service,No internet service,No internet service,One year,No,Electronic check,32.51,2162.72,No,0.0348,No
CUST-13826,Male,1,No,No,0,Yes,Yes,Fiber optic,No,Yes,Yes,No,Yes,Yes,Month-to-month,Yes,Mailed check,113.04,0.0,Yes,0.9891,Yes
CUST-13796,Female,0,No,Yes,5,Yes,No,DSL,No,No,No,No,No,No,Month-to-month,Yes,Bank transfer (automatic),51.21,246.45,Yes,0.8119,Yes
CUST-14841,Male,0,No,No,5,Yes,Yes,DSL,No,Yes,No,No,No,Yes,One year,Yes,Credit card (automatic),69.85,326.71,No,0.5595,Yes
CUST-11833,Male,0,No,Yes,19,Yes,No,Fiber optic,No,No,No,Yes,Yes,Yes,Month-to-month,No,Credit card (automatic),101.3,1828.35,No,0.7151,Yes
CUST-10298,Male,0,Yes,No,67,No,No phone service,Fiber optic,No,No,No,No,Yes,Yes,Two year,No,Mailed check,77.96,5296.57,No,0.0841,No
CUST-13793,Female,1,No,No,30,Yes,No,Fiber optic,No,No,Yes,No,Yes,No,Two year,No,Electronic check,84.93,2665.24,No,0.7456,Yes
CUST-12554,Female,0,No,No,69,Yes,No,Fiber optic,Yes,No,No,No,Yes,No,One year,No,Credit card (automatic),87.3,5797.83,No,0.064,No
CUST-11595,Male,0,No,No,24,Yes,No,DSL,Yes,Yes,Yes,No,Yes,Yes,Month-to-month,Yes,Mailed check,90.14,2110.74,Yes,0.686,Yes
CUST-13106,Female,0,Yes,Yes,2,Yes,No,Fiber optic,No,No,Yes,Yes,No,No,Two year,Yes,Bank transfer (automatic),98.5,198.88,Yes,0.6563,Yes
CUST-13749,Female,0,No,No,31,Yes,No,Fiber optic,No,No,No,No,No,No,Month-to-month,No,Credit card (automatic),86.86,2638.71,No,0.7631,Yes
CUST-12955,Female,0,No,No,63,Yes,No,DSL,No,Yes,Yes,Yes,No,Yes,Month-to-month,No,Bank transfer (automatic),77.65,4856.36,No,0.1299,No
CUST-11583,Male,0,Yes,No,25,Yes,No,No,No internet service,No internet service,No internet service,No internet service,No internet service,No internet service,Month-to-month,Yes,Mailed check,24.05,613.66,Yes,0.6086,Yes
CUST-12988,Female,0,No,No,71,Yes,Yes,Fiber optic,Yes,No,No,No,Yes,Yes,Month-to-month,No,Mailed check,90.3,6508.13,Yes,0.2532,No
CUST-11244,Female,0,No,No,7,Yes,Yes,Fiber optic,No,No,Yes,Yes,No,Yes,Month-to-month,No,Mailed check,96.43,690.88,Yes,0.9107,Yes
CUST-10756,Female,0,No,No,36,Yes,Yes,No,No internet service,No internet service,No internet service,No internet service,No internet service,No internet service,One year,Yes,Credit card (automatic),42.08,1400.44,No,0.1853,No
CUST-11034,Male,0,No,No,28,Yes,Yes,No,No internet service,No internet service,No internet service,No internet service,No internet service,No internet service,Month-to-month,No,Mailed check,32.75,915.35,No,0.5182,Yes
CUST-14435,Female,0,No,No,66,No,No phone service,Fiber optic,No,No,No,No,Yes,Yes,Two year,No,Mailed check,74.75,5173.02,No,0.1117,No
CUST-12387,Female,0,No,No,34,Yes,Yes,Fiber optic,No,Yes,Yes,No,Yes,Yes,Month-to-month,Yes,Credit card (automatic),91.35,3138.47,No,0.8791,Yes
CUST-11242,Female,1,Yes,No,58,Yes,Yes,DSL,Yes,No,No,No,Yes,No,One year,Yes,Bank transfer (automatic),82.08,4783.41,No,0.0709,No
CUST-11485,Female,0,No,No,34,Yes,Yes,Fiber optic,Yes,No,Yes,No,Yes,Yes,Two year,Yes,Bank transfer (automatic),109.29,3681.9,No,0.4152,No
CUST-11192,Male,0,Yes,Yes,54,Yes,No,DSL,No,Yes,Yes,No,No,Yes,Month-to-month,Yes,Mailed check,56.17,3170.88,No,0.3748,No
CUST-11860,Female,0,Yes,Yes,65,Yes,Yes,Fiber optic,No,Yes,No,No,No,Yes,Month-to-month,No,Bank transfer (automatic),110.46,7266.01,No,0.2324,No
CUST-10376,Female,0,No,No,34,Yes,No,DSL,No,Yes,No,No,No,Yes,Two year,No,Electronic check,52.97,1701.71,Yes,0.2249,No
CUST-11032,Female,0,Yes,Yes,35,Yes,No,DSL,Yes,No,No,No,No,No,Month-to-month,Yes,Mailed check,60.47,2037.88,No,0.373,No
CUST-14203,Male,0,No,No,71,Yes,Yes,DSL,No,Yes,No,Yes,No,Yes,Month-to-month,Yes,Credit card (automatic),66.82,4454.52,No,0.1335,No
CUST-13544,Male,0,No,No,23,Yes,No,No,No internet service,No internet service,No internet service,No internet service,No internet service,No internet service,One year,No,Credit card (automatic),33.75,795.42,No,0.1826,No
CUST-11149,Female,1,No,No,33,Yes,Yes,DSL,No,No,Yes,No,No,Yes,Two year,Yes,Bank transfer (automatic),75.5,2313.48,Yes,0.3891,No
CUST-10378,Male,0,No,No,53,Yes,Yes,Fiber optic,No,No,Yes,No,Yes,Yes,One year,No,Bank transfer (automatic),100.68,5172.01,Yes,0.2427,No
CUST-11891,Male,0,No,No,4,Yes,Yes,No,No internet service,No internet service,No internet service,No internet service,No internet service,No internet service,Two year,Yes,Bank transfer (automatic),44.36,176.86,No,0.4321,No
CUST-14553,Female,0,Yes,Yes,22,Yes,Yes,No,No internet service,No internet service,No internet service,No internet service,No internet service,No internet service,Month-to-month,No,Bank transfer (automatic),28.78,622.13,No,0.3827,No
CUST-13711,Female,0,No,No,0,Yes,Yes,Fiber optic,No,Yes,No,Yes,Yes,No,Two year,Yes,Credit card (automatic),92.41,0.0,Yes,0.7333,Yes
CUST-11909,Female,0,No,No,66,Yes,Yes,Fiber optic,Yes,No,Yes,No,No,No,Month-to-month,Yes,Bank transfer (automatic),75.38,5221.02,No,0.4686,No
CUST-11878,Female,1,Yes,No,49,Yes,Yes,No,No internet service,No internet service,No internet service,No internet service,No internet service,No internet service,Month-to-month,No,Credit card (automatic),45.51,2202.19,No,0.2981,No
CUST-13699,Female,1,Yes,Yes,59,Yes,Yes,Fiber optic,No,Yes,No,Yes,Yes,No,Month-to-month,No,Mailed check,105.77,6040.47,Yes,0.337,No
CUST-12749,Female,0,No,Yes,5,Yes,No,Fiber optic,No,Yes,Yes,Yes,No,No,Month-to-month,Yes,Electronic check,99.12,474.02,Yes,0.9555,Yes
CUST-13107,Male,0,No,No,50,Yes,Yes,Fiber optic,Yes,No,Yes,Yes,No,No,Month-to-month,No,Mailed check,99.86,4737.13,No,0.3721,No
CUST-14382,Male,0,No,No,56,Yes,No,Fiber optic,Yes,No,No,Yes,No,Yes,One year,Yes,Mailed check,87.18,4663.08,No,0.1194,No
CUST-13822,Female,1,No,Yes,25,Yes,Yes,Fiber optic,Yes,Yes,No,No,Yes,No,One year,No,Electronic check,107.22,2673.07,No,0.6018,Yes
CUST-13946,Male,0,No,No,30,Yes,Yes,Fiber optic,Yes,Yes,No,Yes,Yes,No,Month-to-month,No,Electronic check,96.78,2777.11,No,0.6857,Yes
CUST-12655,Female,0,Yes,No,29,Yes,Yes,Fiber optic,No,No,No,No,No,Yes,Two year,No,Bank transfer (automatic),91.19,2763.1,Yes,0.3331,No
CUST-10794,Male,0,No,Yes,9,Yes,Yes,Fiber optic,No,Yes,Yes,No,Yes,Yes,Two year,Yes,Electronic check,104.21,964.39,Yes,0.8776,Yes
CUST-12522,Male,1,Yes,No,40,Yes,No,DSL,No,No,Yes,No,No,No,Two year,Yes,Bank transfer (automatic),67.77,2834.96,No,0.2783,No
CUST-12458,Male,0,Yes,No,10,Yes,Yes,DSL,Yes,Yes,Yes,Yes,No,Yes,Two year,No,Electronic check,77.86,721.88,No,0.2253,No
CUST-12809,Male,0,Yes,Yes,29,Yes,No,DSL,No,No,No,No,No,Yes,One year,No,Electronic check,66.13,1822.5,No,0.2064,No
CUST-10175,Male,0,No,Yes,5,No,No phone service,Fiber optic,Yes,No,No,No,No,No,Month-to-month,No,Credit card (automatic),93.02,485.4,Yes,0.8453,Yes
CUST-11044,Female,0,Yes,Yes,31,Yes,Yes,Fiber optic,No,Yes,No,No,Yes,No,Two year,No,Mailed check,69.96,2005.13,No,0.3153,No
CUST-13945,Female,0,Yes,No,31,Yes,No,Fiber optic,No,No,No,Yes,No,No,One year,Yes,Bank transfer (automatic),102.59,2998.69,No,0.3148,No
CUST-13909,Female,0,Yes,No,41,Yes,Yes,DSL,No,No,No,No,Yes,No,One year,Yes,Electronic check,65.77,2730.83,No,0.2578,No
CUST-10045,Female,0,Yes,No,45,Yes,No,No,No internet service,No internet service,No internet service,No internet service,No internet service,No internet service,Month-to-month,Yes,Mailed check,38.64,1625.81,No,0.3991,No
CUST-12771,Male,1,No,No,52,Yes,No,No,No internet service,No internet service,No internet service,No internet service,No internet service,No internet service,Two year,Yes,Mailed check,36.77,1939.93,No,0.1656,No
CUST-14952,Female,0,No,No,11,Yes,Yes,DSL,No,Yes,No,No,No,No,One year,Yes,Credit card (automatic),67.28,773.08,No,0.4966,No
CUST-12698,Male,0,No,Yes,9,Yes,Yes,Fiber optic,No,Yes,No,No,No,Yes,Month-to-month,Yes,Bank transfer (automatic),89.08,794.23,Yes,0.937,Yes
CUST-13014,Male,0,No,Yes,61,Yes,No,Fiber optic,No,No,No,No,Yes,No,One year,No,Credit card (automatic),91.0,5350.3,No,0.1179,No
CUST-14716,Female,0,Yes,No,51,Yes,Yes,Fiber optic,No,Yes,Yes,No,No,Yes,Month-to-month,Yes,Electronic check,109.91,5605.46,Yes,0.7601,Yes
CUST-11755,Male,0,Yes,No,33,No,No phone service,Fiber optic,No,Yes,No,Yes,No,Yes,Month-to-month,No,Mailed check,99.68,3153.88,No,0.5592,Yes
CUST-11197,Female,0,Yes,No,57,Yes,No,No,No internet service,No internet service,No internet service,No internet service,No internet service,No internet service,Month-to-month,No,Electronic check,32.08,1829.25,No,0.2555,No
CUST-12067,Female,0,No,Yes,63,Yes,No,No,No internet service,No internet service,No internet service,No internet service,No internet service,No internet service,Month-to-month,Yes,Credit card (automatic),40.0,2594.93,No,0.2054,No
CUST-12615,Female,1,Yes,No,0,Yes,No,DSL,No,No,No,No,Yes,Yes,Month-to-month,Yes,Bank transfer (automatic),63.0,0.0,No,0.9099,Yes
CUST-11705,Female,0,No,Yes,41,Yes,No,DSL,No,Yes,No,No,No,No,Month-to-month,Yes,Electronic check,61.24,2337.06,Yes,0.6127,Yes
CUST-13119,Female,0,No,No,23,Yes,No,DSL,No,Yes,No,No,Yes,No,One year,No,Mailed check,66.55,1594.4,No,0.2679,No
CUST-12588,Female,1,Yes,Yes,23,Yes,No,DSL,No,Yes,No,No,Yes,No,One year,No,Credit card (automatic),71.0,1648.94,No,0.2444,No
CUST-10283,Male,0,Yes,No,69,Yes,Yes,Fiber optic,No,Yes,Yes,Yes,No,Yes,Two year,No,Bank transfer (automatic),99.18,6394.21,No,0.0455,No
CUST-13935,Female,0,No,No,70,Yes,Yes,Fiber optic,Yes,No,No,No,No,No,Month-to-month,Yes,Credit card (automatic),81.42,5774.87,No,0.3372,No
CUST-13758,Male,0,No,No,19,Yes,Yes,Fiber optic,No,No,No,No,Yes,Yes,One year,No,Credit card (automatic),77.04,1350.62,No,0.566,Yes
CUST-14296,Male,0,No,No,14,Yes,No,DSL,No,No,No,No,No,Yes,Month-to-month,Yes,Mailed check,64.87,922.75,Yes,0.8036,Yes
CUST-11187,Female,1,Yes,No,29,Yes,Yes,No,No internet service,No internet service,No internet service,No internet service,No internet service,No internet service,One year,Yes,Electronic check,29.11,881.86,No,0.4348,No
CUST-11260,Male,1,No,No,34,Yes,No,Fiber optic,Yes,No,Yes,No,Yes,No,One year,Yes,Electronic check,87.28,3080.58,No,0.7599,Yes
CUST-14422,Female,0,No,No,33,Yes,No,No,No internet service,No internet service,No internet service,No internet service,No internet service,No internet service,One year,Yes,Bank transfer (automatic),41.47,1297.79,No,0.2038,No
CUST-12088,Male,0,No,No,4,Yes,No,Fiber optic,No,No,No,Yes,No,No,Month-to-month,Yes,Credit card (automatic),67.35,267.42,Yes,0.9223,Yes
CUST-12846,Female,0,No,No,49,Yes,No,No,No internet service,No internet service,No internet service,No internet service,No internet service,No internet service,Two year,Yes,Bank transfer (automatic),46.75,2390.02,No,0.0869,No
CUST-13434,Male,0,Yes,No,55,Yes,Yes,No,No internet service,No internet service,No internet service,No internet service,No internet service,No internet service,Two year,Yes,Electronic check,38.95,2105.65,No,0.1012,No
CUST-12145,Male,1,No,No,30,Yes,Yes,No,No internet service,No internet service,No internet service,No internet service,No internet service,No internet service,Month-to-month,No,Mailed check,41.3,1249.11,Yes,0.6359,Yes
CUST-12867,Male,0,Yes,No,54,Yes,No,Fiber optic,No,No,No,No,No,Yes,Month-to-month,Yes,Mailed check,83.08,4156.56,Yes,0.6161,Yes
CUST-14694,Female,0,Yes,Yes,15,Yes,No,No,No internet service,No internet service,No internet service,No internet service,No internet service,No internet service,Month-to-month,No,Electronic check,35.16,544.16,No,0.5884,Yes
CUST-11174,Male,0,Yes,No,23,Yes,No,Fiber optic,Yes,No,Yes,Yes,No,No,Month-to-month,Yes,Electronic check,99.78,2120.45,Yes,0.8148,Yes
CUST-11480,Male,0,No,No,35,Yes,No,Fiber optic,Yes,No,No,Yes,No,Yes,Month-to-month,No,Electronic check,95.09,3419.05,No,0.6259,Yes
CUST-11539,Female,0,Yes,No,49,Yes,Yes,Fiber optic,No,No,No,Yes,No,No,One year,Yes,Credit card (automatic),87.4,3972.03,No,0.1563,No
CUST-14573,Female,0,Yes,Yes,29,Yes,Yes,DSL,Yes,Yes,No,No,No,No,Month-to-month,Yes,Electronic check,64.78,1781.18,Yes,0.5384,Yes
CUST-11832,Female,0,Yes,Yes,19,Yes,Yes,Fiber optic,No,No,No,No,No,No,Month-to-month,Yes,Electronic check,76.2,1450.77,Yes,0.9101,Yes
CUST-11702,Female,0,Yes,No,33,Yes,Yes,Fiber optic,Yes,Yes,No,No,Yes,No,Month-to-month,Yes,Mailed check,89.47,2758.7,Yes,0.7391,Yes
CUST-13548,Male,0,Yes,No,37,Yes,Yes,No,No internet service,No internet service,No internet service,No internet service,No internet service,No internet service,Month-to-month,No,Mailed check,39.84,1531.42,No,0.3613,No
CUST-10099,Male,1,No,No,11,Yes,No,No,No internet service,No internet service,No internet service,No internet service,No internet service,No internet service,One year,Yes,Bank transfer (automatic),18.0,184.35,No,0.5557,Yes
CUST-11074,Male,0,No,No,47,Yes,Yes,Fiber optic,No,No,No,No,No,No,One year,No,Electronic check,64.15,3123.94,No,0.4294,No
CUST-11335,Female,0,Yes,No,52,Yes,No,DSL,No,Yes,No,No,Yes,No,Month-to-month,Yes,Credit card (automatic),61.77,2997.87,No,0.3248,No
CUST-14932,Female,0,Yes,Yes,54,Yes,No,Fiber optic,Yes,No,Yes,No,No,Yes,Month-to-month,Yes,Electronic check,86.59,4817.61,No,0.6006,Yes
CUST-13047,Female,0,Yes,No,37,Yes,No,Fiber optic,No,Yes,No,Yes,Yes,Yes,Month-to-month,No,Bank transfer (automatic),104.35,3908.27,Yes,0.5133,Yes
CUST-10351,Male,0,No,No,23,Yes,No,No,No internet service,No internet service,No internet service,No internet service,No internet service,No internet service,Month-to-month,No,Electronic check,34.55,739.85,No,0.6438,Yes
CUST-12750,Male,0,No,No,23,Yes,Yes,No,No internet service,No internet service,No internet service,No internet service,No internet service,No internet service,Month-to-month,Yes,Credit card (automatic),43.41,1035.84,Yes,0.6356,Yes
CUST-12317,Male,0,Yes,No,26,Yes,Yes,Fiber optic,No,Yes,No,No,Yes,Yes,Month-to-month,No,Electronic check,91.82,2482.81,Yes,0.8682,Yes
CUST-10896,Female,0,No,Yes,9,Yes,Yes,DSL,No,No,No,No,No,Yes,One year,Yes,Mailed check,69.37,593.2,No,0.4919,No
CUST-14644,Male,1,Yes,No,47,Yes,Yes,Fiber optic,No,No,Yes,No,Yes,Yes,Two year,Yes,Mailed check,94.64,4316.59,Yes,0.529,Yes
CUST-10718,Male,0,Yes,No,64,No,No phone service,Fiber optic,No,Yes,No,No,Yes,Yes,Month-to-month,Yes,Credit card (automatic),78.88,4920.55,Yes,0.4606,No
CUST-14320,Female,0,No,No,6,Yes,No,Fiber optic,No,Yes,Yes,No,Yes,Yes,Two year,Yes,Electronic check,92.66,559.38,Yes,0.9047,Yes
CUST-12741,Male,0,Yes,No,29,Yes,No,DSL,No,No,Yes,No,Yes,No,One year,Yes,Bank transfer (automatic),46.48,1370.71,No,0.3242,No
CUST-12528,Male,0,No,No,70,Yes,Yes,DSL,Yes,No,No,No,Yes,No,Month-to-month,Yes,Bank transfer (automatic),60.85,4130.78,No,0.163,No
CUST-10308,Male,0,No,No,10,No,No phone service,Fiber optic,Yes,No,No,No,Yes,Yes,Two year,Yes,Bank transfer (automatic),92.19,960.92,No,0.6422,Yes
CUST-11536,Male,0,No,No,26,Yes,Yes,No,No internet service,No internet service,No internet service,No internet service,No internet service,No internet service,Month-to-month,No,Bank transfer (automatic),41.19,1018.09,No,0.4879,No
CUST-10833,Male,0,No,No,36,Yes,No,No,No internet service,No internet service,No internet service,No internet service,No internet service,No internet service,Month-to-month,Yes,Mailed check,34.17,1157.94,No,0.5704,Yes
CUST-10366,Male,0,Yes,Yes,14,Yes,No,Fiber optic,No,No,No,No,No,Yes,Two year,Yes,Mailed check,86.8,1121.18,Yes,0.5922,Yes
CUST-14231,Female,0,Yes,No,20,Yes,Yes,No,No internet service,No internet service,No internet service,No internet service,No internet service,No internet service,Month-to-month,Yes,Credit card (automatic),37.34,749.4,No,0.5834,Yes
CUST-12095,Female,1,No,No,59,Yes,No,Fiber optic,No,Yes,No,No,No,Yes,Month-to-month,Yes,Credit card (automatic),86.15,4732.38,Yes,0.7096,Yes
CUST-10931,Female,0,Yes,No,55,Yes,Yes,Fiber optic,Yes,No,Yes,No,No,Yes,Month-to-month,Yes,Electronic check,89.63,4776.02,No,0.638,Yes
CUST-13787,Male,1,No,No,33,No,No phone service,DSL,No,Yes,No,Yes,Yes,No,Month-to-month,No,Electronic check,73.51,2433.72,No,0.6019,Yes
CUST-13078,Male,1,Yes,No,26,Yes,Yes,DSL,Yes,No,Yes,No,No,Yes,Two year,No,Electronic check,71.94,1831.98,No,0.3053,No
CUST-11295,Female,0,No,No,61,Yes,Yes,DSL,No,No,No,No,No,Yes,One year,Yes,Credit card (automatic),65.43,4120.31,No,0.0825,No
CUST-10019,Male,0,Yes,Yes,6,Yes,No,No,No internet service,No internet service,No internet service,No internet service,No internet service,No internet service,Month-to-month,Yes,Mailed check,43.38,252.65,Yes,0.7321,Yes
CUST-13204,Male,0,Yes,No,36,Yes,Yes,DSL,No,No,Yes,No,Yes,Yes,Two year,Yes,Credit card (automatic),74.35,2719.29,No,0.2131,No
CUST-12964,Female,0,Yes,No,32,Yes,No,Fiber optic,Yes,No,Yes,No,Yes,Yes,Month-to-month,Yes,Bank transfer (automatic),107.0,3195.47,No,0.7615,Yes
CUST-10915,Male,0,No,Yes,68,Yes,Yes,DSL,No,No,No,No,Yes,No,Month-to-month,No,Mailed check,73.82,5120.2,No,0.1474,No
CUST-10218,Male,0,No,No,45,Yes,No,DSL,No,No,No,No,No,Yes,Month-to-month,No,Electronic check,61.84,2815.8,No,0.5136,Yes
CUST-13652,Male,0,Yes,No,1,Yes,No,DSL,No,Yes,No,No,No,No,One year,No,Mailed check,50.65,48.66,Yes,0.4306,No
CUST-10438,Male,0,Yes,No,70,Yes,Yes,DSL,No,No,Yes,No,No,No,Month-to-month,No,Mailed check,53.07,3704.29,No,0.1871,No
CUST-13915,Male,0,No,No,67,No,No phone service,DSL,No,No,No,No,Yes,Yes,Month-to-month,Yes,Bank transfer (automatic),65.31,4430.21,No,0.2376,No
CUST-13871,Male,0,Yes,No,55,Yes,No,Fiber optic,No,No,No,No,No,No,Month-to-month,Yes,Electronic check,87.3,4878.0,Yes,0.6931,Yes
CUST-13309,Female,0,No,Yes,72,Yes,No,Fiber optic,Yes,No,No,Yes,No,No,Month-to-month,Yes,Bank transfer (automatic),91.53,6818.69,No,0.1542,No
CUST-13454,Female,0,No,No,33,Yes,No,DSL,No,No,No,Yes,Yes,Yes,Two year,No,Credit card (automatic),73.92,2273.89,No,0.0813,No
CUST-14665,Female,0,Yes,No,46,Yes,No,Fiber optic,Yes,No,No,No,No,Yes,Month-to-month,No,Bank transfer (automatic),83.97,3908.16,No,0.4347,No
CUST-11020,Male,0,No,No,16,Yes,No,No,No internet service,No internet service,No internet service,No internet service,No internet service,No internet service,Month-to-month,No,Credit card (automatic),27.52,406.0,Yes,0.5658,Yes
CUST-13966,Female,0,Yes,No,14,Yes,No,Fiber optic,No,No,No,No,No,No,One year,Yes,Mailed check,82.61,1090.22,No,0.6811,Yes
CUST-10802,Female,0,Yes,No,68,No,No phone service,Fiber optic,No,Yes,No,No,Yes,Yes,Month-to-month,No,Bank transfer (automatic),90.3,5829.81,Yes,0.2668,No
CUST-13017,Male,0,No,No,1,Yes,No,Fiber optic,Yes,No,Yes,Yes,No,No,Month-to-month,Yes,Credit card (automatic),96.69,89.36,No,0.9144,Yes
CUST-12245,Female,0,No,No,1,Yes,No,Fiber optic,No,Yes,No,No,Yes,Yes,Month-to-month,No,Bank transfer (automatic),91.72,91.78,Yes,0.9418,Yes
CUST-13747,Female,1,No,Yes,49,Yes,No,Fiber optic,Yes,No,No,No,No,No,Month-to-month,No,Bank transfer (automatic),86.8,4245.01,No,0.5139,Yes
CUST-14313,Male,0,No,No,51,Yes,No,No,No internet service,No internet service,No internet service,No internet service,No internet service,No internet service,One year,No,Mailed check,31.16,1660.41,No,0.0796,No
CUST-10582,Male,0,Yes,Yes,31,Yes,Yes,No,No internet service,No internet service,No internet service,No internet service,No internet service,No internet service,One year,Yes,Credit card (automatic),39.27,1202.05,No,0.1503,No
CUST-10203,Female,0,No,No,17,Yes,Yes,Fiber optic,No,No,Yes,No,No,No,Month-to-month,Yes,Bank transfer (automatic),91.61,1462.02,Yes,0.9293,Yes
CUST-14066,Female,0,Yes,Yes,6,Yes,No,DSL,No,Yes,No,Yes,Yes,Yes,One year,No,Bank transfer (automatic),77.68,431.11,No,0.1912,No
CUST-13437,Female,0,No,No,71,Yes,No,DSL,No,Yes,No,No,Yes,Yes,Month-to-month,No,Credit card (automatic),84.96,6331.03,No,0.1224,No
CUST-12266,Female,0,Yes,Yes,9,Yes,No,Fiber optic,No,No,Yes,Yes,No,Yes,Month-to-month,No,Bank transfer (automatic),92.2,838.52,Yes,0.8215,Yes
CUST-12197,Female,0,Yes,No,10,Yes,No,No,No internet service,No internet service,No internet service,No internet service,No internet service,No internet service,Month-to-month,No,Mailed check,44.55,442.63,Yes,0.6236,Yes
CUST-13428,Female,1,No,No,40,Yes,Yes,Fiber optic,No,No,No,No,Yes,Yes,Month-to-month,Yes,Electronic check,102.01,3880.42,Yes,0.9231,Yes
CUST-13846,Female,1,No,No,40,Yes,No,Fiber optic,Yes,No,Yes,No,Yes,No,Month-to-month,Yes,Bank transfer (automatic),98.34,4091.75,Yes,0.8476,Yes
CUST-11281,Female,0,Yes,No,46,Yes,No,DSL,No,No,Yes,No,No,Yes,Month-to-month,Yes,Bank transfer (automatic),62.47,2766.57,No,0.4804,No
CUST-10952,Female,0,Yes,No,29,No,No phone service,DSL,No,Yes,Yes,No,No,No,Month-to-month,Yes,Credit card (automatic),82.48,2446.27,No,0.6081,Yes
CUST-11818,Male,1,No,No,19,Yes,Yes,No,No internet service,No internet service,No internet service,No internet service,No internet service,No internet service,One year,No,Bank transfer (automatic),38.98,730.08,Yes,0.318,No
CUST-12406,Male,1,No,No,32,Yes,No,No,No internet service,No internet service,No internet service,No internet service,No internet service,No internet service,Month-to-month,Yes,Credit card (automatic),39.7,1235.35,Yes,0.6963,Yes
CUST-13371,Male,0,Yes,No,49,Yes,Yes,Fiber optic,No,No,No,No,No,Yes,Month-to-month,No,Mailed check,78.39,3897.82,Yes,0.5551,Yes
CUST-10517,Male,0,No,No,17,No,No phone service,DSL,No,No,No,Yes,No,Yes,Two year,No,Bank transfer (automatic),63.08,1089.65,No,0.1316,No
CUST-12826,Male,0,Yes,Yes,3,Yes,Yes,Fiber optic,No,No,Yes,No,Yes,Yes,Month-to-month,No,Mailed check,91.9,260.58,Yes,0.9335,Yes
CUST-11600,Male,0,Yes,Yes,68,Yes,No,Fiber optic,Yes,No,Yes,Yes,No,Yes,Two year,No,Electronic check,114.08,7502.72,No,0.035,No
CUST-12440,Male,1,No,No,16,Yes,No,DSL,No,Yes,No,No,No,No,Two year,Yes,Credit card (automatic),52.99,885.68,No,0.5043,Yes
CUST-10668,Female,0,Yes,No,4,Yes,No,DSL,No,Yes,Yes,Yes,Yes,Yes,One year,No,Bank transfer (automatic),86.42,325.08,Yes,0.3085,No
CUST-13623,Male,0,Yes,Yes,59,Yes,No,DSL,Yes,No,No,No,No,Yes,Month-to-month,Yes,Bank transfer (automatic),65.67,3617.35,No,0.1423,No
CUST-13012,Male,0,Yes,No,38,Yes,No,No,No internet service,No internet service,No internet service,No internet service,No internet service,No internet service,Month-to-month,No,Mailed check,23.29,881.61,Yes,0.3646,No
CUST-14926,Male,1,No,No,53,Yes,Yes,DSL,Yes,Yes,No,No,No,No,Two year,No,Bank transfer (automatic),69.52,3784.34,No,0.0615,No
CUST-12924,Male,1,No,No,3,Yes,No,DSL,Yes,Yes,Yes,No,No,Yes,One year,No,Credit card (automatic),72.38,222.08,Yes,0.5542,Yes
CUST-13660,Female,0,Yes,Yes,4,No,No phone service,Fiber optic,No,Yes,No,No,Yes,No,Two year,No,Bank transfer (automatic),83.92,333.56,No,0.5571,Yes
CUST-12907,Female,0,No,Yes,2,Yes,Yes,No,No internet service,No internet service,No internet service,No internet service,No internet service,No internet service,Month-to-month,Yes,Electronic check,36.91,70.59,No,0.8608,Yes
CUST-12373,Male,0,Yes,No,6,Yes,No,DSL,No,Yes,No,No,Yes,Yes,One year,Yes,Mailed check,83.8,524.18,No,0.5568,Yes
CUST-14631,Male,0,Yes,Yes,14,Yes,Yes,DSL,Yes,No,No,No,Yes,Yes,Month-to-month,Yes,Credit card (automatic),78.95,1078.19,No,0.5645,Yes
CUST-14954,Male,1,No,Yes,56,Yes,Yes,Fiber optic,No,Yes,Yes,No,Yes,No,One year,No,Electronic check,99.81,5469.03,No,0.4161,No
CUST-13413,Male,0,No,No,0,Yes,Yes,DSL,Yes,Yes,No,Yes,Yes,No,Month-to-month,Yes,Credit card (automatic),68.63,0.0,Yes,0.7204,Yes
CUST-11173,Male,0,Yes,Yes,16,Yes,Yes,No,No internet service,No internet service,No internet service,No internet service,No internet service,No internet service,Month-to-month,Yes,Bank transfer (automatic),46.68,713.67,No,0.5727,Yes
CUST-10759,Female,0,No,No,35,Yes,Yes,DSL,No,Yes,Yes,No,No,No,Two year,Yes,Mailed check,69.47,2312.86,No,0.2824,No
CUST-11047,Female,1,No,Yes,49,Yes,No,Fiber optic,No,No,Yes,No,Yes,Yes,One year,No,Mailed check,99.79,4949.93,Yes,0.385,No
CUST-11374,Female,1,Yes,No,7,Yes,No,DSL,Yes,No,No,No,Yes,No,Two year,No,Electronic check,50.13,356.11,No,0.4503,No
CUST-12688,Female,1,Yes,Yes,4,Yes,Yes,Fiber optic,Yes,No,No,Yes,No,Yes,Month-to-month,Yes,Mailed check,90.36,369.92,Yes,0.9037,Yes
CUST-12580,Male,0,No,No,5,Yes,No,DSL,No,No,No,No,Yes,Yes,Month-to-month,No,Electronic check,77.61,373.06,Yes,0.8686,Yes
CUST-13724,Male,0,Yes,No,8,No,No phone service,DSL,No,Yes,Yes,Yes,No,No,One year,Yes,Electronic check,69.86,564.1,No,0.4995,No
CUST-14105,Male,0,Yes,Yes,42,Yes,Yes,Fiber optic,Yes,No,No,No,No,No,One year,Yes,Electronic check,93.08,3886.35,No,0.3269,No
CUST-10214,Female,1,Yes,Yes,36,Yes,Yes,DSL,No,Yes,No,No,Yes,Yes,Month-to-month,Yes,Mailed check,76.58,2579.98,No,0.6394,Yes
CUST-13352,Male,0,No,No,6,Yes,Yes,No,No internet service,No internet service,No internet service,No internet service,No internet service,No internet service,One year,Yes,Bank transfer (automatic),30.78,174.94,No,0.4581,No
CUST-13339,Female,0,No,No,37,Yes,Yes,No,No internet service,No internet service,No internet service,No internet service,No internet service,No internet service,Month-to-month,No,Credit card (automatic),39.63,1353.48,Yes,0.3728,No
CUST-10693,Female,0,No,No,67,Yes,Yes,DSL,Yes,No,No,No,Yes,No,Two year,Yes,Electronic check,62.95,4126.13,No,0.0616,No
CUST-13689,Male,0,Yes,Yes,47,Yes,Yes,Fiber optic,No,Yes,Yes,Yes,No,Yes,Month-to-month,Yes,Bank transfer (automatic),98.86,4791.77,Yes,0.5516,Yes
CUST-11437,Female,0,Yes,No,27,Yes,Yes,Fiber optic,No,Yes,No,No,Yes,No,Month-to-month,No,Mailed check,87.05,2349.68,No,0.7922,Yes
CUST-12135,Female,0,Yes,No,19,Yes,No,Fiber optic,No,Yes,Yes,No,No,No,One year,Yes,Electronic check,97.28,1731.31,Yes,0.7769,Yes
CUST-12995,Female,0,No,No,33,Yes,No,Fiber optic,Yes,Yes,Yes,No,No,No,Month-to-month,No,Electronic check,88.56,2706.35,No,0.8087,Yes
CUST-11786,Male,1,No,No,19,Yes,Yes,No,No internet service,No internet service,No internet service,No internet service,No internet service,No internet service,Month-to-month,No,Credit card (automatic),22.94,443.9,Yes,0.6852,Yes
CUST-11268,Female,0,No,No,49,No,No phone service,Fiber optic,Yes,No,No,No,Yes,No,One year,Yes,Electronic check,84.27,4250.85,No,0.3206,No
CUST-12555,Male,0,Yes,No,19,Yes,Yes,DSL,No,No,Yes,No,No,Yes,Month-to-month,Yes,Bank transfer (automatic),75.33,1418.38,No,0.7387,Yes
CUST-11001,Female,0,No,No,9,Yes,No,Fiber optic,Yes,No,No,Yes,No,Yes,Month-to-month,Yes,Mailed check,86.07,774.6299999999999,Yes,0.8701,Yes
CUST-10196,Male,0,Yes,No,7,Yes,No,DSL,No,No,Yes,Yes,Yes,Yes,Two year,Yes,Bank transfer (automatic),77.19,517.69,No,0.3613,No
CUST-13742,Female,0,No,No,36,Yes,No,DSL,Yes,No,No,No,Yes,No,Month-to-month,Yes,Bank transfer (automatic),62.15,2134.16,No,0.4624,No
CUST-14675,Male,0,Yes,No,34,Yes,No,Fiber optic,No,Yes,No,No,No,Yes,One year,No,Electronic check,86.1,2998.47,Yes,0.4793,No
CUST-11720,Male,0,No,No,26,Yes,Yes,DSL,No,No,No,No,No,No,One year,Yes,Credit card (automatic),58.46,1515.79,No,0.3237,No
CUST-10879,Female,1,Yes,No,56,Yes,No,Fiber optic,No,No,Yes,No,No,No,Month-to-month,No,Bank transfer (automatic),90.83,5147.23,No,0.6148,Yes
CUST-14582,Male,0,Yes,No,27,Yes,No,DSL,No,No,Yes,No,Yes,No,Month-to-month,No,Bank transfer (automatic),62.59,1698.12,Yes,0.5714,Yes
CUST-12167,Female,0,No,No,72,No,No phone service,Fiber optic,No,Yes,No,Yes,No,No,Two year,Yes,Electronic check,82.04,5485.69,No,0.1061,No
CUST-14593,Female,0,Yes,Yes,51,No,No phone service,DSL,Yes,No,No,Yes,Yes,No,Month-to-month,Yes,Mailed check,65.71,3098.14,Yes,0.1148,No
CUST-13245,Female,0,No,Yes,71,No,No phone service,Fiber optic,Yes,Yes,No,No,Yes,No,Two year,Yes,Bank transfer (automatic),94.9,6766.42,No,0.0539,No
CUST-10887,Male,1,No,No,15,Yes,Yes,Fiber optic,No,Yes,Yes,No,Yes,No,Month-to-month,Yes,Credit card (automatic),98.8,1397.6,Yes,0.9666,Yes
CUST-11736,Female,0,Yes,No,22,Yes,No,DSL,No,No,No,Yes,Yes,No,One year,No,Bank transfer (automatic),71.07,1467.54,No,0.1102,No
CUST-10068,Male,0,No,No,70,Yes,Yes,DSL,Yes,Yes,Yes,No,No,No,Month-to-month,Yes,Mailed check,63.9,4120.7,No,0.2223,No
CUST-12499,Female,0,No,No,26,Yes,Yes,DSL,Yes,No,Yes,No,No,Yes,Month-to-month,Yes,Bank transfer (automatic),88.38,2391.88,Yes,0.625,Yes
CUST-14388,Male,0,No,Yes,33,Yes,No,No,No internet service,No internet service,No internet service,No internet service,No internet service,No internet service,Month-to-month,No,Electronic check,32.8,1005.7,Yes,0.5152,Yes
CUST-10568,Female,0,Yes,Yes,49,Yes,Yes,Fiber optic,No,Yes,Yes,Yes,No,No,Two year,Yes,Bank transfer (automatic),90.69,4642.9,No,0.1439,No
CUST-11654,Male,0,Yes,No,18,Yes,Yes,Fiber optic,No,Yes,No,Yes,No,No,Month-to-month,No,Electronic check,78.05,1301.54,Yes,0.8104,Yes
CUST-10096,Male,0,Yes,No,38,Yes,Yes,Fiber optic,No,No,Yes,No,No,Yes,Month-to-month,Yes,Credit card (automatic),95.06,3360.33,Yes,0.8059,Yes
CUST-11623,Male,0,Yes,No,23,No,No phone service,DSL,Yes,Yes,Yes,No,No,No,One year,Yes,Bank transfer (automatic),78.26,1788.6,No,0.2083,No
CUST-14864,Female,0,No,No,5,Yes,No,Fiber optic,No,No,No,No,No,No,One year,No,Credit card (automatic),74.56,359.33,Yes,0.7153,Yes
CUST-10139,Male,0,Yes,No,49,Yes,Yes,No,No internet service,No internet service,No internet service,No internet service,No internet service,No internet service,Two year,No,Bank transfer (automatic),25.78,1282.14,No,0.0478,No
CUST-12414,Male,0,Yes,Yes,52,Yes,Yes,Fiber optic,Yes,Yes,Yes,No,Yes,No,Month-to-month,Yes,Mailed check,93.29,4646.61,No,0.5344,Yes
CUST-12620,Female,0,Yes,Yes,34,Yes,No,No,No internet service,No internet service,No internet service,No internet service,No internet service,No internet service,Two year,Yes,Bank transfer (automatic),39.92,1337.67,No,0.1083,No
CUST-11617,Female,1,No,Yes,30,Yes,No,DSL,Yes,Yes,Yes,Yes,Yes,Yes,Month-to-month,Yes,Bank transfer (automatic),87.72,2480.28,No,0.524,Yes
CUST-14391,Female,0,Yes,No,20,Yes,No,Fiber optic,Yes,Yes,Yes,No,No,Yes,Month-to-month,Yes,Credit card (automatic),91.11,1786.79,Yes,0.8424,Yes
CUST-13441,Male,0,No,No,16,Yes,No,Fiber optic,No,Yes,Yes,Yes,No,Yes,Month-to-month,No,Mailed check,104.32,1696.93,Yes,0.8532,Yes
CUST-14679,Male,0,Yes,Yes,23,No,No phone service,No,No internet service,No internet service,No internet service,No internet service,No internet service,No internet service,Two year,No,Mailed check,44.55,1026.62,No,0.0987,No
CUST-11844,Female,0,No,No,23,Yes,No,Fiber optic,Yes,No,No,Yes,Yes,Yes,Month-to-month,No,Credit card (automatic),112.74,2553.2,No,0.5974,Yes
CUST-11721,Female,0,Yes,No,43,Yes,Yes,No,No internet service,No internet service,No internet service,No internet service,No internet service,No internet service,Month-to-month,No,Bank transfer (automatic),33.21,1362.0,No,0.2717,No
CUST-13260,Male,0,Yes,Yes,55,Yes,No,DSL,No,No,No,No,Yes,No,One year,No,Mailed check,50.48,2829.33,No,0.0552,No
CUST-10463,Male,0,No,No,5,Yes,Yes,Fiber optic,No,Yes,No,No,Yes,No,Month-to-month,Yes,Mailed check,106.17,494.77,Yes,0.9635,Yes
CUST-12347,Female,0,Yes,No,46,No,No phone service,DSL,No,Yes,No,No,Yes,No,One year,Yes,Bank transfer (automatic),63.84,2960.14,No,0.1212,No
CUST-13418,Male,1,No,Yes,37,Yes,No,No,No internet service,No internet service,No internet service,No internet service,No internet service,No internet service,Month-to-month,Yes,Electronic check,18.0,656.82,Yes,0.7509,Yes
CUST-13405,Male,1,Yes,Yes,21,Yes,No,DSL,No,No,No,No,No,No,Month-to-month,No,Credit card (automatic),56.2,1113.77,Yes,0.6084,Yes
CUST-10594,Male,0,Yes,No,19,Yes,Yes,Fiber optic,Yes,No,No,No,Yes,Yes,Month-to-month,No,Credit card (automatic),96.39,1692.31,Yes,0.7208,Yes
CUST-11340,Female,0,Yes,Yes,13,Yes,Yes,No,No internet service,No internet service,No internet service,No internet service,No internet service,No internet service,Month-to-month,Yes,Electronic check,33.64,412.04,Yes,0.7216,Yes
CUST-10625,Male,0,Yes,Yes,34,Yes,Yes,No,No internet service,No internet service,No internet service,No internet service,No internet service,No internet service,Month-to-month,Yes,Credit card (automatic),38.12,1290.17,No,0.421,No
CUST-10450,Female,0,No,No,39,Yes,Yes,Fiber optic,Yes,No,No,No,No,No,Month-to-month,No,Electronic check,101.19,3938.91,Yes,0.6977,Yes
CUST-13268,Male,0,No,No,70,Yes,No,DSL,Yes,No,No,Yes,Yes,No,Month-to-month,No,Credit card (automatic),73.57,5238.97,No,0.0511,No
CUST-13311,Male,0,No,No,65,Yes,No,Fiber optic,No,No,No,No,Yes,Yes,One year,Yes,Mailed check,82.44,5153.24,Yes,0.2366,No
CUST-12405,Female,0,No,No,68,Yes,No,DSL,No,Yes,No,No,Yes,No,One year,No,Electronic check,55.61,3927.16,No,0.0752,No
CUST-11330,Male,0,Yes,Yes,57,Yes,Yes,No,No internet service,No internet service,No internet service,No internet service,No internet service,No internet service,Month-to-month,No,Mailed check,44.45,2590.3,No,0.1482,No
CUST-11924,Male,0,No,Yes,33,Yes,Yes,No,No internet service,No internet service,No internet service,No internet service,No internet service,No internet service,One year,No,Credit card (automatic),32.26,1002.8,No,0.1153,No
CUST-11504,Female,0,Yes,Yes,11,Yes,No,No,No internet service,No internet service,No internet service,No internet service,No internet service,No internet service,Month-to-month,Yes,Electronic check,31.83,327.2,Yes,0.7651,Yes
CUST-11941,Male,0,No,No,32,Yes,Yes,DSL,No,No,No,No,Yes,Yes,Month-to-month,No,Mailed check,64.08,2053.41,No,0.5613,Yes
CUST-12464,Male,0,Yes,No,12,Yes,No,Fiber optic,No,Yes,Yes,Yes,Yes,Yes,Two year,Yes,Electronic check,119.64,1485.83,Yes,0.7595,Yes
CUST-13648,Female,1,Yes,Yes,14,Yes,No,Fiber optic,No,No,No,No,No,No,Month-to-month,No,Bank transfer (automatic),91.14,1337.56,Yes,0.8825,Yes
CUST-13948,Female,0,No,Yes,48,Yes,Yes,Fiber optic,No,No,No,No,Yes,No,One year,Yes,Credit card (automatic),77.38,3854.29,No,0.3397,No
CUST-10150,Female,1,No,Yes,1,Yes,No,DSL,No,No,Yes,Yes,No,No,Month-to-month,Yes,Mailed check,53.36,51.31,Yes,0.8878,Yes
CUST-13168,Female,0,Yes,Yes,0,Yes,No,DSL,No,Yes,Yes,No,Yes,No,Month-to-month,Yes,Electronic check,66.28,0.0,Yes,0.9163,Yes
CUST-13972,Male,1,Yes,Yes,10,Yes,Yes,DSL,Yes,Yes,Yes,Yes,Yes,No,One year,Yes,Mailed check,75.65,708.55,No,0.3778,No
CUST-12704,Male,0,No,Yes,12,Yes,No,Fiber optic,Yes,No,No,No,Yes,No,One year,Yes,Electronic check,104.39,1190.35,Yes,0.7491,Yes
CUST-11482,Male,0,No,No,63,Yes,No,Fiber optic,No,No,No,No,No,No,Two year,No,Electronic check,73.86,4384.11,No,0.1945,No
CUST-10088,Female,0,No,No,15,Yes,Yes,Fiber optic,Yes,No,No,No,No,No,One year,Yes,Mailed check,100.46,1410.29,Yes,0.6161,Yes
CUST-10457,Female,0,Yes,No,72,Yes,No,DSL,Yes,No,No,No,No,No,Month-to-month,Yes,Electronic check,51.39,3673.86,No,0.1888,No
CUST-12418,Male,1,Yes,No,51,Yes,No,Fiber optic,No,No,Yes,No,No,Yes,Month-to-month,Yes,Mailed check,100.54,4749.08,No,0.7988,Yes
CUST-12945,Male,0,Yes,No,6,Yes,Yes,No,No internet service,No internet service,No internet service,No internet service,No internet service,No internet service,Month-to-month,No,Bank transfer (automatic),34.83,194.11,Yes,0.6288,Yes
CUST-13291,Male,0,No,No,64,Yes,No,Fiber optic,No,No,Yes,Yes,Yes,No,Month-to-month,Yes,Bank transfer (automatic),82.88,4923.81,Yes,0.4771,No
CUST-13248,Male,1,Yes,No,56,Yes,Yes,No,No internet service,No internet service,No internet service,No internet service,No internet service,No internet service,One year,Yes,Electronic check,35.68,1839.18,No,0.1962,No
CUST-12018,Female,0,Yes,Yes,53,Yes,No,DSL,No,Yes,Yes,No,No,Yes,Two year,Yes,Credit card (automatic),75.43,3838.67,No,0.0717,No
CUST-11672,Male,1,Yes,No,13,Yes,No,Fiber optic,Yes,Yes,No,No,No,Yes,Month-to-month,No,Credit card (automatic),90.93,1221.45,Yes,0.8617,Yes
CUST-13670,Male,1,Yes,No,42,Yes,No,Fiber optic,Yes,No,No,No,Yes,Yes,Month-to-month,No,Bank transfer (automatic),103.92,4436.12,No,0.6273,Yes
CUST-10831,Male,0,No,No,30,Yes,No,DSL,No,No,No,No,Yes,No,One year,Yes,Bank transfer (automatic),46.16,1334.05,No,0.3087,No
CUST-10239,Female,0,Yes,No,14,Yes,Yes,Fiber optic,No,No,Yes,No,Yes,No,Month-to-month,Yes,Mailed check,92.64,1278.33,Yes,0.9366,Yes
CUST-14696,Male,0,Yes,No,21,No,No phone service,Fiber optic,Yes,Yes,Yes,No,No,No,Month-to-month,Yes,Electronic check,89.99,1967.53,Yes,0.8961,Yes
CUST-10999,Female,1,Yes,No,22,Yes,No,Fiber optic,No,No,No,Yes,No,Yes,Month-to-month,Yes,Bank transfer (automatic),96.89,2200.77,Yes,0.8572,Yes
CUST-12592,Female,0,Yes,Yes,62,Yes,Yes,DSL,No,No,No,No,No,Yes,Month-to-month,Yes,Bank transfer (automatic),55.4,3177.9,No,0.2052,No
CUST-12399,Female,0,No,No,30,Yes,Yes,Fiber optic,No,No,No,No,Yes,Yes,Month-to-month,Yes,Bank transfer (automatic),84.46,2472.7,Yes,0.8659,Yes
CUST-14289,Male,1,Yes,Yes,2,Yes,No,DSL,No,Yes,No,No,Yes,Yes,Month-to-month,Yes,Mailed check,71.29,131.59,Yes,0.8983,Yes
CUST-11253,Female,0,No,Yes,21,Yes,Yes,Fiber optic,No,No,No,Yes,Yes,Yes,Month-to-month,Yes,Electronic check,95.98,1939.33,No,0.8741,Yes
CUST-10192,Female,1,Yes,No,62,Yes,No,DSL,Yes,Yes,No,No,Yes,No,Two year,No,Bank transfer (automatic),76.5,4410.84,No,0.0306,No
CUST-13631,Female,0,Yes,No,11,Yes,Yes,DSL,No,No,Yes,No,No,Yes,Month-to-month,Yes,Credit card (automatic),59.72,669.99,Yes,0.8204,Yes
CUST-13767,Female,0,No,Yes,53,Yes,No,No,No internet service,No internet service,No internet service,No internet service,No internet service,No internet service,Month-to-month,No,Credit card (automatic),43.11,2231.94,Yes,0.1782,No
CUST-13867,Female,0,No,No,2,Yes,Yes,DSL,No,Yes,Yes,No,Yes,Yes,Month-to-month,Yes,Mailed check,74.03,147.17,No,0.9196,Yes
CUST-10944,Male,1,No,No,55,Yes,No,DSL,No,No,No,No,No,No,Month-to-month,Yes,Credit card (automatic),61.21,3226.72,No,0.4969,No
CUST-14194,Female,0,Yes,No,41,Yes,No,No,No internet service,No internet service,No internet service,No internet service,No internet service,No internet service,Two year,No,Mailed check,37.7,1519.84,No,0.0751,No
CUST-14121,Female,0,Yes,No,4,Yes,No,DSL,No,No,No,No,No,Yes,Month-to-month,Yes,Mailed check,62.47,230.17,Yes,0.8325,Yes
CUST-14244,Male,0,Yes,Yes,47,Yes,No,Fiber optic,No,No,Yes,No,Yes,Yes,Month-to-month,Yes,Credit card (automatic),91.85,4441.47,Yes,0.7089,Yes
CUST-14902,Female,0,No,No,21,Yes,No,No,No internet service,No internet service,No internet service,No internet service,No internet service,No internet service,One year,Yes,Electronic check,37.25,811.61,Yes,0.4146,No
CUST-14438,Male,0,Yes,No,23,Yes,Yes,No,No internet service,No internet service,No internet service,No internet service,No internet service,No internet service,Month-to-month,No,Mailed check,40.22,856.94,No,0.4698,No
CUST-13038,Male,0,No,No,70,Yes,No,Fiber optic,No,Yes,No,No,No,Yes,One year,No,Bank transfer (automatic),90.43,6568.88,No,0.0972,No
CUST-12574,Female,1,Yes,No,45,Yes,No,Fiber optic,No,Yes,Yes,Yes,Yes,No,Month-to-month,No,Electronic check,91.32,4312.34,Yes,0.7683,Yes
CUST-14154,Male,0,Yes,Yes,28,Yes,Yes,No,No internet service,No internet service,No internet service,No internet service,No internet service,No internet service,Month-to-month,Yes,Electronic check,29.59,835.27,No,0.6289,Yes
CUST-13879,Male,0,Yes,No,15,No,No phone service,Fiber optic,No,Yes,Yes,No,Yes,No,Two year,No,Credit card (automatic),99.21,1373.16,Yes,0.5158,Yes
CUST-14227,Female,0,No,Yes,24,Yes,No,Fiber optic,No,No,Yes,Yes,No,No,Month-to-month,Yes,Credit card (automatic),88.7,2084.31,Yes,0.808,Yes
CUST-14950,Male,0,Yes,No,52,Yes,Yes,Fiber optic,Yes,No,Yes,No,No,No,One year,No,Credit card (automatic),80.34,4176.92,No,0.1359,No
CUST-11375,Female,0,Yes,Yes,40,Yes,No,Fiber optic,No,Yes,No,No,No,Yes,One year,Yes,Bank transfer (automatic),112.15,4183.42,No,0.3008,No
CUST-13916,Male,0,No,No,63,Yes,Yes,No,No internet service,No internet service,No internet service,No internet service,No internet service,No internet service,One year,No,Bank transfer (automatic),30.54,1866.08,No,0.0457,No
CUST-12990,Male,0,Yes,No,56,Yes,Yes,Fiber optic,No,Yes,No,No,Yes,Yes,Month-to-month,No,Electronic check,109.37,5808.66,No,0.5436,Yes
CUST-12144,Male,0,No,Yes,28,No,No phone service,Fiber optic,No,Yes,No,Yes,Yes,No,One year,Yes,Bank transfer (automatic),99.88,2576.26,No,0.3573,No
CUST-14758,Male,0,Yes,No,39,Yes,Yes,Fiber optic,No,Yes,Yes,No,Yes,Yes,Month-to-month,Yes,Electronic check,103.68,4012.47,No,0.8848,Yes
CUST-12531,Female,1,No,No,38,Yes,No,Fiber optic,No,No,No,No,Yes,Yes,One year,No,Credit card (automatic),91.8,3271.57,No,0.4903,No
CUST-14931,Female,0,No,Yes,47,Yes,No,DSL,Yes,No,Yes,No,No,Yes,One year,No,Electronic check,68.09,3143.13,No,0.1116,No
CUST-10191,Female,0,Yes,No,24,Yes,No,No,No internet service,No internet service,No internet service,No internet service,No internet service,No internet service,Month-to-month,Yes,Electronic check,34.17,857.47,Yes,0.6863,Yes
CUST-11489,Female,1,Yes,Yes,13,No,No phone service,No,No internet service,No internet service,No internet service,No internet service,No internet service,No internet service,Month-to-month,Yes,Credit card (automatic),27.84,351.88,Yes,0.6911,Yes
CUST-12890,Male,0,No,No,66,Yes,Yes,DSL,Yes,No,No,Yes,No,No,Month-to-month,No,Credit card (automatic),67.86,4671.31,No,0.06,No
CUST-12473,Male,1,Yes,No,16,Yes,Yes,No,No internet service,No internet service,No internet service,No internet service,No internet service,No internet service,Two year,No,Credit card (automatic),27.87,448.6,No,0.2423,No
CUST-12727,Male,0,Yes,No,62,No,No phone service,Fiber optic,Yes,No,No,No,No,No,One year,No,Electronic check,88.97,5537.46,No,0.097,No
CUST-11215,Male,0,Yes,Yes,32,Yes,No,DSL,No,No,No,No,Yes,Yes,One year,Yes,Mailed check,66.14,1952.68,No,0.2139,No
CUST-14036,Female,0,No,No,49,Yes,No,No,No internet service,No internet service,No internet service,No internet service,No internet service,No internet service,Month-to-month,No,Bank transfer (automatic),41.12,1891.84,Yes,0.2436,No
CUST-12984,Female,1,Yes,Yes,23,No,No phone service,DSL,No,No,Yes,No,No,Yes,Month-to-month,Yes,Bank transfer (automatic),61.31,1420.97,Yes,0.7431,Yes
CUST-12882,Female,0,Yes,No,58,Yes,No,No,No internet service,No internet service,No internet service,No internet service,No internet service,No internet service,Month-to-month,Yes,Mailed check,47.26,2587.68,Yes,0.2472,No
CUST-13668,Male,0,No,Yes,18,Yes,Yes,No,No internet service,No internet service,No internet service,No internet service,No internet service,No internet service,Month-to-month,No,Bank transfer (automatic),25.08,461.19,No,0.5033,Yes
CUST-11103,Male,0,No,Yes,19,Yes,Yes,DSL,Yes,No,No,Yes,Yes,No,Month-to-month,No,Bank transfer (automatic),56.66,1018.31,No,0.3089,No
CUST-14403,Female,0,Yes,No,50,Yes,No,Fiber optic,Yes,No,No,Yes,Yes,No,Month-to-month,Yes,Credit card (automatic),97.05,4566.1,Yes,0.3258,No
CUST-13999,Female,0,Yes,Yes,64,Yes,No,Fiber optic,No,No,Yes,No,Yes,No,One year,Yes,Credit card (automatic),87.37,5185.43,No,0.1661,No
CUST-11665,Male,0,Yes,No,25,Yes,Yes,DSL,No,No,No,Yes,No,No,Month-to-month,No,Mailed check,59.74,1538.28,No,0.3964,No
CUST-10166,Male,1,No,Yes,0,Yes,Yes,Fiber optic,No,Yes,No,Yes,No,No,Two year,Yes,Mailed check,77.83,0.0,Yes,0.8162,Yes
CUST-11616,Female,0,Yes,No,71,Yes,Yes,Fiber optic,Yes,Yes,Yes,No,No,No,Month-to-month,No,Credit card (automatic),100.95,7318.51,No,0.1954,No
CUST-11371,Male,0,No,No,10,Yes,Yes,Fiber optic,No,No,No,Yes,Yes,Yes,One year,Yes,Electronic check,95.69,993.99,No,0.8078,Yes
CUST-11024,Female,0,Yes,Yes,3,Yes,No,DSL,Yes,No,No,Yes,No,No,Month-to-month,Yes,Bank transfer (automatic),56.29,161.65,No,0.5334,Yes
CUST-11338,Female,0,Yes,No,1,Yes,Yes,DSL,Yes,No,Yes,Yes,No,Yes,Two year,Yes,Electronic check,76.03,74.54,Yes,0.4191,No
CUST-14782,Male,0,No,No,45,Yes,Yes,Fiber optic,No,Yes,No,Yes,No,Yes,Month-to-month,No,Mailed check,100.79,4305.16,No,0.5246,Yes
CUST-13662,Female,0,Yes,No,61,Yes,Yes,No,No internet service,No internet service,No internet service,No internet service,No internet service,No internet service,Month-to-month,No,Mailed check,44.5,2767.11,No,0.151,No
CUST-11849,Male,0,Yes,No,48,Yes,Yes,DSL,Yes,No,No,Yes,No,No,Month-to-month,No,Mailed check,84.58,3939.62,No,0.1134,No
CUST-14825,Male,0,Yes,No,17,Yes,No,No,No internet service,No internet service,No internet service,No internet service,No internet service,No internet service,One year,No,Credit card (automatic),26.68,454.15,Yes,0.1733,No
CUST-14152,Female,0,No,No,14,No,No phone service,Fiber optic,No,No,Yes,Yes,No,Yes,Month-to-month,Yes,Credit card (automatic),80.94,1156.55,No,0.8846,Yes
CUST-12980,Female,0,No,Yes,62,No,No phone service,DSL,No,Yes,No,No,No,Yes,Month-to-month,Yes,Electronic check,56.26,3362.81,No,0.3485,No
CUST-10152,Female,0,No,Yes,59,Yes,Yes,Fiber optic,No,No,No,No,No,Yes,One year,Yes,Credit card (automatic),90.04,5543.56,No,0.1894,No
CUST-12552,Male,0,No,No,69,Yes,Yes,Fiber optic,Yes,No,No,Yes,No,No,Month-to-month,No,Bank transfer (automatic),118.49,8317.73,No,0.1126,No
CUST-14703,Female,1,No,Yes,62,Yes,Yes,DSL,No,No,No,No,No,No,Month-to-month,No,Credit card (automatic),66.06,3827.58,Yes,0.2432,No
CUST-13132,Female,0,No,Yes,18,Yes,No,Fiber optic,Yes,No,No,Yes,No,No,Month-to-month,No,Electronic check,96.62,1632.83,Yes,0.7125,Yes
CUST-13897,Male,0,No,No,69,No,No phone service,DSL,Yes,No,Yes,No,No,No,One year,No,Bank transfer (automatic),59.42,4118.06,No,0.0279,No
CUST-13716,Male,0,No,No,57,Yes,Yes,DSL,No,No,Yes,No,No,Yes,One year,Yes,Credit card (automatic),62.13,3455.46,No,0.134,No
CUST-13794,Female,0,No,No,1,Yes,Yes,Fiber optic,Yes,Yes,No,No,No,Yes,Month-to-month,Yes,Mailed check,104.58,101.16,Yes,0.9474,Yes
CUST-12883,Male,0,No,No,8,Yes,No,Fiber optic,No,No,Yes,No,Yes,No,Month-to-month,Yes,Bank transfer (automatic),83.6,684.85,Yes,0.9654,Yes
CUST-14116,Male,0,Yes,No,24,Yes,Yes,DSL,No,No,Yes,No,Yes,Yes,Month-to-month,Yes,Credit card (automatic),66.52,1625.6,Yes,0.7134,Yes
CUST-14837,Male,0,No,No,3,Yes,Yes,Fiber optic,Yes,Yes,No,No,No,Yes,Month-to-month,Yes,Bank transfer (automatic),96.83,281.22,Yes,0.9354,Yes
CUST-12968,Female,0,Yes,Yes,19,Yes,Yes,DSL,Yes,Yes,Yes,No,No,Yes,Two year,No,Mailed check,86.02,1590.99,No,0.1341,No
CUST-11862,Female,0,No,No,1,Yes,Yes,Fiber optic,No,No,Yes,No,Yes,Yes,Month-to-month,Yes,Electronic check,92.4,87.01,Yes,0.9845,Yes
CUST-10031,Male,0,Yes,No,19,Yes,No,DSL,Yes,Yes,No,Yes,Yes,Yes,One year,No,Electronic check,72.68,1443.05,No,0.147,No
CUST-10937,Male,0,No,No,22,No,No phone service,DSL,Yes,No,No,Yes,Yes,No,Month-to-month,No,Credit card (automatic),80.42,1679.2,No,0.2872,No
CUST-11235,Male,1,Yes,No,9,Yes,No,DSL,No,No,No,Yes,Yes,Yes,Month-to-month,No,Mailed check,68.7,628.37,Yes,0.734,Yes
CUST-11966,Male,0,Yes,Yes,35,Yes,Yes,Fiber optic,Yes,No,No,Yes,No,Yes,Two year,No,Bank transfer (automatic),96.89,3469.95,No,0.0904,No
CUST-12344,Female,0,Yes,Yes,4,Yes,No,Fiber optic,No,Yes,No,No,Yes,No,Month-to-month,Yes,Mailed check,82.88,320.8,Yes,0.941,Yes
CUST-10309,Male,0,Yes,Yes,14,Yes,No,Fiber optic,No,Yes,No,No,Yes,Yes,Month-to-month,Yes,Credit card (automatic),85.57,1127.63,No,0.8838,Yes
CUST-12471,Male,0,Yes,No,0,Yes,Yes,Fiber optic,No,No,Yes,Yes,Yes,Yes,Month-to-month,No,Credit card (automatic),90.98,0.0,Yes,0.9072,Yes
CUST-13322,Female,0,Yes,No,22,Yes,No,Fiber optic,No,Yes,No,No,Yes,No,Month-to-month,No,Credit card (automatic),95.24,2126.08,No,0.7899,Yes
CUST-13134,Female,0,No,No,60,Yes,Yes,Fiber optic,No,No,No,Yes,Yes,No,Two year,Yes,Bank transfer (automatic),98.88,5476.38,No,0.1076,No
CUST-14373,Female,0,Yes,No,34,Yes,No,DSL,No,No,Yes,No,No,No,Two year,Yes,Electronic check,75.97,2579.08,No,0.3129,No
CUST-10495,Male,0,Yes,No,53,Yes,No,Fiber optic,No,No,No,Yes,Yes,No,Month-to-month,Yes,Electronic check,87.52,4617.65,No,0.5902,Yes
CUST-10205,Male,0,No,No,12,Yes,Yes,Fiber optic,No,Yes,Yes,Yes,No,No,Two year,No,Credit card (automatic),97.13,1138.87,Yes,0.5449,Yes
CUST-12908,Male,0,No,No,62,Yes,No,Fiber optic,No,No,No,No,No,No,Month-to-month,Yes,Electronic check,68.22,4278.0,Yes,0.7185,Yes
CUST-13378,Female,0,Yes,No,42,Yes,No,Fiber optic,No,No,No,No,No,No,Two year,Yes,Electronic check,82.45,3462.9,No,0.4517,No
CUST-14676,Female,0,Yes,No,28,Yes,No,No,No internet service,No internet service,No internet service,No internet service,No internet service,No internet service,Two year,No,Bank transfer (automatic),38.0,1025.49,No,0.1008,No
CUST-10305,Male,0,No,Yes,6,Yes,Yes,Fiber optic,Yes,No,No,Yes,No,Yes,One year,Yes,Credit card (automatic),88.6,555.09,No,0.5548,Yes
CUST-13817,Female,0,Yes,No,45,Yes,No,DSL,No,Yes,No,Yes,No,Yes,Two year,No,Credit card (automatic),72.43,3014.56,No,0.0363,No
CUST-12351,Female,0,No,No,1,Yes,Yes,DSL,No,Yes,No,No,No,Yes,One year,No,Mailed check,48.85,48.57,No,0.5022,Yes
CUST-11061,Female,0,Yes,Yes,19,Yes,Yes,Fiber optic,Yes,No,No,No,Yes,Yes,Month-to-month,No,Bank transfer (automatic),100.19,1757.09,Yes,0.6634,Yes
CUST-10843,Male,0,Yes,Yes,67,Yes,No,Fiber optic,No,Yes,Yes,No,Yes,Yes,Month-to-month,Yes,Electronic check,88.45,6098.9,No,0.6068,Yes
CUST-12732,Female,0,Yes,Yes,18,Yes,No,DSL,Yes,No,No,No,Yes,Yes,Two year,No,Mailed check,80.61,1379.19,No,0.1103,No
CUST-12268,Male,0,No,Yes,8,Yes,Yes,DSL,No,No,Yes,No,Yes,No,Month-to-month,Yes,Electronic check,75.54,559.99,Yes,0.9121,Yes
CUST-10211,Female,0,No,Yes,37,Yes,No,Fiber optic,No,Yes,No,No,Yes,No,Month-to-month,Yes,Electronic check,65.28,2384.21,Yes,0.8781,Yes
CUST-13739,Female,0,Yes,No,45,Yes,No,Fiber optic,No,Yes,No,No,Yes,No,Month-to-month,No,Mailed check,105.68,4641.15,Yes,0.5963,Yes
CUST-10679,Female,0,Yes,No,52,Yes,Yes,No,No internet service,No internet service,No internet service,No internet service,No internet service,No internet service,Month-to-month,No,Electronic check,22.08,1170.09,No,0.3089,No
CUST-10565,Male,0,Yes,Yes,19,Yes,Yes,No,No internet service,No internet service,No internet service,No internet service,No internet service,No internet service,One year,Yes,Electronic check,30.22,576.3,No,0.3266,No
CUST-11789,Female,0,Yes,No,25,No,No phone service,Fiber optic,No,No,Yes,Yes,No,No,Month-to-month,No,Mailed check,89.8,2348.56,Yes,0.7155,Yes
CUST-13603,Female,0,No,No,66,Yes,Yes,DSL,No,No,Yes,No,No,No,Month-to-month,Yes,Electronic check,76.13,5021.78,No,0.4216,No
CUST-10680,Female,1,Yes,No,14,Yes,Yes,Fiber optic,Yes,Yes,No,No,No,No,Two year,No,Bank transfer (automatic),98.55,1401.19,No,0.4976,No
CUST-10180,Female,0,No,No,41,Yes,No,DSL,No,Yes,No,Yes,No,No,Two year,Yes,Mailed check,61.33,2508.86,No,0.1131,No
CUST-12678,Female,0,Yes,No,57,Yes,Yes,DSL,Yes,No,Yes,No,Yes,No,Month-to-month,Yes,Credit card (automatic),67.59,3953.22,Yes,0.235,No
CUST-14427,Male,1,No,Yes,17,Yes,No,Fiber optic,No,No,Yes,No,No,No,One year,Yes,Mailed check,86.48,1479.04,Yes,0.8407,Yes
CUST-12333,Female,0,No,Yes,21,Yes,No,DSL,Yes,No,No,No,No,No,Month-to-month,No,Credit card (automatic),62.33,1281.18,No,0.3982,No
CUST-14287,Female,0,Yes,Yes,11,Yes,Yes,DSL,No,No,Yes,Yes,No,Yes,Two year,No,Electronic check,61.65,708.62,Yes,0.275,No
CUST-10278,Male,0,Yes,No,3,Yes,No,DSL,No,No,No,No,No,No,Two year,Yes,Electronic check,53.79,162.38,Yes,0.5999,Yes
CUST-11129,Female,0,No,No,53,Yes,Yes,Fiber optic,Yes,No,Yes,No,No,No,One year,Yes,Bank transfer (automatic),103.49,5608.66,No,0.2204,No
CUST-14755,Female,0,No,No,46,Yes,No,DSL,Yes,No,No,No,Yes,Yes,Month-to-month,No,Credit card (automatic),63.4,2785.06,Yes,0.2509,No
CUST-10432,Female,0,Yes,No,60,Yes,Yes,DSL,Yes,Yes,Yes,Yes,No,No,Month-to-month,Yes,Mailed check,74.05,4290.74,No,0.1349,No
CUST-10289,Male,0,Yes,Yes,11,Yes,No,Fiber optic,No,Yes,No,Yes,No,No,Month-to-month,Yes,Mailed check,84.93,866.67,Yes,0.8577,Yes
CUST-11027,Male,0,No,Yes,4,Yes,Yes,Fiber optic,No,Yes,No,No,No,Yes,Two year,No,Bank transfer (automatic),78.65,307.28,No,0.6555,Yes
CUST-10535,Male,0,No,No,42,Yes,No,DSL,No,No,No,Yes,No,Yes,Month-to-month,No,Electronic check,76.26,3204.7,No,0.3772,No
CUST-14472,Male,0,No,No,70,Yes,No,Fiber optic,No,Yes,Yes,No,Yes,Yes,Month-to-month,Yes,Electronic check,88.63,5887.39,Yes,0.6919,Yes
CUST-10188,Male,0,Yes,Yes,54,Yes,No,No,No internet service,No internet service,No internet service,No internet service,No internet service,No internet service,Two year,Yes,Electronic check,32.22,1774.49,No,0.0884,No
CUST-12191,Male,0,Yes,Yes,5,Yes,No,DSL,No,Yes,No,Yes,No,No,Month-to-month,Yes,Mailed check,44.29,204.15,Yes,0.6827,Yes
CUST-13939,Female,0,No,No,21,Yes,Yes,No,No internet service,No internet service,No internet service,No internet service,No internet service,No internet service,Month-to-month,Yes,Mailed check,48.07,950.29,No,0.6722,Yes
CUST-11937,Female,0,No,No,62,Yes,Yes,Fiber optic,No,No,Yes,No,Yes,No,Month-to-month,Yes,Electronic check,100.03,5735.05,Yes,0.733,Yes
CUST-10270,Male,0,Yes,No,13,Yes,Yes,Fiber optic,No,No,Yes,No,No,No,One year,No,Credit card (automatic),85.71,1095.43,No,0.6204,Yes
CUST-12226,Female,0,Yes,No,51,Yes,Yes,DSL,No,No,No,No,No,No,Two year,Yes,Bank transfer (automatic),75.75,3588.55,No,0.0707,No
CUST-14098,Female,0,No,No,9,Yes,No,DSL,No,Yes,Yes,Yes,No,No,One year,Yes,Credit card (automatic),78.23,687.77,No,0.4304,No
CUST-12174,Male,0,Yes,No,44,Yes,Yes,Fiber optic,Yes,No,No,No,Yes,Yes,Month-to-month,Yes,Bank transfer (automatic),100.57,4167.34,Yes,0.5931,Yes
CUST-14161,Male,1,Yes,No,15,Yes,Yes,No,No internet service,No internet service,No internet service,No internet service,No internet service,No internet service,Month-to-month,Yes,Bank transfer (automatic),22.88,343.33,Yes,0.7634,Yes
CUST-10111,Female,0,No,Yes,4,Yes,No,DSL,No,Yes,No,No,Yes,No,Two year,No,Electronic check,66.43,253.97,Yes,0.4774,No
CUST-14706,Male,0,Yes,No,37,Yes,Yes,DSL,No,Yes,Yes,Yes,Yes,No,Month-to-month,Yes,Mailed check,66.3,2344.52,No,0.4877,No
CUST-10220,Male,0,Yes,Yes,29,Yes,No,Fiber optic,Yes,Yes,No,Yes,Yes,Yes,Two year,Yes,Bank transfer (automatic),103.95,2871.56,No,0.1849,No
CUST-10627,Male,0,No,No,31,No,No phone service,Fiber optic,Yes,No,No,Yes,No,Yes,Month-to-month,Yes,Mailed check,90.3,2906.69,No,0.6683,Yes
CUST-11483,Male,0,No,No,3,Yes,Yes,Fiber optic,No,No,Yes,No,Yes,No,Month-to-month,Yes,Credit card (automatic),69.4,201.74,Yes,0.9706,Yes
CUST-13377,Female,0,No,No,46,Yes,Yes,Fiber optic,No,No,Yes,No,No,No,Month-to-month,Yes,Bank transfer (automatic),90.14,4144.84,Yes,0.7917,Yes
CUST-12439,Male,0,No,Yes,11,Yes,No,DSL,No,Yes,No,Yes,No,Yes,One year,No,Electronic check,72.36,835.29,No,0.3261,No
CUST-10790,Male,0,No,No,36,Yes,Yes,DSL,No,No,No,No,Yes,No,Month-to-month,No,Credit card (automatic),68.65,2532.38,No,0.4693,No
CUST-12005,Male,0,No,No,52,Yes,Yes,Fiber optic,No,Yes,No,No,No,No,Two year,Yes,Credit card (automatic),76.97,3702.04,No,0.2675,No
CUST-10461,Male,1,Yes,No,29,Yes,No,No,No internet service,No internet service,No internet service,No internet service,No internet service,No internet service,Month-to-month,No,Bank transfer (automatic),20.66,586.97,No,0.5474,Yes
CUST-14416,Male,0,No,Yes,61,No,No phone service,DSL,No,Yes,Yes,Yes,No,No,One year,Yes,Mailed check,62.26,3618.85,No,0.0546,No
CUST-10551,Male,0,No,No,19,Yes,No,DSL,No,Yes,Yes,No,Yes,No,One year,Yes,Credit card (automatic),66.84,1184.83,No,0.4568,No
CUST-11158,Male,1,No,No,62,No,No phone service,No,No internet service,No internet service,No internet service,No internet service,No internet service,No internet service,One year,Yes,Electronic check,43.28,2496.72,No,0.1742,No
CUST-11175,Male,1,No,No,64,No,No phone service,No,No internet service,No internet service,No internet service,No internet service,No internet service,No internet service,One year,No,Bank transfer (automatic),38.26,2561.48,No,0.0626,No
CUST-10198,Male,0,Yes,No,49,Yes,No,No,No internet service,No internet service,No internet service,No internet service,No internet service,No internet service,Month-to-month,Yes,Electronic check,38.92,1923.2,No,0.4415,No
CUST-12607,Male,0,No,Yes,25,No,No phone service,No,No internet service,No internet service,No internet service,No internet service,No internet service,No internet service,One year,Yes,Credit card (automatic),44.68,1131.48,No,0.2025,No
CUST-13470,Male,0,No,Yes,14,Yes,Yes,Fiber optic,No,No,No,Yes,No,No,Month-to-month,No,Electronic check,82.0,1109.24,Yes,0.8457,Yes
CUST-10402,Male,0,No,No,65,Yes,No,Fiber optic,No,No,Yes,No,Yes,Yes,Month-to-month,Yes,Mailed check,91.88,5676.39,Yes,0.6396,Yes
CUST-13075,Female,0,No,No,7,No,No phone service,Fiber optic,Yes,No,No,No,No,No,Month-to-month,No,Credit card (automatic),83.96,561.21,Yes,0.8455,Yes
CUST-12153,Female,0,No,No,47,Yes,Yes,DSL,Yes,Yes,No,No,Yes,Yes,Two year,No,Bank transfer (automatic),75.27,3572.95,No,0.0526,No
CUST-14778,Male,0,No,No,12,Yes,Yes,No,No internet service,No internet service,No internet service,No internet service,No internet service,No internet service,Two year,No,Credit card (automatic),36.9,414.1,No,0.2412,No
CUST-14801,Female,0,Yes,No,23,Yes,Yes,DSL,No,No,No,Yes,No,Yes,Month-to-month,Yes,Credit card (automatic),85.59,1983.29,Yes,0.4714,No
CUST-13292,Male,0,No,No,18,Yes,Yes,Fiber optic,No,No,No,No,No,No,Month-to-month,Yes,Mailed check,76.18,1394.39,Yes,0.9244,Yes
CUST-14476,Female,0,Yes,Yes,65,Yes,No,Fiber optic,Yes,No,No,No,No,No,One year,Yes,Bank transfer (automatic),81.59,5523.38,No,0.0767,No
CUST-10650,Male,0,No,No,28,Yes,No,Fiber optic,No,Yes,No,Yes,No,Yes,Month-to-month,Yes,Electronic check,87.31,2309.4,Yes,0.8681,Yes
CUST-10708,Male,0,No,No,50,No,No phone service,No,No internet service,No internet service,No internet service,No internet service,No internet service,No internet service,Month-to-month,No,Credit card (automatic),32.01,1673.32,No,0.231,No
CUST-11503,Male,0,Yes,Yes,13,Yes,Yes,DSL,No,Yes,Yes,No,Yes,Yes,Month-to-month,Yes,Credit card (automatic),72.44,884.49,Yes,0.7537,Yes
CUST-14428,Female,0,No,Yes,21,No,No phone service,DSL,No,Yes,Yes,No,No,No,Month-to-month,No,Credit card (automatic),72.12,1435.54,Yes,0.5623,Yes
CUST-14976,Female,0,No,No,33,Yes,No,DSL,No,Yes,Yes,No,No,Yes,Month-to-month,Yes,Credit card (automatic),72.76,2312.24,Yes,0.6709,Yes
CUST-14510,Male,0,No,Yes,12,Yes,Yes,Fiber optic,Yes,Yes,No,No,Yes,No,Month-to-month,Yes,Bank transfer (automatic),120.17,1445.0,Yes,0.891,Yes
CUST-13595,Male,0,No,No,40,Yes,Yes,Fiber optic,Yes,No,Yes,No,No,No,One year,Yes,Credit card (automatic),94.54,3745.12,No,0.3986,No
CUST-10314,Male,0,No,Yes,35,No,No phone service,DSL,No,No,No,No,Yes,No,Month-to-month,No,Electronic check,61.62,2198.03,No,0.5409,Yes
CUST-11221,Female,0,No,Yes,52,Yes,No,DSL,No,Yes,Yes,No,Yes,No,One year,Yes,Mailed check,68.96,3351.38,No,0.1466,No
CUST-14904,Male,0,No,Yes,8,Yes,No,DSL,No,No,No,No,No,Yes,Month-to-month,Yes,Electronic check,52.84,441.88,No,0.8845,Yes
CUST-10113,Male,0,Yes,No,64,Yes,Yes,DSL,Yes,Yes,Yes,Yes,No,No,Month-to-month,Yes,Electronic check,66.22,3924.25,No,0.1829,No
CUST-10960,Male,0,No,Yes,47,Yes,Yes,Fiber optic,No,No,No,No,Yes,Yes,One year,Yes,Bank transfer (automatic),97.97,4771.04,Yes,0.3401,No
CUST-13734,Male,0,No,No,33,Yes,No,Fiber optic,No,Yes,No,No,No,No,Month-to-month,Yes,Bank transfer (automatic),75.91,2591.08,Yes,0.8509,Yes
CUST-12274,Male,0,No,No,36,Yes,No,DSL,No,No,No,No,No,Yes,One year,No,Mailed check,63.93,2362.51,No,0.18,No
CUST-14425,Female,0,Yes,No,44,Yes,Yes,DSL,No,No,Yes,No,No,No,Two year,Yes,Mailed check,37.1,1612.17,No,0.1931,No
CUST-14645,Male,0,Yes,No,4,No,No phone service,DSL,No,No,No,Yes,No,Yes,Month-to-month,No,Credit card (automatic),51.46,196.33,No,0.5536,Yes
CUST-13021,Male,0,No,No,6,Yes,No,No,No internet service,No internet service,No internet service,No internet service,No internet service,No internet service,Month-to-month,Yes,Bank transfer (automatic),48.87,274.67,No,0.7929,Yes
CUST-14558,Female,0,Yes,No,68,No,No phone service,Fiber optic,No,Yes,Yes,No,No,No,Month-to-month,Yes,Bank transfer (automatic),99.87,6972.39,Yes,0.4133,No
CUST-14039,Male,0,No,Yes,31,Yes,No,DSL,No,No,Yes,No,Yes,Yes,Month-to-month,Yes,Credit card (automatic),83.78,2521.85,No,0.6556,Yes
CUST-12572,Female,0,Yes,Yes,29,Yes,No,DSL,No,No,Yes,No,Yes,Yes,Month-to-month,No,Bank transfer (automatic),62.14,1875.51,No,0.4919,No
CUST-13435,Female,0,Yes,Yes,50,Yes,Yes,Fiber optic,No,No,No,No,No,Yes,Month-to-month,No,Mailed check,103.46,5110.56,No,0.4356,No
CUST-14542,Female,0,No,Yes,26,Yes,No,No,No internet service,No internet service,No internet service,No internet service,No internet service,No internet service,Two year,No,Electronic check,18.0,464.87,No,0.1963,No
CUST-11839,Female,0,Yes,No,7,No,No phone service,DSL,Yes,No,No,Yes,No,Yes,Month-to-month,Yes,Bank transfer (automatic),86.23,631.71,Yes,0.5404,Yes
CUST-12960,Female,0,No,No,25,Yes,No,Fiber optic,No,Yes,No,No,Yes,No,Month-to-month,Yes,Bank transfer (automatic),109.27,2842.97,Yes,0.8867,Yes
CUST-12228,Male,0,No,No,12,Yes,No,Fiber optic,Yes,No,No,No,No,Yes,Month-to-month,Yes,Electronic check,94.76,1189.73,Yes,0.9467,Yes
CUST-14704,Female,0,No,Yes,12,Yes,No,Fiber optic,Yes,No,No,Yes,No,No,Month-to-month,Yes,Mailed check,100.65,1246.0,Yes,0.8243,Yes
CUST-12015,Male,0,No,No,23,Yes,Yes,No,No internet service,No internet service,No internet service,No internet service,No internet service,No internet service,Month-to-month,Yes,Mailed check,28.41,685.46,Yes,0.6801,Yes
CUST-14204,Male,0,Yes,No,24,Yes,Yes,Fiber optic,Yes,Yes,Yes,Yes,Yes,No,Month-to-month,Yes,Mailed check,109.01,2638.34,Yes,0.7586,Yes
CUST-13036,Female,0,No,No,0,No,No phone service,DSL,No,No,Yes,Yes,Yes,No,Month-to-month,No,Electronic check,64.02,0.0,No,0.8337,Yes
CUST-14147,Female,0,Yes,Yes,43,Yes,No,No,No internet service,No internet service,No internet service,No internet service,No internet service,No internet service,Month-to-month,No,Mailed check,36.74,1541.39,No,0.2542,No
CUST-11840,Male,0,Yes,No,12,Yes,Yes,DSL,Yes,Yes,No,No,No,Yes,Month-to-month,Yes,Mailed check,68.73,850.09,Yes,0.709,Yes
CUST-11592,Male,0,Yes,No,22,Yes,No,DSL,No,Yes,No,No,Yes,No,Two year,No,Electronic check,62.36,1438.11,No,0.2727,No
CUST-12881,Male,0,No,Yes,28,No,No phone service,No,No internet service,No internet service,No internet service,No internet service,No internet service,No internet service,Two year,No,Credit card (automatic),36.78,1058.59,No,0.0992,No
CUST-13346,Female,1,No,No,50,Yes,No,DSL,No,Yes,No,Yes,Yes,Yes,One year,No,Bank transfer (automatic),77.79,3598.94,No,0.0746,No
CUST-14602,Male,0,Yes,No,30,Yes,No,Fiber optic,No,No,No,No,Yes,No,Month-to-month,Yes,Electronic check,67.6,2049.06,Yes,0.9041,Yes
CUST-14047,Male,0,Yes,No,35,Yes,No,Fiber optic,No,No,No,No,Yes,Yes,Two year,Yes,Bank transfer (automatic),91.13,3264.36,No,0.4136,No
CUST-11652,Male,0,No,No,58,Yes,No,DSL,No,No,No,No,No,No,Month-to-month,Yes,Bank transfer (automatic),50.99,3089.32,No,0.3485,No
CUST-10789,Male,0,Yes,No,12,Yes,Yes,No,No internet service,No internet service,No internet service,No internet service,No internet service,No internet service,Month-to-month,No,Electronic check,33.47,397.27,Yes,0.7127,Yes
CUST-12282,Male,1,No,No,52,Yes,Yes,No,No internet service,No internet service,No internet service,No internet service,No internet service,No internet service,One year,Yes,Electronic check,30.8,1574.79,No,0.2816,No
CUST-12217,Female,0,Yes,No,71,Yes,No,Fiber optic,No,No,Yes,No,No,Yes,Month-to-month,No,Bank transfer (automatic),80.28,5731.51,No,0.3337,No
CUST-13704,Female,0,Yes,No,65,Yes,No,Fiber optic,No,Yes,Yes,Yes,No,Yes,Month-to-month,Yes,Bank transfer (automatic),95.67,6440.9,No,0.3503,No
CUST-10871,Male,0,No,No,36,Yes,No,Fiber optic,No,No,No,No,No,Yes,Month-to-month,Yes,Electronic check,94.34,3481.24,Yes,0.8933,Yes
CUST-14892,Male,0,No,No,41,Yes,No,No,No internet service,No internet service,No internet service,No internet service,No internet service,No internet service,Month-to-month,Yes,Electronic check,27.48,1105.37,No,0.6364,Yes
CUST-12124,Female,0,No,No,68,Yes,Yes,Fiber optic,No,No,No,No,No,No,Month-to-month,No,Electronic check,86.05,5693.81,Yes,0.4868,No
CUST-13243,Female,1,No,No,15,Yes,No,DSL,No,Yes,No,No,No,Yes,Month-to-month,No,Credit card (automatic),66.11,1024.28,No,0.7718,Yes
CUST-10073,Male,0,Yes,Yes,52,Yes,Yes,Fiber optic,No,No,No,No,No,No,Month-to-month,No,Credit card (automatic),83.64,4285.84,No,0.409,No
CUST-11779,Female,0,No,No,60,Yes,No,Fiber optic,No,No,No,Yes,No,No,One year,Yes,Mailed check,81.09,4984.38,No,0.1578,No
CUST-11769,Male,0,No,No,43,Yes,No,No,No internet service,No internet service,No internet service,No internet service,No internet service,No internet service,Two year,Yes,Bank transfer (automatic),44.83,1922.03,No,0.1283,No
CUST-14883,Male,0,Yes,No,50,Yes,No,DSL,No,No,Yes,No,No,Yes,Month-to-month,No,Electronic check,65.35,3396.12,Yes,0.4246,No
CUST-13697,Male,0,Yes,Yes,59,Yes,Yes,Fiber optic,No,No,No,No,No,Yes,One year,No,Bank transfer (automatic),94.51,5781.51,No,0.0949,No
CUST-14338,Female,1,No,No,44,Yes,Yes,Fiber optic,No,Yes,No,Yes,No,No,Two year,No,Credit card (automatic),96.29,4387.67,No,0.2343,No
CUST-14589,Male,0,No,No,61,Yes,No,DSL,No,No,No,Yes,Yes,No,Two year,Yes,Credit card (automatic),66.6,3866.48,No,0.0409,No
CUST-13833,Female,0,Yes,No,34,Yes,Yes,Fiber optic,Yes,No,No,No,No,No,One year,Yes,Credit card (automatic),89.54,2927.96,No,0.3175,No
CUST-14335,Male,0,No,No,22,Yes,No,DSL,No,No,Yes,No,Yes,Yes,Two year,Yes,Bank transfer (automatic),59.09,1353.29,Yes,0.3948,No
CUST-14996,Female,0,Yes,No,17,Yes,Yes,Fiber optic,Yes,Yes,No,No,Yes,No,Month-to-month,Yes,Electronic check,94.77,1689.05,Yes,0.9012,Yes
CUST-11751,Female,0,Yes,Yes,39,Yes,Yes,Fiber optic,Yes,No,No,Yes,No,No,One year,Yes,Mailed check,97.3,3803.36,Yes,0.1581,No
CUST-10494,Male,0,Yes,No,40,Yes,No,No,No internet service,No internet service,No internet service,No internet service,No internet service,No internet service,One year,Yes,Electronic check,34.6,1396.57,No,0.2238,No
CUST-13151,Male,0,Yes,No,0,No,No phone service,Fiber optic,Yes,Yes,Yes,Yes,No,No,One year,Yes,Electronic check,104.67,0.0,Yes,0.7625,Yes
CUST-12394,Male,0,No,No,18,Yes,No,Fiber optic,Yes,No,Yes,Yes,Yes,No,One year,Yes,Credit card (automatic),92.59,1732.8,No,0.5134,Yes
CUST-12117,Female,0,Yes,No,23,No,No phone service,DSL,No,No,No,No,No,Yes,One year,Yes,Electronic check,62.44,1430.16,No,0.3664,No
CUST-11164,Female,0,Yes,No,55,Yes,Yes,Fiber optic,Yes,No,Yes,No,Yes,Yes,Two year,No,Electronic check,103.48,5918.01,No,0.1526,No
CUST-12309,Female,0,No,Yes,64,Yes,No,Fiber optic,Yes,No,No,No,Yes,Yes,Month-to-month,No,Bank transfer (automatic),97.09,6026.6,No,0.229,No
CUST-13930,Female,0,Yes,No,53,Yes,Yes,DSL,No,No,Yes,No,Yes,Yes,Month-to-month,Yes,Mailed check,67.07,3524.56,No,0.4247,No
CUST-12596,Female,0,Yes,No,16,Yes,No,Fiber optic,No,No,Yes,No,Yes,No,Two year,No,Mailed check,101.47,1493.99,No,0.5649,Yes
CUST-12486,Male,0,No,No,19,Yes,Yes,DSL,No,Yes,Yes,No,No,Yes,Month-to-month,No,Credit card (automatic),54.68,978.89,Yes,0.6906,Yes
CUST-11728,Male,0,No,No,38,Yes,Yes,No,No internet service,No internet service,No internet service,No internet service,No internet service,No internet service,Month-to-month,Yes,Electronic check,31.53,1213.45,Yes,0.6607,Yes
CUST-10618,Male,0,Yes,No,50,Yes,Yes,DSL,Yes,No,Yes,No,Yes,No,One year,No,Mailed check,77.59,3613.53,No,0.0573,No
CUST-12462,Male,0,Yes,Yes,6,Yes,Yes,DSL,No,Yes,Yes,No,No,Yes,Month-to-month,Yes,Electronic check,55.74,341.66,Yes,0.8957,Yes
CUST-11714,Female,0,Yes,No,71,Yes,No,DSL,No,No,Yes,Yes,No,No,One year,No,Credit card (automatic),53.74,3562.2,No,0.0204,No
CUST-13984,Female,1,Yes,No,70,Yes,No,No,No internet service,No internet service,No internet service,No internet service,No internet service,No internet service,Month-to-month,No,Bank transfer (automatic),43.15,3027.61,No,0.1603,No
CUST-14226,Male,0,Yes,No,36,Yes,Yes,DSL,No,No,Yes,Yes,Yes,No,Two year,Yes,Mailed check,72.89,2591.29,No,0.146,No
CUST-13426,Male,0,No,No,24,Yes,Yes,No,No internet service,No internet service,No internet service,No internet service,No internet service,No internet service,One year,Yes,Credit card (automatic),33.77,842.96,No,0.2716,No
CUST-13431,Female,0,No,No,66,Yes,Yes,Fiber optic,No,No,No,Yes,Yes,No,Two year,No,Bank transfer (automatic),78.44,5095.81,No,0.0603,No
CUST-10869,Male,0,Yes,No,16,No,No phone service,DSL,Yes,Yes,No,No,Yes,Yes,One year,No,Bank transfer (automatic),67.21,1113.91,No,0.1488,No
CUST-14857,Female,0,Yes,No,46,Yes,No,Fiber optic,No,No,Yes,No,Yes,No,One year,Yes,Electronic check,85.07,4082.34,No,0.5519,Yes
CUST-11042,Male,1,Yes,Yes,43,Yes,Yes,No,No internet service,No internet service,No internet service,No internet service,No internet service,No internet service,Month-to-month,Yes,Credit card (automatic),36.64,1536.01,No,0.4821,No
CUST-12648,Female,1,Yes,No,68,Yes,Yes,Fiber optic,Yes,No,No,Yes,No,No,Two year,Yes,Electronic check,86.81,5454.59,Yes,0.1108,No
CUST-10356,Male,0,Yes,Yes,55,Yes,No,Fiber optic,No,No,Yes,No,Yes,No,Two year,Yes,Electronic check,91.27,4938.83,No,0.3104,No
CUST-11162,Female,1,No,No,54,Yes,Yes,Fiber optic,No,Yes,Yes,Yes,Yes,No,One year,Yes,Bank transfer (automatic),111.23,6157.06,No,0.3119,No
CUST-12784,Female,0,Yes,Yes,26,Yes,Yes,DSL,No,Yes,No,Yes,No,Yes,Two year,No,Electronic check,71.65,1942.49,No,0.116,No
CUST-11322,Female,0,No,No,9,Yes,No,No,No internet service,No internet service,No internet service,No internet service,No internet service,No internet service,Two year,Yes,Electronic check,41.32,375.56,No,0.5155,Yes
CUST-14395,Female,0,Yes,No,0,Yes,No,DSL,Yes,No,No,Yes,No,No,Month-to-month,Yes,Credit card (automatic),66.88,0.0,Yes,0.6262,Yes
CUST-11723,Female,0,No,No,44,No,No phone service,No,No internet service,No internet service,No internet service,No internet service,No internet service,No internet service,One year,Yes,Mailed check,37.25,1521.21,No,0.1499,No
CUST-12602,Female,0,No,No,39,Yes,Yes,Fiber optic,No,Yes,Yes,No,No,Yes,Month-to-month,No,Electronic check,84.03,3210.34,No,0.8534,Yes
CUST-13568,Female,0,Yes,Yes,1,Yes,Yes,DSL,No,No,Yes,No,No,Yes,Month-to-month,No,Bank transfer (automatic),78.21,76.4,Yes,0.7656,Yes
CUST-14681,Male,0,No,No,19,Yes,No,Fiber optic,No,Yes,No,No,No,No,Month-to-month,No,Bank transfer (automatic),80.84,1509.26,Yes,0.8502,Yes
CUST-13365,Female,0,Yes,Yes,14,Yes,No,DSL,No,Yes,Yes,No,Yes,No,One year,Yes,Bank transfer (automatic),65.43,955.84,No,0.3891,No
CUST-13862,Male,0,No,No,7,Yes,Yes,DSL,No,No,No,No,No,Yes,Two year,No,Mailed check,58.18,423.05,No,0.4081,No
CUST-10332,Male,0,Yes,Yes,13,Yes,No,No,No internet service,No internet service,No internet service,No internet service,No internet service,No internet service,Month-to-month,Yes,Electronic check,37.9,490.75,Yes,0.7313,Yes
CUST-11815,Male,0,No,Yes,33,Yes,Yes,DSL,Yes,No,No,No,Yes,No,Month-to-month,Yes,Mailed check,65.86,2072.28,No,0.4887,No
CUST-12755,Female,1,Yes,Yes,5,Yes,No,No,No internet service,No internet service,No internet service,No internet service,No internet service,No internet service,One year,No,Electronic check,31.22,147.07,No,0.4823,No
CUST-11675,Female,0,No,No,50,Yes,No,DSL,No,No,No,No,No,Yes,One year,Yes,Credit card (automatic),64.38,3377.08,No,0.1254,No
CUST-13691,Female,0,Yes,Yes,31,Yes,Yes,Fiber optic,No,Yes,No,No,Yes,No,Two year,No,Electronic check,96.26,3062.2,Yes,0.4029,No
CUST-12879,Female,0,Yes,No,72,Yes,Yes,No,No internet service,No internet service,No internet service,No internet service,No internet service,No internet service,Month-to-month,No,Electronic check,41.32,3096.09,No,0.154,No
CUST-11116,Female,0,No,Yes,40,Yes,No,DSL,Yes,No,Yes,No,No,Yes,Month-to-month,Yes,Mailed check,61.81,2366.16,No,0.4702,No
CUST-11877,Female,0,Yes,No,15,Yes,No,Fiber optic,Yes,No,Yes,No,Yes,Yes,Month-to-month,Yes,Mailed check,96.15,1352.0,Yes,0.8906,Yes
CUST-13576,Female,0,Yes,Yes,60,Yes,No,Fiber optic,No,Yes,No,No,Yes,Yes,Month-to-month,No,Bank transfer (automatic),100.04,5574.86,No,0.3071,No
CUST-12536,Male,1,No,No,59,Yes,No,DSL,No,Yes,No,Yes,No,Yes,One year,No,Credit card (automatic),80.86,4726.54,No,0.0493,No
CUST-12484,Male,0,No,No,57,Yes,No,Fiber optic,No,No,No,Yes,Yes,No,Month-to-month,No,Credit card (automatic),76.25,4110.86,Yes,0.3591,No
CUST-13286,Male,1,No,No,4,Yes,No,DSL,No,No,Yes,Yes,No,Yes,Month-to-month,Yes,Credit card (automatic),69.54,260.71,Yes,0.8873,Yes
CUST-13881,Male,1,Yes,No,2,Yes,Yes,No,No internet service,No internet service,No internet service,No internet service,No internet service,No internet service,Month-to-month,No,Mailed check,44.1,89.96,No,0.8128,Yes
CUST-10445,Female,0,Yes,No,51,Yes,Yes,No,No internet service,No internet service,No internet service,No internet service,No internet service,No internet service,Two year,No,Bank transfer (automatic),42.13,2250.48,No,0.0388,No
CUST-14052,Female,0,No,No,10,Yes,Yes,No,No internet service,No internet service,No internet service,No internet service,No internet service,No internet service,Month-to-month,Yes,Bank transfer (automatic),30.27,311.18,No,0.7657,Yes
CUST-10452,Male,0,No,Yes,23,Yes,No,No,No internet service,No internet service,No internet service,No internet service,No internet service,No internet service,One year,Yes,Mailed check,23.66,514.4,No,0.2662,No
CUST-13855,Female,0,Yes,No,46,Yes,Yes,Fiber optic,No,No,Yes,Yes,Yes,No,Month-to-month,No,Bank transfer (automatic),94.04,4320.66,No,0.4886,No
CUST-14448,Female,0,No,Yes,30,Yes,Yes,Fiber optic,Yes,Yes,Yes,Yes,Yes,Yes,Month-to-month,Yes,Credit card (automatic),121.92,3461.4,No,0.6651,Yes
CUST-12974,Male,0,Yes,No,59,No,No phone service,No,No internet service,No internet service,No internet service,No internet service,No internet service,No internet service,Month-to-month,No,Electronic check,28.78,1732.14,No,0.2302,No
CUST-10014,Female,0,No,No,0,Yes,No,Fiber optic,Yes,No,No,Yes,No,No,Month-to-month,No,Credit card (automatic),87.46,0.0,No,0.8307,Yes
CUST-12642,Male,0,Yes,Yes,24,Yes,No,Fiber optic,No,No,No,No,No,Yes,Month-to-month,No,Bank transfer (automatic),77.24,1929.83,Yes,0.7405,Yes
CUST-10945,Male,0,Yes,Yes,19,Yes,Yes,Fiber optic,Yes,No,No,Yes,No,Yes,One year,Yes,Credit card (automatic),77.94,1513.74,Yes,0.3003,No
CUST-10247,Male,0,No,No,49,Yes,No,DSL,No,No,No,Yes,No,No,Two year,Yes,Mailed check,66.66,3355.2,No,0.0734,No
CUST-13238,Female,1,No,Yes,67,Yes,Yes,DSL,No,No,Yes,No,Yes,No,Two year,No,Electronic check,68.68,4374.65,No,0.1063,No
CUST-10360,Female,0,No,No,13,Yes,Yes,Fiber optic,No,No,Yes,Yes,No,Yes,Two year,No,Bank transfer (automatic),94.79,1267.31,No,0.4948,No
CUST-14671,Female,0,No,No,55,Yes,Yes,Fiber optic,Yes,No,Yes,Yes,Yes,Yes,Month-to-month,Yes,Mailed check,106.85,5854.83,Yes,0.4445,No
CUST-11564,Female,0,Yes,No,26,Yes,No,Fiber optic,Yes,No,Yes,No,Yes,No,Two year,Yes,Credit card (automatic),83.79,2029.68,No,0.4388,No
CUST-13265,Female,0,Yes,Yes,54,Yes,No,DSL,Yes,No,No,No,Yes,No,Month-to-month,No,Electronic check,59.11,3280.59,No,0.1859,No
CUST-14876,Male,0,Yes,No,2,Yes,Yes,Fiber optic,Yes,No,No,Yes,No,No,One year,Yes,Credit card (automatic),92.66,182.05,Yes,0.5676,Yes
CUST-13189,Female,1,No,No,13,No,No phone service,No,No internet service,No internet service,No internet service,No internet service,No internet service,No internet service,Month-to-month,Yes,Bank transfer (automatic),42.69,546.56,No,0.7897,Yes
CUST-13101,Male,0,No,Yes,30,Yes,Yes,Fiber optic,Yes,Yes,No,Yes,No,No,Month-to-month,Yes,Bank transfer (automatic),97.99,2977.37,Yes,0.6141,Yes
CUST-14464,Male,0,Yes,No,43,Yes,No,No,No internet service,No internet service,No internet service,No internet service,No internet service,No internet service,Month-to-month,Yes,Mailed check,45.01,1949.79,No,0.4232,No
CUST-11360,Male,0,Yes,No,16,Yes,No,DSL,Yes,No,Yes,No,Yes,Yes,One year,Yes,Electronic check,85.71,1309.7,No,0.4354,No
CUST-14899,Female,0,No,Yes,65,Yes,No,DSL,Yes,No,No,Yes,No,No,One year,Yes,Bank transfer (automatic),56.32,3408.81,No,0.0204,No
CUST-14113,Female,0,No,No,1,Yes,Yes,Fiber optic,No,No,No,No,No,No,Two year,Yes,Mailed check,65.73,65.75,Yes,0.8344,Yes
CUST-10490,Female,0,No,No,4,Yes,No,Fiber optic,Yes,No,Yes,No,Yes,No,Month-to-month,No,Electronic check,95.96,388.55,Yes,0.9527,Yes
CUST-10862,Male,0,No,No,24,Yes,Yes,DSL,Yes,No,Yes,No,No,No,Month-to-month,No,Electronic check,61.54,1548.0,No,0.6628,Yes
CUST-11767,Male,0,No,No,44,Yes,No,No,No internet service,No internet service,No internet service,No internet service,No internet service,No internet service,Month-to-month,No,Credit card (automatic),37.8,1548.96,No,0.3234,No
CUST-12229,Female,0,No,No,40,No,No phone service,DSL,Yes,No,No,No,Yes,Yes,Two year,Yes,Mailed check,67.88,2628.9,No,0.1165,No
CUST-12094,Male,0,No,Yes,58,Yes,No,DSL,Yes,No,No,No,Yes,No,Two year,Yes,Bank transfer (automatic),69.74,3918.19,No,0.0401,No
CUST-12464,Male,0,Yes,No,12,Yes,No,Fiber optic,No,Yes,Yes,Yes,Yes,Yes,Two year,Yes,Electronic check,119.64,1485.83,Yes,0.7595,Yes
CUST-11647,Female,0,Yes,No,31,Yes,No,DSL,No,No,Yes,No,No,Yes,Month-to-month,No,Credit card (automatic),67.7,1984.27,No,0.4939,No
CUST-10506,Female,0,No,No,11,Yes,No,Fiber optic,No,No,Yes,Yes,No,Yes,Two year,No,Electronic check,89.74,999.21,No,0.6899,Yes
CUST-12817,Female,1,No,Yes,12,Yes,No,DSL,No,No,No,No,Yes,No,Month-to-month,Yes,Electronic check,67.62,772.88,Yes,0.9174,Yes
CUST-14379,Female,0,No,No,32,Yes,Yes,Fiber optic,Yes,No,No,No,No,Yes,Month-to-month,Yes,Mailed check,89.33,2938.87,No,0.7958,Yes
CUST-11971,Female,0,Yes,Yes,25,Yes,No,DSL,Yes,Yes,No,No,No,Yes,Month-to-month,Yes,Mailed check,82.89,1931.61,Yes,0.4626,No
CUST-11222,Female,1,No,No,26,Yes,No,Fiber optic,No,Yes,No,Yes,Yes,Yes,One year,No,Credit card (automatic),104.78,2614.81,No,0.4734,No
CUST-11113,Male,1,Yes,No,5,Yes,No,DSL,No,Yes,No,No,Yes,Yes,Month-to-month,Yes,Bank transfer (automatic),67.37,339.82,Yes,0.8976,Yes
CUST-11934,Male,0,No,Yes,23,Yes,Yes,Fiber optic,No,Yes,Yes,Yes,Yes,Yes,One year,No,Electronic check,103.42,2436.66,Yes,0.5453,Yes
CUST-14809,Female,0,Yes,No,39,Yes,Yes,Fiber optic,No,Yes,No,No,No,Yes,One year,Yes,Bank transfer (automatic),96.61,3669.4,No,0.3857,No
CUST-12497,Female,0,Yes,Yes,7,Yes,Yes,Fiber optic,No,No,No,No,No,Yes,One year,Yes,Credit card (automatic),82.32,602.92,No,0.7224,Yes
CUST-14687,Male,0,Yes,No,38,Yes,No,Fiber optic,No,No,No,Yes,Yes,Yes,Two year,Yes,Electronic check,92.24,3286.07,Yes,0.3651,No
CUST-10433,Male,1,Yes,No,35,Yes,No,DSL,No,Yes,No,No,Yes,Yes,Month-to-month,Yes,Bank transfer (automatic),78.89,2857.68,Yes,0.6777,Yes
CUST-12083,Female,1,No,No,51,Yes,Yes,No,No internet service,No internet service,No internet service,No internet service,No internet service,No internet service,Month-to-month,Yes,Electronic check,26.17,1305.02,No,0.6469,Yes
CUST-14702,Female,0,No,No,6,Yes,Yes,DSL,No,Yes,No,No,No,Yes,Two year,Yes,Credit card (automatic),74.49,424.51,Yes,0.4882,No
CUST-12855,Male,1,No,No,44,Yes,Yes,Fiber optic,Yes,Yes,No,No,No,Yes,Month-to-month,Yes,Electronic check,98.34,4118.17,Yes,0.8568,Yes
CUST-14368,Female,0,Yes,Yes,70,No,No phone service,Fiber optic,No,Yes,No,No,No,Yes,One year,Yes,Mailed check,93.28,6620.48,No,0.095,No
CUST-14520,Female,1,Yes,No,40,Yes,No,No,No internet service,No internet service,No internet service,No internet service,No internet service,No internet service,Two year,Yes,Bank transfer (automatic),21.1,834.82,No,0.1917,No
CUST-14780,Female,0,Yes,Yes,16,Yes,Yes,Fiber optic,No,No,No,No,Yes,No,Month-to-month,No,Bank transfer (automatic),80.74,1234.34,No,0.7964,Yes
CUST-14981,Female,1,No,Yes,39,Yes,No,Fiber optic,Yes,No,No,No,No,Yes,Month-to-month,Yes,Mailed check,94.2,3752.62,No,0.7951,Yes
CUST-13273,Male,0,No,Yes,63,Yes,No,Fiber optic,No,No,No,No,Yes,Yes,Month-to-month,Yes,Mailed check,80.39,4664.71,No,0.5573,Yes
CUST-13485,Male,0,Yes,Yes,51,Yes,Yes,DSL,No,No,Yes,No,No,No,Month-to-month,Yes,Bank transfer (automatic),78.19,3941.98,No,0.3272,No
CUST-11102,Female,0,Yes,No,62,Yes,Yes,Fiber optic,No,Yes,Yes,Yes,No,Yes,One year,Yes,Bank transfer (automatic),92.78,5656.85,No,0.1231,No
CUST-12468,Male,0,Yes,No,60,Yes,Yes,DSL,Yes,No,Yes,Yes,Yes,No,Two year,No,Electronic check,71.94,4330.54,No,0.0272,No
CUST-12330,Male,0,No,No,0,Yes,No,DSL,Yes,Yes,No,No,Yes,Yes,Two year,Yes,Mailed check,66.63,0.0,No,0.4992,No
CUST-14667,Male,0,No,Yes,22,Yes,No,Fiber optic,No,Yes,No,No,Yes,No,Month-to-month,No,Credit card (automatic),85.51,1743.59,Yes,0.8015,Yes
CUST-13866,Female,0,Yes,No,19,Yes,Yes,DSL,No,No,No,No,No,Yes,Month-to-month,Yes,Mailed check,69.38,1325.14,Yes,0.7035,Yes
CUST-10156,Male,0,No,Yes,31,Yes,Yes,Fiber optic,No,No,No,Yes,No,No,Month-to-month,No,Electronic check,82.39,2657.49,No,0.7376,Yes
CUST-12998,Male,0,No,No,29,Yes,Yes,Fiber optic,No,No,No,No,No,Yes,Month-to-month,Yes,Electronic check,84.43,2560.07,Yes,0.9246,Yes
CUST-13567,Male,0,Yes,No,21,Yes,No,No,No internet service,No internet service,No internet service,No internet service,No internet service,No internet service,Month-to-month,Yes,Electronic check,24.67,533.55,No,0.7213,Yes
CUST-10615,Female,0,No,No,60,Yes,No,DSL,No,Yes,No,Yes,No,Yes,One year,Yes,Electronic check,76.64,4567.85,No,0.0779,No
CUST-10643,Male,0,Yes,No,14,Yes,No,DSL,No,No,Yes,No,Yes,No,Month-to-month,No,Credit card (automatic),77.62,1083.08,Yes,0.6804,Yes
CUST-14243,Male,0,Yes,No,52,Yes,No,Fiber optic,No,No,Yes,Yes,Yes,No,Month-to-month,Yes,Credit card (automatic),98.83,5338.41,No,0.5148,Yes
CUST-13877,Male,1,Yes,No,15,Yes,No,Fiber optic,No,Yes,Yes,No,Yes,Yes,One year,Yes,Bank transfer (automatic),105.1,1526.14,Yes,0.8302,Yes
CUST-11068,Male,0,No,No,33,Yes,Yes,DSL,Yes,Yes,No,No,Yes,No,Two year,No,Bank transfer (automatic),68.7,2177.44,Yes,0.0959,No
CUST-13305,Male,0,No,No,9,Yes,No,No,No internet service,No internet service,No internet service,No internet service,No internet service,No internet service,Month-to-month,Yes,Bank transfer (automatic),33.36,314.95,No,0.7797,Yes
CUST-12663,Male,0,No,No,57,Yes,No,Fiber optic,Yes,No,No,No,No,No,Two year,Yes,Credit card (automatic),70.75,4116.8,No,0.1537,No
CUST-14253,Male,1,No,No,51,Yes,No,Fiber optic,No,No,Yes,No,Yes,Yes,Month-to-month,No,Electronic check,90.37,4410.52,Yes,0.8453,Yes
CUST-13209,Male,0,No,Yes,4,Yes,Yes,DSL,No,No,No,No,Yes,No,One year,No,Electronic check,62.86,247.58,No,0.5452,Yes
CUST-10330,Female,0,No,No,56,Yes,Yes,No,No internet service,No internet service,No internet service,No internet service,No internet service,No internet service,Month-to-month,Yes,Credit card (automatic),41.32,2359.13,No,0.2978,No
CUST-14012,Female,0,No,No,60,No,No phone service,Fiber optic,No,No,Yes,No,No,No,Two year,Yes,Mailed check,84.61,4781.69,No,0.2418,No
CUST-12664,Male,0,Yes,No,41,Yes,Yes,DSL,No,No,Yes,No,No,No,Two year,Yes,Electronic check,53.43,2120.1,No,0.2823,No
CUST-14494,Male,0,Yes,Yes,35,Yes,Yes,DSL,Yes,No,Yes,No,No,No,Month-to-month,Yes,Electronic check,65.61,2123.72,No,0.5582,Yes
CUST-10622,Male,0,No,No,36,Yes,Yes,DSL,Yes,No,Yes,No,No,No,Month-to-month,Yes,Mailed check,56.65,2057.5,No,0.5855,Yes
CUST-14973,Female,0,Yes,No,56,Yes,No,Fiber optic,Yes,No,Yes,Yes,Yes,No,One year,No,Mailed check,100.84,5397.82,No,0.0685,No
CUST-12342,Female,0,Yes,No,14,Yes,No,No,No internet service,No internet service,No internet service,No internet service,No internet service,No internet service,One year,Yes,Mailed check,25.95,375.69,No,0.3126,No
CUST-14477,Male,0,Yes,No,24,Yes,No,No,No internet service,No internet service,No internet service,No internet service,No internet service,No internet service,Month-to-month,No,Electronic check,32.05,804.85,Yes,0.5742,Yes
CUST-12921,Female,0,Yes,Yes,11,Yes,No,No,No internet service,No internet service,No internet service,No internet service,No internet service,No internet service,One year,Yes,Credit card (automatic),24.67,257.45,No,0.2836,No
CUST-14270,Female,0,Yes,No,23,No,No phone service,DSL,No,No,No,No,Yes,No,Month-to-month,No,Bank transfer (automatic),60.52,1293.56,No,0.4702,No
CUST-12052,Male,0,No,No,23,Yes,Yes,DSL,No,No,No,No,Yes,No,Month-to-month,Yes,Mailed check,46.98,1096.76,Yes,0.7541,Yes
CUST-12728,Female,0,Yes,Yes,19,Yes,Yes,Fiber optic,No,No,Yes,No,Yes,No,Two year,Yes,Mailed check,87.76,1600.12,No,0.6211,Yes
CUST-10755,Male,0,Yes,Yes,67,Yes,No,No,No internet service,No internet service,No internet service,No internet service,No internet service,No internet service,One year,Yes,Bank transfer (automatic),29.78,2013.44,No,0.0404,No
CUST-10518,Male,0,Yes,No,2,No,No phone service,DSL,No,No,No,No,Yes,No,Two year,Yes,Electronic check,61.34,127.98,No,0.6019,Yes
CUST-13827,Female,0,Yes,No,37,Yes,Yes,No,No internet service,No internet service,No internet service,No internet service,No internet service,No internet service,Month-to-month,No,Electronic check,35.06,1260.93,No,0.4536,No
CUST-10032,Male,0,Yes,No,46,Yes,Yes,Fiber optic,Yes,Yes,No,Yes,No,Yes,One year,Yes,Electronic check,94.9,4415.34,No,0.2202,No
CUST-12957,Male,0,Yes,No,8,Yes,No,Fiber optic,Yes,Yes,Yes,Yes,No,No,Two year,No,Bank transfer (automatic),118.98,896.36,No,0.3842,No
CUST-11157,Female,0,No,No,16,No,No phone service,Fiber optic,Yes,Yes,No,No,No,Yes,Month-to-month,No,Credit card (automatic),96.35,1437.08,No,0.7555,Yes
CUST-10744,Female,0,No,Yes,47,Yes,No,Fiber optic,No,Yes,Yes,No,No,No,Month-to-month,No,Electronic check,83.95,3874.28,No,0.7586,Yes
CUST-11424,Male,0,Yes,No,42,Yes,No,Fiber optic,No,No,No,No,Yes,No,Two year,Yes,Mailed check,77.45,3192.75,No,0.3821,No
CUST-12420,Male,0,Yes,No,32,Yes,No,DSL,Yes,No,No,No,Yes,Yes,Month-to-month,No,Mailed check,60.03,1785.77,No,0.3591,No
CUST-11662,Male,1,No,No,70,Yes,No,Fiber optic,No,No,No,No,Yes,No,One year,Yes,Electronic check,90.98,5999.11,No,0.3799,No
CUST-12609,Female,0,Yes,No,30,Yes,Yes,No,No internet service,No internet service,No internet service,No internet service,No internet service,No internet service,Two year,No,Mailed check,21.74,645.59,No,0.1158,No
CUST-10783,Male,0,No,Yes,29,Yes,No,DSL,Yes,Yes,No,No,No,No,Month-to-month,Yes,Electronic check,83.92,2523.94,Yes,0.6129,Yes
CUST-14933,Female,0,No,No,48,Yes,Yes,Fiber optic,Yes,No,No,Yes,No,Yes,Two year,Yes,Electronic check,95.45,4439.54,No,0.2053,No
CUST-14738,Male,0,No,No,32,Yes,No,DSL,No,No,No,No,Yes,No,One year,No,Credit card (automatic),68.17,2108.49,Yes,0.1817,No
CUST-10229,Male,1,Yes,No,25,Yes,Yes,DSL,No,No,No,No,Yes,Yes,One year,No,Bank transfer (automatic),53.34,1393.21,No,0.3084,No
CUST-10857,Male,0,Yes,Yes,46,Yes,Yes,DSL,No,No,No,No,Yes,Yes,Two year,No,Mailed check,63.32,2684.82,No,0.0692,No
CUST-11519,Male,0,No,No,53,Yes,No,DSL,No,No,No,No,No,Yes,Two year,No,Bank transfer (automatic),69.32,3613.15,No,0.0573,No
CUST-12379,Female,0,Yes,No,3,Yes,No,DSL,No,No,No,No,Yes,Yes,Month-to-month,No,Bank transfer (automatic),52.04,156.64,Yes,0.7421,Yes
CUST-10408,Female,1,No,No,4,Yes,Yes,Fiber optic,Yes,Yes,Yes,No,No,No,Month-to-month,Yes,Mailed check,96.78,399.85,Yes,0.9752,Yes
CUST-10170,Male,0,No,Yes,48,Yes,No,Fiber optic,No,Yes,No,No,No,No,Month-to-month,No,Bank transfer (automatic),84.79,4128.1,No,0.5644,Yes
CUST-10540,Female,0,Yes,No,63,Yes,No,DSL,No,No,No,No,Yes,Yes,One year,Yes,Electronic check,66.7,3912.05,No,0.1047,No
CUST-12227,Female,0,Yes,Yes,64,Yes,No,Fiber optic,Yes,No,No,No,No,No,Month-to-month,Yes,Electronic check,79.19,4754.79,Yes,0.4208,No
CUST-12321,Male,0,No,No,42,Yes,Yes,Fiber optic,No,No,Yes,Yes,Yes,Yes,Two year,Yes,Mailed check,103.16,4295.3,No,0.3572,No
CUST-12585,Female,0,No,No,45,Yes,Yes,DSL,No,Yes,No,No,Yes,Yes,Month-to-month,No,Mailed check,78.8,3550.27,No,0.3973,No
CUST-10613,Male,0,No,Yes,12,Yes,No,Fiber optic,No,No,Yes,No,No,No,One year,Yes,Bank transfer (automatic),84.3,1021.08,No,0.7889,Yes
CUST-11513,Male,0,Yes,No,35,Yes,Yes,No,No internet service,No internet service,No internet service,No internet service,No internet service,No internet service,Two year,Yes,Electronic check,38.1,1378.8,No,0.2206,No
CUST-11835,Male,0,No,Yes,50,Yes,Yes,No,No internet service,No internet service,No internet service,No internet service,No internet service,No internet service,Month-to-month,Yes,Electronic check,41.75,2053.53,No,0.4456,No
CUST-13459,Male,0,No,Yes,7,No,No phone service,Fiber optic,No,Yes,No,No,No,No,Month-to-month,No,Credit card (automatic),82.41,589.76,Yes,0.8911,Yes
CUST-11161,Male,1,Yes,No,65,Yes,No,Fiber optic,Yes,No,Yes,No,No,No,Month-to-month,Yes,Bank transfer (automatic),86.01,5624.63,No,0.5385,Yes
CUST-12077,Male,0,No,Yes,48,Yes,Yes,No,No internet service,No internet service,No internet service,No internet service,No internet service,No internet service,Month-to-month,Yes,Electronic check,29.26,1419.74,Yes,0.5216,Yes
CUST-13169,Female,0,Yes,No,61,Yes,Yes,Fiber optic,Yes,No,Yes,No,Yes,No,Month-to-month,Yes,Electronic check,95.06,5755.96,No,0.5743,Yes
CUST-11620,Male,1,No,No,70,Yes,No,DSL,No,Yes,No,No,No,No,One year,Yes,Bank transfer (automatic),58.62,4238.51,Yes,0.1081,No
CUST-13779,Male,0,Yes,Yes,22,Yes,No,DSL,Yes,Yes,Yes,No,Yes,No,Two year,Yes,Credit card (automatic),78.0,1585.16,No,0.1728,No
CUST-11893,Female,0,Yes,No,35,Yes,Yes,Fiber optic,No,No,Yes,No,Yes,No,Month-to-month,Yes,Mailed check,95.43,3368.92,Yes,0.8548,Yes
CUST-12215,Male,0,No,Yes,52,Yes,Yes,Fiber optic,No,No,No,Yes,Yes,No,One year,No,Credit card (automatic),90.39,4654.07,No,0.1013,No
CUST-10564,Female,0,No,No,58,Yes,Yes,No,No internet service,No internet service,No internet service,No internet service,No internet service,No internet service,Month-to-month,Yes,Bank transfer (automatic),41.19,2348.64,No,0.2835,No
CUST-14959,Female,0,Yes,Yes,24,Yes,Yes,Fiber optic,Yes,No,No,No,No,No,Month-to-month,No,Electronic check,68.53,1688.2,Yes,0.7449,Yes
CUST-14376,Male,0,No,No,61,Yes,No,No,No internet service,No internet service,No internet service,No internet service,No internet service,No internet service,Two year,Yes,Credit card (automatic),36.85,2241.0,No,0.0623,No
CUST-11822,Male,0,Yes,No,26,Yes,Yes,DSL,Yes,Yes,Yes,No,No,Yes,Month-to-month,No,Credit card (automatic),80.08,2088.55,No,0.4344,No
CUST-12792,Female,1,No,No,22,Yes,No,Fiber optic,No,Yes,No,No,No,No,One year,No,Bank transfer (automatic),73.31,1548.09,Yes,0.6501,Yes
CUST-13732,Male,0,Yes,Yes,8,Yes,No,Fiber optic,No,No,Yes,No,No,Yes,Month-to-month,Yes,Mailed check,100.46,831.13,Yes,0.9503,Yes
CUST-12287,Female,0,Yes,No,21,Yes,Yes,Fiber optic,No,No,Yes,Yes,Yes,No,Month-to-month,Yes,Electronic check,89.01,1843.61,Yes,0.8994,Yes
CUST-14943,Female,0,Yes,No,61,Yes,Yes,DSL,Yes,No,Yes,Yes,No,No,One year,Yes,Mailed check,68.39,4149.81,No,0.0327,No
CUST-13497,Male,0,No,No,52,Yes,Yes,Fiber optic,Yes,Yes,No,No,No,No,Month-to-month,No,Credit card (automatic),85.09,4513.42,Yes,0.4102,No
CUST-11557,Female,1,No,No,12,Yes,No,DSL,No,Yes,No,No,No,No,Two year,No,Credit card (automatic),61.74,762.9,Yes,0.4407,No
CUST-13483,Male,0,Yes,Yes,61,Yes,No,DSL,No,No,No,No,No,No,Two year,No,Bank transfer (automatic),44.74,2703.63,No,0.03,No
CUST-13208,Male,0,No,No,54,No,No phone service,No,No internet service,No internet service,No internet service,No internet service,No internet service,No internet service,One year,No,Bank transfer (automatic),40.43,2023.81,Yes,0.0506,No
CUST-11538,Female,0,Yes,No,19,Yes,Yes,DSL,Yes,Yes,No,No,Yes,No,Month-to-month,Yes,Electronic check,72.98,1325.19,Yes,0.6897,Yes
CUST-11172,Male,0,No,Yes,21,Yes,No,Fiber optic,Yes,No,No,Yes,Yes,Yes,Two year,Yes,Electronic check,107.18,2170.14,No,0.4269,No
CUST-11448,Female,1,Yes,No,7,Yes,No,No,No internet service,No internet service,No internet service,No internet service,No internet service,No internet service,Month-to-month,Yes,Credit card (automatic),39.33,255.31,No,0.8233,Yes
CUST-10325,Male,0,Yes,No,9,Yes,No,DSL,No,No,Yes,Yes,No,Yes,Month-to-month,Yes,Credit card (automatic),73.4,628.73,No,0.7293,Yes
CUST-11051,Male,0,No,No,67,Yes,Yes,DSL,No,No,No,Yes,Yes,No,Month-to-month,No,Credit card (automatic),69.58,4804.79,No,0.0975,No
CUST-13593,Female,0,Yes,Yes,19,Yes,Yes,Fiber optic,No,Yes,No,Yes,No,No,Two year,No,Electronic check,82.43,1568.67,No,0.3651,No
CUST-13813,Male,0,Yes,No,60,Yes,No,Fiber optic,No,No,No,No,Yes,No,Two year,No,Mailed check,93.09,5669.92,No,0.1111,No
CUST-12905,Female,0,Yes,No,67,Yes,Yes,DSL,Yes,No,No,Yes,No,Yes,Month-to-month,Yes,Mailed check,74.77,4987.54,No,0.0782,No
CUST-13661,Male,0,No,Yes,53,Yes,No,Fiber optic,No,No,No,No,No,No,One year,No,Electronic check,71.03,3759.07,No,0.2732,No
CUST-14622,Female,1,Yes,No,50,Yes,No,No,No internet service,No internet service,No internet service,No internet service,No internet service,No internet service,One year,No,Mailed check,36.65,1916.88,No,0.1001,No
CUST-11196,Female,0,Yes,Yes,11,Yes,No,Fiber optic,Yes,Yes,No,Yes,No,No,Month-to-month,No,Electronic check,104.53,1144.02,No,0.7637,Yes
CUST-10620,Male,0,Yes,Yes,53,Yes,Yes,No,No internet service,No internet service,No internet service,No internet service,No internet service,No internet service,Month-to-month,Yes,Credit card (automatic),50.47,2667.86,No,0.2189,No
CUST-13275,Female,0,Yes,No,61,Yes,No,Fiber optic,No,Yes,No,No,Yes,Yes,Two year,Yes,Bank transfer (automatic),92.41,5439.1,No,0.1459,No
CUST-12899,Male,0,No,Yes,57,Yes,No,Fiber optic,No,No,No,Yes,No,Yes,Month-to-month,No,Credit card (automatic),97.44,5234.36,No,0.2663,No
CUST-11189,Male,0,No,No,29,Yes,Yes,Fiber optic,No,Yes,Yes,Yes,No,Yes,Month-to-month,No,Credit card (automatic),103.87,2962.36,No,0.7314,Yes
CUST-10328,Male,0,No,No,22,Yes,Yes,DSL,No,No,Yes,No,Yes,Yes,Two year,Yes,Mailed check,72.77,1631.05,Yes,0.4293,No
CUST-10648,Female,1,No,No,9,Yes,No,DSL,Yes,Yes,No,No,No,Yes,One year,No,Bank transfer (automatic),72.38,631.96,No,0.3955,No
CUST-10897,Male,0,No,No,17,Yes,Yes,No,No internet service,No internet service,No internet service,No internet service,No internet service,No internet service,Two year,No,Bank transfer (automatic),37.74,644.07,No,0.1866,No
CUST-11491,Male,0,Yes,Yes,57,Yes,No,DSL,No,Yes,No,Yes,No,No,Month-to-month,No,Bank transfer (automatic),78.67,4605.25,Yes,0.0807,No
CUST-11123,Male,0,No,No,0,Yes,Yes,DSL,Yes,No,No,No,Yes,Yes,Month-to-month,Yes,Credit card (automatic),84.04,0.0,No,0.8304,Yes
CUST-13947,Male,0,Yes,Yes,5,Yes,No,DSL,No,No,No,No,No,Yes,One year,Yes,Electronic check,59.59,284.53,Yes,0.5754,Yes
CUST-14985,Male,0,No,Yes,48,Yes,Yes,Fiber optic,No,Yes,Yes,No,Yes,Yes,Month-to-month,No,Credit card (automatic),113.77,5308.18,No,0.6157,Yes
CUST-12787,Male,0,No,Yes,8,Yes,No,Fiber optic,No,No,Yes,Yes,Yes,No,Month-to-month,No,Bank transfer (automatic),99.15,820.86,Yes,0.8791,Yes
CUST-11421,Female,1,No,No,11,Yes,No,Fiber optic,No,Yes,No,No,No,No,Month-to-month,No,Credit card (automatic),74.92,864.74,Yes,0.9445,Yes
CUST-11946,Male,0,No,No,19,No,No phone service,Fiber optic,No,Yes,No,Yes,Yes,Yes,Month-to-month,No,Mailed check,99.42,1857.62,Yes,0.7719,Yes
CUST-11813,Male,0,No,No,27,Yes,Yes,DSL,Yes,Yes,No,No,No,No,Two year,Yes,Mailed check,62.76,1609.11,No,0.2058,No
CUST-13333,Female,0,No,No,61,Yes,Yes,Fiber optic,No,Yes,Yes,Yes,Yes,No,Month-to-month,Yes,Mailed check,91.16,5586.63,No,0.5296,Yes
CUST-14399,Female,1,No,No,45,Yes,Yes,Fiber optic,No,No,No,No,No,No,Two year,No,Mailed check,84.92,3729.85,No,0.3957,No
CUST-11569,Female,0,Yes,No,56,Yes,No,DSL,No,Yes,No,Yes,No,Yes,Month-to-month,Yes,Credit card (automatic),68.12,3662.35,No,0.1686,No
CUST-11533,Male,0,No,No,27,Yes,No,Fiber optic,Yes,No,No,Yes,Yes,No,Month-to-month,No,Electronic check,95.75,2518.4,Yes,0.7131,Yes
CUST-11023,Female,0,Yes,Yes,63,Yes,Yes,Fiber optic,No,Yes,No,Yes,No,No,Month-to-month,Yes,Credit card (automatic),82.73,5067.23,No,0.2761,No
CUST-14334,Female,0,Yes,No,39,Yes,Yes,Fiber optic,No,Yes,No,Yes,No,Yes,One year,Yes,Mailed check,104.48,4134.08,No,0.2835,No
CUST-12746,Male,0,Yes,No,55,Yes,Yes,Fiber optic,Yes,No,No,Yes,Yes,Yes,Two year,Yes,Bank transfer (automatic),112.42,5925.18,No,0.0623,No
CUST-11837,Male,0,No,No,57,Yes,No,Fiber optic,Yes,No,Yes,Yes,Yes,No,Month-to-month,No,Credit card (automatic),105.32,5691.63,Yes,0.2675,No
CUST-11420,Female,0,Yes,No,3,No,No phone service,DSL,Yes,Yes,No,No,Yes,Yes,One year,Yes,Bank transfer (automatic),89.19,270.31,No,0.3739,No
CUST-13729,Female,0,No,No,6,Yes,No,No,No internet service,No internet service,No internet service,No internet service,No internet service,No internet service,Two year,No,Mailed check,42.74,250.64,No,0.3119,No
CUST-10809,Female,0,No,No,56,Yes,No,No,No internet service,No internet service,No internet service,No internet service,No internet service,No internet service,One year,Yes,Credit card (automatic),28.82,1614.86,No,0.091,No
CUST-14273,Male,1,No,Yes,51,Yes,Yes,Fiber optic,Yes,No,No,No,No,Yes,Month-to-month,Yes,Electronic check,91.54,4393.91,No,0.7534,Yes
CUST-10978,Male,1,Yes,No,51,Yes,Yes,No,No internet service,No internet service,No internet service,No internet service,No internet service,No internet service,Month-to-month,Yes,Credit card (automatic),42.07,2223.1,No,0.4191,No
CUST-13477,Female,0,Yes,No,29,Yes,No,DSL,Yes,No,Yes,No,Yes,No,Two year,Yes,Electronic check,70.32,2035.89,No,0.2697,No
CUST-13832,Female,0,Yes,No,2,Yes,Yes,No,No internet service,No internet service,No internet service,No internet service,No internet service,No internet service,Two year,Yes,Mailed check,31.53,60.04,Yes,0.4011,No
CUST-11756,Male,0,No,Yes,67,Yes,No,DSL,Yes,No,No,No,No,No,Month-to-month,Yes,Credit card (automatic),64.83,4072.6,No,0.1344,No
CUST-14440,Male,0,No,No,71,Yes,No,DSL,No,No,No,Yes,No,No,Month-to-month,No,Credit card (automatic),56.52,3693.7,No,0.0873,No
CUST-12438,Female,0,No,No,18,Yes,Yes,No,No internet service,No internet service,No internet service,No internet service,No internet service,No internet service,Month-to-month,Yes,Electronic check,31.16,586.05,Yes,0.7874,Yes
CUST-12515,Female,0,Yes,No,21,Yes,Yes,Fiber optic,No,No,No,No,Yes,Yes,Month-to-month,Yes,Credit card (automatic),98.77,1995.58,Yes,0.8679,Yes
CUST-13259,Male,0,No,Yes,50,Yes,No,No,No internet service,No internet service,No internet service,No internet service,No internet service,No internet service,One year,Yes,Mailed check,24.83,1157.3,Yes,0.112,No
CUST-13460,Male,0,Yes,No,72,Yes,No,DSL,Yes,Yes,Yes,No,No,No,Month-to-month,Yes,Credit card (automatic),80.38,5449.38,No,0.1225,No
CUST-13800,Female,0,No,Yes,50,Yes,Yes,DSL,Yes,Yes,Yes,Yes,No,No,Month-to-month,Yes,Electronic check,84.19,4276.99,Yes,0.2702,No
CUST-10174,Female,0,Yes,No,60,Yes,No,DSL,Yes,Yes,Yes,Yes,No,No,Month-to-month,Yes,Electronic check,75.73,4752.97,No,0.1892,No
CUST-12298,Male,1,Yes,No,2,Yes,No,Fiber optic,Yes,No,Yes,No,Yes,No,Month-to-month,No,Electronic check,103.93,216.79,Yes,0.9703,Yes
CUST-14086,Male,0,No,No,41,Yes,No,No,No internet service,No internet service,No internet service,No internet service,No internet service,No internet service,Month-to-month,Yes,Electronic check,33.31,1397.78,Yes,0.631,Yes
CUST-11505,Male,0,No,No,39,Yes,No,No,No internet service,No internet service,No internet service,No internet service,No internet service,No internet service,Two year,No,Mailed check,30.17,1179.11,No,0.1126,No
CUST-14475,Male,0,Yes,Yes,69,Yes,Yes,Fiber optic,No,No,Yes,No,No,Yes,Two year,Yes,Mailed check,86.96,5826.73,No,0.1342,No
CUST-10217,Male,1,No,No,51,Yes,Yes,Fiber optic,No,No,Yes,No,No,Yes,Month-to-month,Yes,Electronic check,83.8,3970.65,Yes,0.9014,Yes
CUST-13938,Female,1,No,No,6,Yes,No,Fiber optic,Yes,Yes,Yes,No,Yes,Yes,Month-to-month,Yes,Credit card (automatic),109.5,671.66,No,0.9703,Yes
CUST-13959,Male,0,Yes,No,34,Yes,No,Fiber optic,No,No,Yes,No,No,No,One year,Yes,Credit card (automatic),84.26,2936.42,No,0.535,Yes
CUST-10690,Female,0,No,Yes,50,No,No phone service,No,No internet service,No internet service,No internet service,No internet service,No internet service,No internet service,Two year,Yes,Credit card (automatic),38.58,1916.86,No,0.062,No
CUST-14537,Female,0,No,Yes,56,Yes,No,DSL,No,No,No,Yes,Yes,No,Month-to-month,Yes,Mailed check,59.72,3292.81,No,0.221,No
CUST-12478,Male,0,Yes,No,28,Yes,Yes,DSL,Yes,No,No,Yes,Yes,Yes,Month-to-month,Yes,Electronic check,72.37,2068.23,Yes,0.4869,No
CUST-14869,Female,1,Yes,Yes,52,Yes,Yes,DSL,No,Yes,No,No,Yes,Yes,Month-to-month,Yes,Electronic check,66.7,3438.69,No,0.5565,Yes
CUST-11106,Male,0,Yes,Yes,47,No,No phone service,Fiber optic,No,No,No,No,Yes,No,Month-to-month,Yes,Mailed check,82.09,3604.92,Yes,0.6523,Yes
CUST-11632,Male,0,Yes,No,32,Yes,Yes,Fiber optic,No,Yes,No,No,Yes,No,Month-to-month,No,Credit card (automatic),92.11,2833.83,No,0.7207,Yes
CUST-13085,Male,1,No,No,52,Yes,No,DSL,No,No,No,Yes,No,Yes,Month-to-month,No,Mailed check,73.72,3597.33,No,0.2838,No
CUST-11553,Female,0,No,No,23,Yes,No,No,No internet service,No internet service,No internet service,No internet service,No internet service,No internet service,Month-to-month,No,Credit card (automatic),27.14,603.96,No,0.4944,No
CUST-10611,Male,0,Yes,Yes,72,Yes,No,Fiber optic,No,No,Yes,No,No,Yes,Month-to-month,Yes,Electronic check,82.42,5581.5,Yes,0.5466,Yes
CUST-13262,Female,0,Yes,No,44,Yes,Yes,DSL,Yes,Yes,Yes,No,No,No,Month-to-month,No,Credit card (automatic),71.43,2995.64,No,0.2493,No
CUST-14274,Male,0,Yes,No,17,Yes,Yes,DSL,Yes,No,No,No,Yes,No,Month-to-month,Yes,Mailed check,57.99,967.49,No,0.6293,Yes
CUST-10576,Female,0,Yes,No,35,Yes,Yes,Fiber optic,No,No,Yes,No,Yes,No,One year,No,Bank transfer (automatic),91.85,3233.64,No,0.3934,No
CUST-12080,Female,0,No,No,67,Yes,No,DSL,Yes,No,No,Yes,No,Yes,Two year,Yes,Bank transfer (automatic),71.53,4847.22,No,0.0171,No
CUST-14449,Female,1,Yes,Yes,17,No,No phone service,No,No internet service,No internet service,No internet service,No internet service,No internet service,No internet service,One year,Yes,Bank transfer (automatic),19.1,300.99,No,0.2997,No
CUST-11180,Female,0,Yes,Yes,64,Yes,Yes,No,No internet service,No internet service,No internet service,No internet service,No internet service,No internet service,Month-to-month,Yes,Electronic check,41.53,2730.43,No,0.2522,No
CUST-10888,Male,0,Yes,No,16,Yes,No,Fiber optic,No,No,No,No,Yes,No,Month-to-month,Yes,Mailed check,82.91,1286.35,Yes,0.911,Yes
CUST-13977,Female,0,No,No,10,Yes,No,Fiber optic,Yes,Yes,No,No,Yes,Yes,One year,Yes,Electronic check,87.83,831.11,Yes,0.8022,Yes
CUST-14626,Male,0,Yes,No,53,Yes,Yes,Fiber optic,Yes,No,Yes,Yes,No,No,Month-to-month,Yes,Credit card (automatic),93.56,4895.46,No,0.3688,No
CUST-13853,Male,0,Yes,No,58,Yes,No,Fiber optic,No,No,Yes,Yes,Yes,No,Month-to-month,No,Mailed check,99.66,5463.9,No,0.3513,No
CUST-10817,Male,0,No,No,55,No,No phone service,Fiber optic,No,Yes,Yes,No,No,No,Month-to-month,No,Mailed check,71.56,3758.44,No,0.6062,Yes
CUST-13298,Female,0,No,Yes,6,Yes,Yes,Fiber optic,Yes,No,No,Yes,Yes,No,One year,No,Mailed check,85.27,510.44,Yes,0.4544,No
CUST-11888,Male,0,Yes,No,39,Yes,Yes,Fiber optic,No,Yes,No,No,No,No,Month-to-month,No,Electronic check,85.37,3150.6,No,0.764,Yes
CUST-10208,Male,0,Yes,No,65,Yes,Yes,DSL,No,No,No,Yes,Yes,No,Month-to-month,Yes,Mailed check,74.84,4668.13,No,0.1458,No
CUST-10293,Male,1,Yes,Yes,37,Yes,Yes,Fiber optic,No,No,Yes,Yes,Yes,Yes,Month-to-month,Yes,Bank transfer (automatic),104.33,4032.0,Yes,0.7883,Yes
CUST-11119,Male,1,No,No,59,Yes,Yes,DSL,No,No,Yes,Yes,Yes,Yes,Month-to-month,Yes,Electronic check,76.59,4694.99,Yes,0.5261,Yes
CUST-12503,Male,0,Yes,No,61,Yes,Yes,DSL,No,Yes,Yes,Yes,No,No,Month-to-month,Yes,Bank transfer (automatic),74.1,4631.32,No,0.1828,No
CUST-11788,Male,1,Yes,No,57,Yes,Yes,DSL,No,No,Yes,Yes,No,No,One year,No,Credit card (automatic),81.24,4333.27,No,0.0532,No
CUST-11264,Male,0,Yes,No,14,Yes,No,DSL,No,Yes,No,No,No,Yes,Month-to-month,No,Bank transfer (automatic),63.01,868.6,No,0.6036,Yes
CUST-10990,Male,0,Yes,Yes,16,Yes,No,Fiber optic,Yes,Yes,No,Yes,Yes,No,One year,Yes,Credit card (automatic),99.43,1572.36,Yes,0.331,No
CUST-14210,Male,0,No,Yes,51,Yes,Yes,DSL,Yes,Yes,No,No,No,No,Month-to-month,No,Electronic check,63.93,3244.28,No,0.2497,No
CUST-11534,Female,0,Yes,No,53,Yes,Yes,Fiber optic,No,No,Yes,No,No,No,Month-to-month,Yes,Credit card (automatic),73.39,3775.63,No,0.6623,Yes
CUST-10353,Male,0,No,Yes,62,Yes,No,DSL,Yes,No,No,No,No,No,Month-to-month,Yes,Bank transfer (automatic),67.49,4044.9,No,0.1588,No
CUST-14620,Female,0,Yes,No,52,Yes,Yes,DSL,No,No,No,Yes,Yes,Yes,Month-to-month,Yes,Mailed check,66.98,3303.03,No,0.2351,No
CUST-13384,Female,0,No,No,63,No,No phone service,Fiber optic,No,No,No,No,No,Yes,Month-to-month,Yes,Mailed check,87.35,5738.06,Yes,0.5372,Yes
CUST-13062,Male,0,No,No,28,Yes,No,Fiber optic,No,Yes,Yes,No,Yes,No,Month-to-month,No,Bank transfer (automatic),99.04,2801.2,No,0.8497,Yes
CUST-13908,Male,0,No,No,45,Yes,No,No,No internet service,No internet service,No internet service,No internet service,No internet service,No internet service,Month-to-month,No,Credit card (automatic),38.92,1824.68,No,0.3171,No
CUST-14546,Female,0,No,Yes,19,Yes,No,DSL,No,Yes,Yes,No,Yes,Yes,Month-to-month,Yes,Mailed check,65.87,1184.64,Yes,0.7819,Yes
CUST-11228,Male,0,Yes,Yes,7,Yes,Yes,Fiber optic,No,Yes,No,No,Yes,Yes,Two year,No,Bank transfer (automatic),89.16,616.15,No,0.576,Yes
CUST-10259,Female,0,No,No,57,No,No phone service,No,No internet service,No internet service,No internet service,No internet service,No internet service,No internet service,One year,Yes,Electronic check,28.89,1665.78,No,0.1322,No
CUST-11543,Female,1,No,No,72,Yes,No,Fiber optic,No,Yes,Yes,Yes,No,No,Two year,No,Mailed check,98.63,7126.84,No,0.097,No
CUST-14466,Female,0,No,No,34,Yes,Yes,Fiber optic,No,No,No,No,No,Yes,Two year,Yes,Mailed check,84.46,2978.31,No,0.5184,Yes
CUST-14754,Male,0,Yes,No,21,Yes,Yes,Fiber optic,No,Yes,Yes,Yes,No,Yes,Month-to-month,No,Electronic check,94.0,1935.67,Yes,0.8392,Yes
CUST-13166,Female,0,Yes,No,23,Yes,No,DSL,No,No,No,No,No,No,One year,Yes,Bank transfer (automatic),60.17,1400.78,No,0.2682,No
CUST-13102,Male,1,No,No,56,Yes,No,No,No internet service,No internet service,No internet service,No internet service,No internet service,No internet service,One year,Yes,Bank transfer (automatic),36.52,2089.11,No,0.1521,No
CUST-10052,Male,0,Yes,No,61,Yes,Yes,Fiber optic,No,No,No,No,Yes,Yes,Two year,No,Credit card (automatic),118.76,7002.35,No,0.0774,No
CUST-12213,Male,1,No,Yes,57,Yes,Yes,Fiber optic,No,No,No,No,No,No,Month-to-month,No,Bank transfer (automatic),88.35,5118.51,No,0.5633,Yes
CUST-11869,Female,0,No,No,62,Yes,No,DSL,No,No,No,Yes,No,Yes,One year,Yes,Bank transfer (automatic),73.74,4603.07,No,0.0419,No
CUST-12210,Female,0,No,Yes,36,Yes,Yes,Fiber optic,No,No,No,Yes,No,Yes,Month-to-month,Yes,Electronic check,93.4,3372.55,No,0.7779,Yes
CUST-12426,Male,0,No,No,60,Yes,No,DSL,No,No,No,Yes,No,Yes,Month-to-month,Yes,Electronic check,58.18,3564.02,No,0.3172,No
CUST-13998,Female,0,No,No,40,Yes,Yes,DSL,No,No,No,Yes,Yes,Yes,Month-to-month,Yes,Bank transfer (automatic),63.46,2520.68,No,0.4085,No
CUST-12361,Female,1,No,No,68,Yes,No,Fiber optic,No,Yes,No,No,Yes,No,Two year,No,Bank transfer (automatic),84.56,5373.2,No,0.1543,No
CUST-11479,Male,0,No,No,2,Yes,Yes,DSL,No,No,No,No,Yes,No,One year,No,Bank transfer (automatic),72.5,140.28,No,0.4763,No
CUST-11033,Male,0,No,No,67,Yes,No,Fiber optic,No,Yes,No,No,Yes,No,Month-to-month,Yes,Mailed check,77.9,5007.41,Yes,0.573,Yes
CUST-11097,Female,1,No,No,45,Yes,Yes,Fiber optic,Yes,No,No,No,Yes,Yes,Month-to-month,Yes,Bank transfer (automatic),94.59,4459.36,No,0.7725,Yes
CUST-11469,Male,0,No,No,46,Yes,Yes,DSL,No,No,No,No,Yes,No,Month-to-month,Yes,Bank transfer (automatic),60.06,2663.4,Yes,0.5061,Yes
CUST-10543,Male,0,Yes,No,30,Yes,Yes,Fiber optic,No,No,No,No,No,No,Month-to-month,Yes,Mailed check,84.31,2470.55,Yes,0.8452,Yes
CUST-11046,Male,0,No,No,68,Yes,Yes,No,No internet service,No internet service,No internet service,No internet service,No internet service,No internet service,Two year,Yes,Electronic check,32.22,2107.7,No,0.0889,No
CUST-14141,Female,0,Yes,No,71,No,No phone service,Fiber optic,No,Yes,No,No,No,No,Month-to-month,No,Electronic check,90.96,6738.75,Yes,0.3394,No
CUST-14765,Male,0,Yes,No,2,Yes,No,DSL,No,No,No,Yes,No,Yes,Month-to-month,No,Electronic check,63.37,128.55,Yes,0.7458,Yes
CUST-10030,Male,0,Yes,Yes,51,Yes,Yes,Fiber optic,No,Yes,No,No,Yes,Yes,Month-to-month,Yes,Mailed check,103.01,5284.42,No,0.5894,Yes
CUST-10725,Male,0,Yes,No,0,Yes,Yes,Fiber optic,No,No,Yes,No,Yes,Yes,Month-to-month,No,Bank transfer (automatic),88.76,0.0,Yes,0.9474,Yes
CUST-12715,Male,0,No,No,70,Yes,Yes,Fiber optic,Yes,No,Yes,No,No,No,One year,No,Credit card (automatic),72.53,5080.06,Yes,0.0917,No
CUST-12114,Female,0,Yes,No,27,Yes,No,No,No internet service,No internet service,No internet service,No internet service,No internet service,No internet service,Month-to-month,No,Electronic check,30.71,841.5,Yes,0.5485,Yes
CUST-13927,Male,0,Yes,Yes,5,No,No phone service,Fiber optic,Yes,No,Yes,No,No,No,One year,Yes,Bank transfer (automatic),103.08,494.15,Yes,0.6604,Yes
CUST-11426,Female,0,No,No,43,Yes,No,Fiber optic,No,No,Yes,Yes,Yes,Yes,Month-to-month,Yes,Mailed check,107.62,4468.33,No,0.7316,Yes
CUST-12569,Female,0,Yes,No,21,Yes,Yes,Fiber optic,No,Yes,No,Yes,No,Yes,Two year,Yes,Mailed check,96.6,1905.97,Yes,0.4125,No
CUST-10436,Female,0,Yes,No,62,Yes,No,DSL,Yes,No,Yes,Yes,No,Yes,Month-to-month,Yes,Credit card (automatic),78.47,4920.5,No,0.104,No
CUST-12487,Male,0,No,No,69,Yes,No,Fiber optic,Yes,Yes,No,Yes,Yes,No,Two year,Yes,Mailed check,93.83,6285.81,No,0.0575,No
CUST-10912,Male,0,No,No,21,Yes,No,DSL,No,Yes,No,No,Yes,Yes,Month-to-month,Yes,Mailed check,66.56,1425.88,Yes,0.7672,Yes
CUST-14235,Male,1,No,No,29,Yes,No,Fiber optic,No,Yes,No,No,Yes,Yes,Month-to-month,Yes,Electronic check,98.32,2831.03,Yes,0.9565,Yes
CUST-14177,Female,1,No,No,23,Yes,Yes,Fiber optic,Yes,No,No,No,No,Yes,Month-to-month,No,Credit card (automatic),86.07,1825.82,No,0.8239,Yes
CUST-14526,Male,0,No,No,1,Yes,No,DSL,No,Yes,Yes,No,Yes,No,Month-to-month,Yes,Electronic check,62.24,58.09,Yes,0.9457,Yes
CUST-13351,Female,1,Yes,Yes,16,Yes,Yes,Fiber optic,No,No,Yes,Yes,No,Yes,One year,Yes,Credit card (automatic),101.75,1525.09,No,0.6367,Yes
CUST-12304,Female,0,Yes,No,24,Yes,Yes,Fiber optic,No,No,No,No,No,No,Month-to-month,Yes,Electronic check,84.0,1903.32,Yes,0.9063,Yes
CUST-11609,Male,0,Yes,No,54,Yes,No,DSL,Yes,No,No,Yes,No,No,Month-to-month,Yes,Bank transfer (automatic),68.16,3561.94,No,0.119,No
CUST-11238,Male,0,No,No,71,Yes,No,No,No internet service,No internet service,No internet service,No internet service,No internet service,No internet service,Month-to-month,Yes,Mailed check,29.74,2078.85,No,0.2466,No
CUST-10903,Female,1,No,No,54,Yes,Yes,Fiber optic,No,Yes,No,Yes,No,Yes,Two year,No,Bank transfer (automatic),89.25,4856.02,No,0.1491,No
CUST-12521,Male,0,Yes,No,38,No,No phone service,DSL,No,No,No,No,Yes,No,Two year,Yes,Mailed check,61.59,2401.49,No,0.1623,No
CUST-13165,Male,0,No,No,53,Yes,Yes,Fiber optic,No,Yes,No,No,Yes,Yes,Two year,No,Mailed check,103.27,5248.9,No,0.1824,No
CUST-12329,Male,1,No,No,26,Yes,No,No,No internet service,No internet service,No internet service,No internet service,No internet service,No internet service,Month-to-month,No,Bank transfer (automatic),31.48,782.71,No,0.6342,Yes
CUST-10507,Male,0,No,No,18,Yes,Yes,Fiber optic,Yes,No,No,No,No,Yes,Month-to-month,Yes,Credit card (automatic),87.98,1596.52,Yes,0.8605,Yes
CUST-14895,Male,1,Yes,No,4,Yes,Yes,Fiber optic,No,Yes,No,No,No,Yes,Month-to-month,No,Mailed check,94.07,380.12,Yes,0.957,Yes
CUST-10183,Female,0,No,Yes,35,No,No phone service,Fiber optic,No,No,No,No,Yes,No,Two year,Yes,Electronic check,80.2,2675.65,Yes,0.5267,Yes
CUST-11589,Male,0,Yes,Yes,71,Yes,No,No,No internet service,No internet service,No internet service,No internet service,No internet service,No internet service,Month-to-month,Yes,Mailed check,44.03,3125.78,No,0.1457,No
CUST-11497,Female,0,Yes,No,67,Yes,Yes,No,No internet service,No internet service,No internet service,No internet service,No internet service,No internet service,Month-to-month,No,Bank transfer (automatic),27.64,1711.56,No,0.1224,No
CUST-13632,Male,0,Yes,No,55,No,No phone service,Fiber optic,No,No,No,No,Yes,Yes,One year,Yes,Bank transfer (automatic),93.03,5235.71,No,0.2013,No
CUST-10321,Male,0,No,Yes,25,Yes,No,No,No internet service,No internet service,No internet service,No internet service,No internet service,No internet service,One year,No,Mailed check,31.89,764.17,No,0.1706,No
CUST-11803,Male,0,No,Yes,30,Yes,Yes,DSL,No,Yes,No,No,No,Yes,Month-to-month,Yes,Bank transfer (automatic),63.46,1871.42,Yes,0.6024,Yes
CUST-12413,Female,1,Yes,No,39,Yes,Yes,DSL,No,No,No,No,Yes,Yes,Month-to-month,Yes,Bank transfer (automatic),73.44,2808.75,Yes,0.628,Yes
CUST-13852,Male,0,Yes,Yes,63,Yes,Yes,DSL,No,No,Yes,No,Yes,Yes,One year,No,Bank transfer (automatic),72.95,4784.87,No,0.0402,No
CUST-12543,Male,0,No,No,31,Yes,Yes,DSL,Yes,Yes,No,Yes,No,Yes,Month-to-month,No,Bank transfer (automatic),82.92,2616.97,No,0.2486,No
CUST-11807,Male,0,No,No,3,Yes,Yes,DSL,Yes,Yes,Yes,No,No,No,Month-to-month,No,Bank transfer (automatic),69.93,196.04,Yes,0.7485,Yes
CUST-14756,Female,0,No,No,19,Yes,Yes,DSL,No,No,Yes,No,Yes,No,Two year,Yes,Bank transfer (automatic),66.41,1289.28,No,0.4078,No
CUST-14213,Female,0,Yes,No,69,Yes,No,DSL,No,No,Yes,Yes,No,Yes,One year,No,Mailed check,91.32,6119.6,No,0.0188,No
CUST-14451,Male,1,Yes,No,41,Yes,Yes,Fiber optic,No,No,Yes,Yes,No,No,One year,No,Credit card (automatic),92.03,3632.67,No,0.3131,No
CUST-11146,Female,0,No,No,2,Yes,Yes,Fiber optic,No,No,No,No,Yes,Yes,Month-to-month,Yes,Mailed check,97.61,179.7,Yes,0.9665,Yes
CUST-12086,Female,0,Yes,No,71,Yes,No,Fiber optic,No,No,No,No,No,No,Two year,Yes,Electronic check,74.19,5399.13,No,0.1718,No
CUST-10044,Male,0,No,No,57,Yes,No,DSL,No,No,No,Yes,Yes,Yes,Month-to-month,Yes,Credit card (automatic),75.06,3983.08,No,0.2139,No
CUST-13819,Female,0,Yes,No,63,Yes,No,DSL,Yes,Yes,No,Yes,Yes,No,Month-to-month,No,Mailed check,76.41,5006.01,No,0.058,No
CUST-11550,Male,1,Yes,No,30,Yes,No,DSL,No,No,Yes,No,No,Yes,Month-to-month,Yes,Mailed check,54.56,1684.4,Yes,0.8058,Yes
CUST-12319,Female,0,No,No,38,Yes,Yes,No,No internet service,No internet service,No internet service,No internet service,No internet service,No internet service,Two year,No,Bank transfer (automatic),43.04,1565.42,No,0.092,No
CUST-11378,Female,0,Yes,No,16,Yes,No,No,No internet service,No internet service,No internet service,No internet service,No internet service,No internet service,Month-to-month,Yes,Bank transfer (automatic),38.1,561.95,No,0.6127,Yes
CUST-11988,Male,0,No,No,43,Yes,No,Fiber optic,No,No,Yes,No,Yes,Yes,Month-to-month,No,Mailed check,93.27,3995.49,No,0.77,Yes
CUST-13032,Female,0,Yes,Yes,42,Yes,No,No,No internet service,No internet service,No internet service,No internet service,No internet service,No internet service,Two year,Yes,Electronic check,34.77,1377.9,No,0.1409,No
CUST-10413,Male,0,No,No,39,No,No phone service,Fiber optic,No,No,No,No,No,Yes,Two year,Yes,Mailed check,86.06,3201.55,Yes,0.4262,No
CUST-13886,Male,0,Yes,Yes,67,Yes,Yes,Fiber optic,No,No,Yes,Yes,No,Yes,One year,No,Mailed check,108.75,7060.86,No,0.052,No
CUST-11407,Female,1,No,No,7,No,No phone service,Fiber optic,Yes,No,No,Yes,Yes,No,Month-to-month,No,Mailed check,102.69,699.53,Yes,0.8742,Yes
CUST-10801,Male,0,Yes,No,35,No,No phone service,DSL,Yes,Yes,No,No,No,No,Month-to-month,Yes,Bank transfer (automatic),65.65,2386.45,Yes,0.3702,No
CUST-11288,Male,0,Yes,Yes,39,Yes,Yes,Fiber optic,No,No,Yes,No,Yes,No,Month-to-month,No,Bank transfer (automatic),84.42,3105.12,No,0.6756,Yes
CUST-12874,Male,0,No,No,26,Yes,No,DSL,Yes,No,No,Yes,No,Yes,Month-to-month,Yes,Mailed check,70.94,1819.87,No,0.4518,No
CUST-12459,Male,0,Yes,Yes,48,No,No phone service,No,No internet service,No internet service,No internet service,No internet service,No internet service,No internet service,Two year,Yes,Bank transfer (automatic),34.32,1720.96,No,0.0635,No
CUST-14122,Female,0,No,No,51,Yes,Yes,DSL,Yes,Yes,Yes,No,No,No,Two year,Yes,Electronic check,69.23,3701.03,No,0.1374,No
CUST-12827,Female,1,Yes,Yes,57,Yes,No,Fiber optic,Yes,No,No,No,Yes,No,Two year,Yes,Credit card (automatic),109.9,5946.49,No,0.1284,No
CUST-10256,Female,1,Yes,Yes,5,Yes,No,Fiber optic,No,Yes,No,No,No,No,One year,Yes,Credit card (automatic),78.31,364.48,Yes,0.8197,Yes
CUST-14762,Male,0,Yes,Yes,54,Yes,Yes,Fiber optic,Yes,No,No,No,No,Yes,One year,Yes,Mailed check,106.04,5750.16,No,0.1274,No
CUST-14157,Male,1,No,Yes,4,Yes,No,No,No internet service,No internet service,No internet service,No internet service,No internet service,No internet service,Month-to-month,Yes,Electronic check,18.0,72.47,Yes,0.9137,Yes
CUST-11151,Female,0,No,Yes,59,No,No phone service,Fiber optic,No,No,No,No,No,Yes,Month-to-month,Yes,Electronic check,79.27,4904.73,No,0.6446,Yes
CUST-12318,Female,0,Yes,No,17,Yes,No,DSL,Yes,No,No,No,No,No,Two year,No,Bank transfer (automatic),66.88,1165.45,No,0.118,No
CUST-10647,Female,0,Yes,Yes,61,Yes,Yes,Fiber optic,Yes,No,No,Yes,No,No,One year,No,Credit card (automatic),73.35,4332.28,No,0.0329,No
CUST-14260,Male,0,Yes,No,67,Yes,No,Fiber optic,No,Yes,No,Yes,Yes,No,Two year,Yes,Electronic check,98.33,6603.04,No,0.1096,No
CUST-11729,Male,0,Yes,No,10,Yes,Yes,Fiber optic,No,No,No,No,Yes,No,One year,Yes,Bank transfer (automatic),81.1,788.43,Yes,0.7489,Yes
CUST-13725,Female,0,Yes,No,44,Yes,No,Fiber optic,Yes,No,Yes,No,Yes,No,Month-to-month,Yes,Electronic check,95.1,4081.54,No,0.774,Yes
CUST-13792,Male,1,Yes,Yes,42,Yes,Yes,Fiber optic,No,Yes,No,No,Yes,No,Two year,Yes,Mailed check,76.53,3328.12,No,0.4806,No
CUST-11315,Male,0,Yes,No,52,Yes,Yes,Fiber optic,No,No,No,No,Yes,Yes,Month-to-month,Yes,Credit card (automatic),95.4,4896.2,Yes,0.5991,Yes
CUST-12031,Male,0,No,Yes,55,Yes,No,DSL,Yes,No,No,No,Yes,Yes,One year,Yes,Credit card (automatic),70.47,4043.53,No,0.0561,No
CUST-13516,Male,0,No,Yes,47,Yes,Yes,DSL,Yes,No,No,Yes,No,Yes,Two year,Yes,Electronic check,89.48,4098.75,No,0.0611,No
CUST-14051,Male,0,No,No,56,No,No phone service,DSL,No,No,Yes,No,Yes,No,One year,Yes,Mailed check,58.75,3423.53,No,0.1516,No
CUST-11919,Female,0,No,Yes,37,No,No phone service,No,No internet service,No internet service,No internet service,No internet service,No internet service,No internet service,Two year,Yes,Electronic check,50.88,1834.24,No,0.177,No
CUST-11350,Male,0,Yes,No,31,Yes,No,DSL,No,No,Yes,No,No,No,Month-to-month,Yes,Bank transfer (automatic),66.11,2151.71,Yes,0.6434,Yes
CUST-12517,Female,0,No,No,18,Yes,No,DSL,No,Yes,No,No,Yes,No,Two year,Yes,Electronic check,72.41,1274.23,No,0.479,No
CUST-10112,Female,0,No,Yes,54,Yes,Yes,DSL,Yes,Yes,Yes,Yes,Yes,Yes,Month-to-month,Yes,Credit card (automatic),114.68,5782.02,No,0.129,No
CUST-13154,Male,0,Yes,Yes,34,Yes,No,Fiber optic,No,No,Yes,No,No,No,Month-to-month,Yes,Credit card (automatic),83.58,2787.66,Yes,0.8054,Yes
CUST-10263,Female,0,Yes,No,60,Yes,No,No,No internet service,No internet service,No internet service,No internet service,No internet service,No internet service,Month-to-month,Yes,Mailed check,39.73,2320.42,No,0.2442,No
CUST-11393,Female,0,Yes,No,2,Yes,No,DSL,No,No,Yes,Yes,No,Yes,Two year,Yes,Bank transfer (automatic),64.51,126.13,No,0.3853,No
CUST-11907,Male,0,Yes,No,61,Yes,Yes,Fiber optic,No,Yes,No,No,No,No,Month-to-month,No,Credit card (automatic),88.98,5228.13,No,0.3583,No
CUST-11186,Male,0,No,No,66,Yes,No,Fiber optic,No,Yes,No,No,No,No,One year,No,Mailed check,76.08,4636.31,No,0.1454,No
CUST-12369,Male,0,No,Yes,65,Yes,Yes,No,No internet service,No internet service,No internet service,No internet service,No internet service,No internet service,Month-to-month,No,Mailed check,36.29,2456.99,No,0.1542,No
CUST-10056,Female,0,Yes,Yes,19,Yes,No,DSL,No,Yes,Yes,No,Yes,Yes,Month-to-month,No,Bank transfer (automatic),80.99,1426.04,Yes,0.5635,Yes
CUST-11309,Female,0,No,No,36,Yes,No,DSL,Yes,No,No,Yes,Yes,Yes,Month-to-month,Yes,Mailed check,89.8,3331.2,No,0.3409,No
CUST-10695,Male,0,No,No,5,Yes,No,DSL,No,No,No,Yes,Yes,No,Month-to-month,No,Bank transfer (automatic),68.55,337.59,Yes,0.6657,Yes
CUST-14216,Male,0,Yes,No,41,Yes,No,Fiber optic,No,Yes,Yes,Yes,No,No,Two year,Yes,Credit card (automatic),80.86,3462.21,No,0.2767,No
CUST-13024,Male,0,No,No,35,Yes,Yes,DSL,No,No,Yes,No,Yes,No,Month-to-month,No,Mailed check,71.93,2417.78,No,0.5894,Yes
CUST-13617,Male,0,Yes,No,45,Yes,Yes,DSL,Yes,No,No,Yes,Yes,Yes,Month-to-month,No,Bank transfer (automatic),81.76,3392.44,No,0.12,No
CUST-12211,Female,0,Yes,No,3,Yes,No,No,No internet service,No internet service,No internet service,No internet service,No internet service,No internet service,Two year,Yes,Bank transfer (automatic),32.2,94.86,No,0.3541,No
CUST-13167,Male,1,Yes,No,16,Yes,Yes,DSL,No,No,Yes,Yes,No,No,One year,Yes,Bank transfer (automatic),70.73,1046.97,No,0.3945,No
CUST-10319,Female,1,Yes,No,4,Yes,No,Fiber optic,Yes,Yes,No,No,Yes,No,Month-to-month,No,Electronic check,87.56,364.53,Yes,0.9534,Yes
CUST-12303,Female,0,No,Yes,57,Yes,Yes,Fiber optic,No,Yes,No,Yes,No,No,One year,Yes,Electronic check,97.23,5383.66,No,0.1907,No
CUST-10682,Female,0,No,Yes,3,Yes,No,DSL,Yes,Yes,Yes,Yes,Yes,No,Month-to-month,No,Mailed check,91.81,269.26,No,0.6195,Yes
CUST-14044,Male,0,Yes,No,25,No,No phone service,DSL,No,Yes,No,Yes,No,Yes,Month-to-month,No,Mailed check,77.49,1981.87,No,0.3594,No
CUST-14322,Male,0,No,No,52,Yes,Yes,Fiber optic,No,Yes,Yes,Yes,No,Yes,One year,Yes,Electronic check,94.02,4589.8,No,0.3547,No
CUST-13669,Male,0,No,No,57,Yes,Yes,Fiber optic,Yes,Yes,No,No,No,No,Month-to-month,No,Bank transfer (automatic),94.99,5612.62,Yes,0.342,No
CUST-13529,Male,0,No,No,7,Yes,Yes,Fiber optic,Yes,Yes,No,Yes,Yes,Yes,Month-to-month,Yes,Credit card (automatic),94.51,646.7,No,0.8751,Yes
CUST-12873,Male,0,Yes,No,8,Yes,Yes,No,No internet service,No internet service,No internet service,No internet service,No internet service,No internet service,One year,No,Bank transfer (automatic),30.75,240.61,No,0.2585,No
CUST-10286,Male,0,No,No,2,Yes,Yes,Fiber optic,No,No,Yes,No,No,No,One year,Yes,Bank transfer (automatic),86.28,162.04,Yes,0.8754,Yes
CUST-14248,Female,0,Yes,No,35,Yes,Yes,Fiber optic,No,No,No,No,No,No,One year,No,Credit card (automatic),86.38,2890.29,No,0.3061,No
CUST-12142,Female,0,No,No,21,No,No phone service,Fiber optic,Yes,Yes,Yes,Yes,Yes,No,Two year,Yes,Bank transfer (automatic),90.11,1972.28,No,0.3881,No
CUST-12432,Male,0,No,No,34,Yes,Yes,No,No internet service,No internet service,No internet service,No internet service,No internet service,No internet service,Month-to-month,Yes,Credit card (automatic),42.61,1335.15,No,0.54,Yes
CUST-11746,Female,1,Yes,No,46,Yes,Yes,No,No internet service,No internet service,No internet service,No internet service,No internet service,No internet service,Month-to-month,Yes,Credit card (automatic),32.88,1425.35,Yes,0.5031,Yes
CUST-14505,Male,0,Yes,Yes,15,No,No phone service,DSL,Yes,Yes,Yes,No,Yes,Yes,Month-to-month,Yes,Bank transfer (automatic),79.5,1197.7,No,0.6016,Yes
CUST-14187,Male,1,Yes,Yes,20,Yes,Yes,No,No internet service,No internet service,No internet service,No internet service,No internet service,No internet service,Two year,Yes,Mailed check,31.42,635.0,No,0.3082,No
CUST-11630,Female,0,Yes,No,32,Yes,Yes,Fiber optic,Yes,No,Yes,No,Yes,Yes,Month-to-month,No,Mailed check,114.9,3645.2,No,0.6917,Yes
CUST-12100,Female,0,No,No,11,Yes,No,Fiber optic,Yes,Yes,No,No,Yes,Yes,One year,Yes,Electronic check,93.75,1031.25,No,0.8018,Yes
CUST-10736,Female,1,No,Yes,4,Yes,No,Fiber optic,Yes,No,No,Yes,Yes,No,Month-to-month,No,Electronic check,94.26,377.02,Yes,0.9195,Yes
CUST-14291,Female,0,No,No,49,Yes,Yes,Fiber optic,No,No,No,No,Yes,No,Two year,Yes,Electronic check,81.95,4032.24,No,0.4288,No
CUST-10336,Female,0,Yes,No,19,Yes,No,No,No internet service,No internet service,No internet service,No internet service,No internet service,No internet service,Month-to-month,No,Electronic check,40.82,798.38,Yes,0.6047,Yes
CUST-12402,Female,0,No,Yes,14,Yes,Yes,DSL,Yes,No,No,Yes,No,Yes,One year,No,Credit card (automatic),78.95,1105.41,Yes,0.0985,No
CUST-14900,Male,0,No,No,71,Yes,No,DSL,Yes,Yes,No,No,No,Yes,Month-to-month,No,Electronic check,55.76,4096.94,Yes,0.1638,No
CUST-12659,Male,0,No,Yes,31,Yes,Yes,No,No internet service,No internet service,No internet service,No internet service,No internet service,No internet service,Month-to-month,No,Bank transfer (automatic),42.52,1348.16,No,0.3893,No
CUST-14418,Female,0,No,Yes,38,Yes,Yes,Fiber optic,No,No,No,No,Yes,Yes,Month-to-month,No,Electronic check,88.94,3339.59,Yes,0.7883,Yes
CUST-11071,Male,0,No,Yes,0,Yes,Yes,DSL,No,No,Yes,No,Yes,No,Month-to-month,No,Bank transfer (automatic),66.0,0.0,Yes,0.8332,Yes
CUST-12307,Male,0,Yes,Yes,16,No,No phone service,Fiber optic,No,No,No,No,Yes,Yes,Month-to-month,No,Electronic check,99.31,1584.07,No,0.8673,Yes
CUST-11699,Female,0,No,No,23,Yes,No,No,No internet service,No internet service,No internet service,No internet service,No internet service,No internet service,Two year,Yes,Credit card (automatic),31.92,750.31,No,0.2284,No
CUST-14733,Male,0,Yes,No,63,Yes,No,DSL,No,No,No,No,Yes,Yes,Month-to-month,No,Credit card (automatic),65.33,4213.52,No,0.1558,No
CUST-13400,Female,0,Yes,Yes,44,Yes,Yes,Fiber optic,Yes,No,Yes,No,No,Yes,One year,No,Bank transfer (automatic),90.95,4040.27,No,0.1628,No
CUST-14126,Male,0,Yes,Yes,17,Yes,Yes,No,No internet service,No internet service,No internet service,No internet service,No internet service,No internet service,One year,Yes,Bank transfer (automatic),51.15,831.98,No,0.2187,No
CUST-13949,Male,0,No,Yes,16,Yes,Yes,Fiber optic,No,Yes,No,Yes,Yes,Yes,One year,Yes,Credit card (automatic),90.81,1443.09,Yes,0.5357,Yes
CUST-13535,Male,1,No,No,31,Yes,No,DSL,No,No,No,Yes,No,No,Month-to-month,Yes,Electronic check,50.65,1561.47,No,0.7616,Yes
CUST-11488,Male,1,Yes,No,46,Yes,No,DSL,Yes,Yes,No,Yes,No,No,Month-to-month,Yes,Electronic check,73.39,3478.07,No,0.4135,No
CUST-10498,Female,1,Yes,No,23,Yes,No,DSL,Yes,No,No,No,Yes,Yes,Two year,No,Bank transfer (automatic),71.71,1522.98,No,0.1602,No
CUST-14358,Female,0,No,Yes,11,No,No phone service,Fiber optic,Yes,No,Yes,Yes,Yes,Yes,Month-to-month,Yes,Electronic check,108.9,1239.03,Yes,0.9073,Yes
CUST-13501,Female,0,Yes,No,31,Yes,No,Fiber optic,Yes,Yes,No,No,No,No,Month-to-month,No,Bank transfer (automatic),87.63,2804.95,No,0.6011,Yes
CUST-12575,Male,0,No,No,0,Yes,Yes,No,No internet service,No internet service,No internet service,No internet service,No internet service,No internet service,Two year,No,Mailed check,48.47,0.0,No,0.382,No
CUST-12357,Male,0,No,Yes,59,Yes,No,Fiber optic,Yes,No,Yes,No,Yes,No,Month-to-month,No,Mailed check,91.79,5189.89,No,0.3908,No
CUST-13688,Female,0,Yes,No,45,No,No phone service,Fiber optic,No,No,Yes,No,No,Yes,Month-to-month,No,Mailed check,92.26,3886.9,No,0.6367,Yes
CUST-14031,Female,1,Yes,Yes,18,Yes,Yes,DSL,No,No,Yes,Yes,Yes,No,Month-to-month,Yes,Bank transfer (automatic),67.98,1164.8,No,0.6955,Yes
CUST-13153,Female,0,Yes,No,31,Yes,Yes,DSL,No,Yes,No,Yes,Yes,Yes,Month-to-month,No,Electronic check,79.2,2371.78,No,0.4298,No
CUST-11610,Female,0,No,No,56,Yes,Yes,No,No internet service,No internet service,No internet service,No internet service,No internet service,No internet service,Month-to-month,Yes,Bank transfer (automatic),37.91,1987.61,No,0.3038,No
CUST-12173,Female,0,No,No,4,Yes,Yes,Fiber optic,No,No,Yes,No,Yes,No,Month-to-month,No,Bank transfer (automatic),99.11,400.06,Yes,0.9502,Yes
CUST-12295,Female,0,No,No,65,Yes,Yes,No,No internet service,No internet service,No internet service,No internet service,No internet service,No internet service,Month-to-month,No,Mailed check,22.49,1477.18,No,0.1974,No
CUST-13307,Male,0,Yes,Yes,46,Yes,Yes,No,No internet service,No internet service,No internet service,No internet service,No internet service,No internet service,Month-to-month,Yes,Mailed check,39.01,1868.92,No,0.3541,No
CUST-11022,Female,0,No,No,17,Yes,No,DSL,Yes,No,Yes,Yes,No,Yes,Month-to-month,No,Electronic check,66.13,1056.46,Yes,0.5662,Yes
CUST-12299,Female,0,Yes,No,13,Yes,No,Fiber optic,No,Yes,No,No,No,Yes,Month-to-month,Yes,Bank transfer (automatic),89.54,1137.26,Yes,0.9017,Yes
CUST-14901,Female,0,No,No,60,Yes,No,Fiber optic,No,No,No,Yes,No,Yes,Month-to-month,No,Credit card (automatic),72.36,4094.19,No,0.3155,No
CUST-12016,Male,0,No,No,54,Yes,Yes,Fiber optic,No,Yes,Yes,No,Yes,No,Two year,Yes,Mailed check,98.33,4961.79,No,0.3324,No
CUST-13084,Male,0,Yes,No,39,Yes,Yes,No,No internet service,No internet service,No internet service,No internet service,No internet service,No internet service,Month-to-month,Yes,Mailed check,24.86,977.39,No,0.4873,No
CUST-14992,Female,0,No,No,9,Yes,No,No,No internet service,No internet service,No internet service,No internet service,No internet service,No internet service,Two year,Yes,Mailed check,22.63,198.26,Yes,0.4071,No
CUST-10665,Female,0,No,No,37,Yes,No,DSL,Yes,No,No,Yes,No,Yes,Month-to-month,Yes,Electronic check,78.34,2858.02,Yes,0.4199,No
CUST-13956,Female,0,Yes,No,1,Yes,Yes,No,No internet service,No internet service,No internet service,No internet service,No internet service,No internet service,One year,No,Electronic check,29.09,29.21,Yes,0.4368,No
CUST-12656,Male,0,No,No,11,Yes,Yes,DSL,No,Yes,Yes,Yes,No,No,One year,Yes,Bank transfer (automatic),54.79,591.2,Yes,0.4269,No
CUST-14228,Male,0,No,No,49,Yes,No,DSL,Yes,No,No,No,No,Yes,One year,Yes,Mailed check,55.25,2630.21,Yes,0.1038,No
CUST-14279,Female,0,No,Yes,50,Yes,No,No,No internet service,No internet service,No internet service,No internet service,No internet service,No internet service,Two year,Yes,Electronic check,34.84,1710.99,No,0.123,No
CUST-12450,Female,0,Yes,No,22,Yes,No,Fiber optic,No,No,Yes,Yes,Yes,No,Month-to-month,No,Mailed check,98.96,2210.59,No,0.7646,Yes
CUST-11017,Male,0,Yes,Yes,7,Yes,No,No,No internet service,No internet service,No internet service,No internet service,No internet service,No internet service,Month-to-month,No,Electronic check,30.63,224.82,Yes,0.7054,Yes
CUST-10557,Female,0,Yes,No,4,Yes,No,Fiber optic,No,Yes,Yes,Yes,Yes,Yes,Month-to-month,Yes,Credit card (automatic),102.09,396.14,Yes,0.9284,Yes
CUST-12416,Female,0,No,No,29,Yes,No,Fiber optic,Yes,No,No,Yes,Yes,Yes,Month-to-month,No,Electronic check,111.92,3056.12,Yes,0.6723,Yes
CUST-11207,Female,0,Yes,No,27,Yes,No,Fiber optic,No,No,No,Yes,Yes,No,Month-to-month,Yes,Bank transfer (automatic),91.39,2484.69,Yes,0.7453,Yes
CUST-13349,Female,0,No,No,65,Yes,No,Fiber optic,No,No,Yes,Yes,Yes,No,Month-to-month,Yes,Credit card (automatic),91.73,5822.86,No,0.4335,No
CUST-13694,Male,0,No,No,13,Yes,Yes,DSL,Yes,No,Yes,Yes,Yes,No,Two year,Yes,Electronic check,66.61,825.47,No,0.3434,No
CUST-14419,Male,0,Yes,Yes,61,Yes,Yes,No,No internet service,No internet service,No internet service,No internet service,No internet service,No internet service,Month-to-month,No,Mailed check,18.84,1168.89,No,0.1548,No
CUST-11510,Male,0,Yes,No,5,No,No phone service,No,No internet service,No internet service,No internet service,No internet service,No internet service,No internet service,One year,Yes,Credit card (automatic),20.39,98.41,Yes,0.3593,No
CUST-13860,Female,0,No,Yes,18,Yes,Yes,DSL,No,No,No,No,No,No,Month-to-month,Yes,Bank transfer (automatic),52.28,982.48,Yes,0.6947,Yes
CUST-10245,Male,0,No,Yes,59,Yes,No,Fiber optic,No,No,Yes,Yes,No,No,Month-to-month,Yes,Electronic check,85.69,4979.47,No,0.5994,Yes
CUST-11163,Female,0,No,No,43,Yes,Yes,DSL,Yes,No,Yes,No,Yes,Yes,Month-to-month,No,Mailed check,81.27,3228.89,No,0.3577,No
CUST-12603,Female,0,No,Yes,4,Yes,Yes,No,No internet service,No internet service,No internet service,No internet service,No internet service,No internet service,Month-to-month,Yes,Credit card (automatic),25.24,104.7,No,0.7625,Yes
CUST-10266,Male,0,No,Yes,31,Yes,No,DSL,Yes,No,No,Yes,No,Yes,Two year,Yes,Credit card (automatic),79.53,2567.76,No,0.0732,No
CUST-14689,Female,0,Yes,Yes,69,Yes,No,DSL,No,Yes,Yes,Yes,No,No,Month-to-month,Yes,Mailed check,68.98,4393.25,No,0.1279,No
CUST-11114,Male,0,Yes,No,60,Yes,Yes,No,No internet service,No internet service,No internet service,No internet service,No internet service,No internet service,Two year,Yes,Electronic check,46.36,2602.9,No,0.0805,No
CUST-10063,Female,0,Yes,No,55,Yes,Yes,Fiber optic,Yes,No,No,No,No,No,Month-to-month,Yes,Credit card (automatic),85.56,4635.19,No,0.4205,No
CUST-12610,Female,0,Yes,Yes,0,Yes,No,Fiber optic,No,No,No,Yes,Yes,Yes,One year,No,Mailed check,101.2,0.0,No,0.5883,Yes
CUST-12186,Male,0,No,Yes,59,Yes,No,DSL,No,No,Yes,No,No,Yes,Two year,No,Credit card (automatic),75.37,4292.15,No,0.046,No
CUST-12776,Female,0,No,Yes,18,Yes,Yes,Fiber optic,Yes,No,No,No,No,Yes,One year,Yes,Mailed check,103.47,1905.2,Yes,0.5482,Yes
CUST-14367,Male,0,No,No,15,Yes,No,Fiber optic,Yes,Yes,Yes,No,Yes,Yes,One year,Yes,Electronic check,97.09,1349.33,Yes,0.7914,Yes
CUST-13097,Male,0,Yes,No,23,Yes,Yes,DSL,No,No,No,Yes,No,Yes,One year,Yes,Credit card (automatic),76.69,1810.19,No,0.1732,No
CUST-12045,Female,0,Yes,No,67,Yes,Yes,Fiber optic,No,Yes,No,No,No,No,Month-to-month,Yes,Electronic check,89.66,5887.67,Yes,0.5542,Yes
CUST-12834,Male,0,Yes,Yes,53,No,No phone service,Fiber optic,No,No,No,Yes,Yes,No,Month-to-month,Yes,Credit card (automatic),88.94,4597.15,No,0.3537,No
CUST-12276,Male,0,Yes,No,4,Yes,Yes,No,No internet service,No internet service,No internet service,No internet service,No internet service,No internet service,One year,No,Electronic check,30.77,121.57,No,0.4206,No
CUST-12078,Male,0,Yes,Yes,1,No,No phone service,DSL,Yes,No,Yes,No,Yes,No,Month-to-month,No,Credit card (automatic),56.84,56.49,No,0.6425,Yes
CUST-13196,Male,0,Yes,No,64,Yes,Yes,No,No internet service,No internet service,No internet service,No internet service,No internet service,No internet service,One year,No,Bank transfer (automatic),31.33,1966.26,No,0.0333,No
CUST-11237,Male,0,Yes,No,26,Yes,No,Fiber optic,No,No,No,No,Yes,No,Month-to-month,Yes,Bank transfer (automatic),77.5,1905.54,Yes,0.855,Yes
CUST-10103,Male,0,No,Yes,9,No,No phone service,Fiber optic,No,Yes,Yes,No,No,No,Month-to-month,No,Electronic check,87.09,751.81,Yes,0.9459,Yes
CUST-13382,Female,0,No,Yes,71,Yes,No,DSL,Yes,Yes,Yes,No,Yes,No,One year,No,Electronic check,80.08,5646.08,No,0.0355,No
CUST-10272,Male,1,Yes,No,46,Yes,Yes,DSL,No,No,Yes,No,No,No,Month-to-month,Yes,Mailed check,72.35,3355.22,Yes,0.6588,Yes
CUST-10508,Male,0,No,No,36,Yes,Yes,Fiber optic,Yes,Yes,No,No,Yes,No,One year,Yes,Electronic check,103.35,3614.13,No,0.5244,Yes
CUST-12290,Male,0,Yes,No,26,Yes,No,Fiber optic,Yes,Yes,Yes,Yes,Yes,Yes,Month-to-month,Yes,Bank transfer (automatic),108.96,2904.36,Yes,0.7232,Yes
CUST-14948,Male,0,No,No,36,No,No phone service,Fiber optic,No,Yes,No,No,Yes,No,Two year,Yes,Bank transfer (automatic),101.32,3620.9,Yes,0.4233,No
CUST-14749,Male,0,Yes,No,7,Yes,No,Fiber optic,Yes,No,No,No,No,Yes,Month-to-month,Yes,Electronic check,97.26,671.55,Yes,0.9413,Yes
CUST-10865,Female,0,No,Yes,6,Yes,Yes,Fiber optic,No,No,Yes,Yes,No,Yes,Month-to-month,No,Credit card (automatic),105.0,642.58,Yes,0.8787,Yes
CUST-12451,Female,0,No,No,51,Yes,Yes,DSL,No,No,No,Yes,No,Yes,Month-to-month,No,Electronic check,74.24,3848.75,Yes,0.256,No
CUST-10908,Male,0,No,Yes,45,Yes,No,No,No internet service,No internet service,No internet service,No internet service,No internet service,No internet service,Month-to-month,No,Bank transfer (automatic),40.6,1810.16,No,0.2691,No
CUST-12131,Female,0,No,Yes,43,Yes,Yes,Fiber optic,Yes,No,No,No,No,No,Month-to-month,No,Bank transfer (automatic),89.29,3555.2,Yes,0.4682,No
CUST-12877,Female,0,Yes,Yes,19,Yes,No,No,No internet service,No internet service,No internet service,No internet service,No internet service,No internet service,One year,No,Credit card (automatic),40.34,751.88,No,0.1269,No
CUST-13920,Female,0,No,No,1,Yes,Yes,DSL,Yes,No,No,No,No,No,Month-to-month,Yes,Mailed check,64.85,67.95,Yes,0.8292,Yes
CUST-11627,Female,0,No,No,15,Yes,No,No,No internet service,No internet service,No internet service,No internet service,No internet service,No internet service,One year,Yes,Electronic check,31.92,459.65,Yes,0.466,No
CUST-12893,Female,0,No,No,49,Yes,No,No,No internet service,No internet service,No internet service,No internet service,No internet service,No internet service,Month-to-month,Yes,Mailed check,29.89,1474.4,No,0.4108,No
CUST-11522,Male,0,No,No,47,Yes,No,Fiber optic,No,No,No,No,Yes,No,Month-to-month,Yes,Mailed check,94.02,4215.23,Yes,0.7706,Yes
CUST-10835,Female,0,No,No,28,Yes,No,Fiber optic,Yes,No,Yes,No,Yes,No,One year,No,Electronic check,103.62,2894.39,Yes,0.55,Yes
CUST-10358,Male,0,No,No,10,Yes,Yes,DSL,Yes,No,Yes,Yes,Yes,Yes,Month-to-month,Yes,Bank transfer (automatic),69.93,724.14,No,0.7036,Yes
CUST-10138,Male,0,No,No,71,Yes,No,Fiber optic,Yes,No,No,No,No,Yes,One year,No,Credit card (automatic),90.15,5915.97,No,0.0572,No
CUST-10299,Male,0,Yes,No,58,Yes,Yes,Fiber optic,No,No,No,Yes,No,No,Month-to-month,Yes,Electronic check,92.63,5106.02,No,0.5084,Yes
CUST-11556,Female,0,No,No,57,Yes,Yes,No,No internet service,No internet service,No internet service,No internet service,No internet service,No internet service,Month-to-month,Yes,Bank transfer (automatic),32.95,1740.04,Yes,0.3037,No
CUST-11003,Female,0,No,Yes,58,Yes,No,Fiber optic,No,No,Yes,No,No,Yes,Month-to-month,Yes,Bank transfer (automatic),91.32,5108.94,No,0.5984,Yes
CUST-10382,Female,0,Yes,No,25,Yes,Yes,DSL,No,No,No,Yes,No,No,Two year,Yes,Electronic check,55.14,1396.62,No,0.2247,No
CUST-10941,Male,0,Yes,Yes,59,Yes,No,Fiber optic,No,No,No,Yes,No,Yes,Month-to-month,Yes,Electronic check,77.57,4282.87,Yes,0.472,No
CUST-11942,Female,1,No,Yes,29,Yes,Yes,Fiber optic,Yes,No,Yes,Yes,Yes,No,One year,Yes,Bank transfer (automatic),96.21,2620.85,No,0.4635,No
CUST-10761,Female,0,Yes,Yes,31,Yes,No,No,No internet service,No internet service,No internet service,No internet service,No internet service,No internet service,One year,Yes,Mailed check,43.22,1382.96,No,0.1649,No
CUST-11732,Female,0,No,No,47,Yes,Yes,Fiber optic,No,Yes,No,Yes,Yes,No,Month-to-month,No,Credit card (automatic),100.06,4383.46,No,0.4589,No
CUST-11902,Female,0,No,No,38,Yes,No,Fiber optic,Yes,No,No,No,No,Yes,Two year,No,Mailed check,112.93,4047.35,No,0.2074,No
CUST-14930,Male,0,Yes,Yes,37,No,No phone service,Fiber optic,No,Yes,No,No,Yes,No,Two year,No,Bank transfer (automatic),89.04,3409.06,No,0.2086,No
CUST-12103,Male,0,Yes,No,24,Yes,Yes,Fiber optic,Yes,Yes,No,No,No,Yes,Month-to-month,Yes,Mailed check,101.37,2387.28,No,0.8009,Yes
CUST-14497,Male,0,Yes,No,20,Yes,Yes,No,No internet service,No internet service,No internet service,No internet service,No internet service,No internet service,Month-to-month,No,Credit card (automatic),39.02,753.98,No,0.459,No
CUST-10898,Male,0,No,No,53,Yes,Yes,Fiber optic,Yes,No,No,Yes,Yes,Yes,Month-to-month,Yes,Credit card (automatic),101.51,5605.91,No,0.3753,No
CUST-14023,Male,0,Yes,Yes,24,Yes,Yes,Fiber optic,No,Yes,No,Yes,Yes,No,Two year,No,Bank transfer (automatic),84.6,2116.72,No,0.2266,No
CUST-12916,Female,0,Yes,No,40,No,No phone service,Fiber optic,Yes,Yes,Yes,No,Yes,Yes,Two year,Yes,Mailed check,120.17,4574.76,No,0.2743,No
CUST-11402,Male,0,No,No,42,Yes,No,Fiber optic,No,Yes,No,Yes,Yes,Yes,Month-to-month,No,Credit card (automatic),104.36,4292.77,No,0.5301,Yes
CUST-12275,Male,0,Yes,Yes,59,No,No phone service,Fiber optic,No,Yes,No,Yes,No,No,Two year,Yes,Mailed check,96.27,5264.6,No,0.0719,No
CUST-13809,Female,0,Yes,No,39,No,No phone service,No,No internet service,No internet service,No internet service,No internet service,No internet service,No internet service,Two year,Yes,Electronic check,38.17,1456.39,No,0.1653,No
CUST-14400,Male,0,Yes,Yes,62,No,No phone service,DSL,No,No,No,No,Yes,No,One year,Yes,Bank transfer (automatic),64.28,4089.06,No,0.0475,No
CUST-14722,Female,0,No,Yes,19,Yes,No,Fiber optic,No,No,Yes,No,Yes,Yes,Two year,No,Credit card (automatic),103.84,1947.04,No,0.5203,Yes
CUST-11512,Female,1,No,No,40,Yes,No,No,No internet service,No internet service,No internet service,No internet service,No internet service,No internet service,Two year,Yes,Bank transfer (automatic),39.64,1522.42,Yes,0.2237,No
CUST-11188,Female,0,Yes,No,8,Yes,No,DSL,No,Yes,Yes,No,No,No,Month-to-month,Yes,Electronic check,72.57,576.45,Yes,0.9008,Yes
CUST-14708,Female,0,Yes,No,45,Yes,No,DSL,No,No,Yes,No,No,No,Month-to-month,No,Bank transfer (automatic),58.98,2722.84,No,0.3639,No
CUST-13467,Male,0,No,Yes,64,Yes,No,DSL,Yes,Yes,No,Yes,No,Yes,One year,No,Electronic check,81.32,5246.44,No,0.0195,No
CUST-14343,Male,0,No,No,22,No,No phone service,Fiber optic,No,No,Yes,No,No,Yes,Two year,No,Credit card (automatic),86.11,1840.41,Yes,0.5061,Yes
CUST-13458,Female,0,No,Yes,44,Yes,No,Fiber optic,Yes,No,Yes,No,No,Yes,Month-to-month,No,Electronic check,87.46,3627.31,Yes,0.6773,Yes
CUST-10108,Male,0,Yes,No,34,Yes,Yes,DSL,No,Yes,Yes,No,Yes,Yes,Month-to-month,Yes,Bank transfer (automatic),65.99,2297.53,Yes,0.6378,Yes
CUST-13655,Male,0,Yes,No,0,Yes,No,DSL,Yes,Yes,No,No,Yes,No,Two year,No,Credit card (automatic),63.38,0.0,No,0.2647,No
CUST-12463,Female,0,No,No,8,Yes,Yes,DSL,Yes,No,No,Yes,No,No,Month-to-month,Yes,Bank transfer (automatic),55.83,440.51,Yes,0.6157,Yes
CUST-13252,Male,0,No,No,25,Yes,No,Fiber optic,No,No,Yes,Yes,Yes,No,Month-to-month,No,Bank transfer (automatic),90.04,2312.94,Yes,0.7839,Yes
CUST-10058,Female,0,No,No,18,Yes,Yes,Fiber optic,No,Yes,No,No,No,Yes,Two year,No,Mailed check,87.51,1630.44,No,0.5562,Yes
CUST-10076,Male,0,No,No,42,Yes,Yes,Fiber optic,Yes,No,No,No,No,No,Month-to-month,No,Mailed check,97.02,4239.38,Yes,0.5874,Yes
CUST-10796,Female,0,No,No,12,Yes,No,DSL,Yes,No,Yes,Yes,Yes,Yes,Month-to-month,Yes,Electronic check,75.17,887.51,Yes,0.7807,Yes
CUST-10368,Male,1,No,Yes,47,No,No phone service,No,No internet service,No internet service,No internet service,No internet service,No internet service,No internet service,Month-to-month,No,Bank transfer (automatic),36.46,1594.33,No,0.3516,No
CUST-14920,Female,0,Yes,No,48,Yes,Yes,DSL,No,No,No,Yes,Yes,Yes,Two year,No,Mailed check,69.51,3161.33,No,0.0414,No
CUST-10785,Female,0,Yes,No,70,Yes,Yes,Fiber optic,No,No,No,No,Yes,No,One year,Yes,Credit card (automatic),87.64,5781.92,No,0.1239,No
CUST-12222,Male,0,No,No,21,Yes,Yes,DSL,Yes,Yes,Yes,No,No,No,Month-to-month,Yes,Credit card (automatic),63.75,1242.17,Yes,0.6673,Yes
CUST-12630,Female,0,No,No,40,Yes,Yes,Fiber optic,Yes,Yes,No,Yes,No,No,Month-to-month,Yes,Credit card (automatic),83.46,3220.86,No,0.5514,Yes
CUST-12036,Female,0,No,No,37,Yes,Yes,Fiber optic,No,No,No,No,No,No,Month-to-month,Yes,Electronic check,84.82,3017.92,No,0.8846,Yes
CUST-12354,Male,0,Yes,No,64,Yes,Yes,DSL,No,No,No,Yes,Yes,No,Two year,No,Bank transfer (automatic),69.12,4417.19,No,0.0163,No
CUST-13555,Male,0,No,No,29,No,No phone service,Fiber optic,Yes,Yes,Yes,No,Yes,No,Month-to-month,Yes,Credit card (automatic),94.35,2752.77,Yes,0.8275,Yes
CUST-12267,Female,0,No,No,2,Yes,No,Fiber optic,No,No,Yes,No,Yes,Yes,Month-to-month,Yes,Mailed check,91.77,188.1,Yes,0.9771,Yes
CUST-11730,Female,1,Yes,No,15,Yes,Yes,Fiber optic,No,No,No,No,No,Yes,One year,Yes,Mailed check,87.97,1285.07,Yes,0.7935,Yes
CUST-10121,Female,1,No,No,6,Yes,No,Fiber optic,Yes,No,No,No,Yes,No,Month-to-month,Yes,Bank transfer (automatic),87.62,549.36,Yes,0.9591,Yes
CUST-11872,Female,0,No,No,20,Yes,No,Fiber optic,Yes,Yes,Yes,No,Yes,Yes,Two year,No,Mailed check,105.3,1986.53,Yes,0.4718,No
CUST-14513,Female,0,Yes,No,8,Yes,Yes,DSL,No,No,Yes,No,Yes,No,Month-to-month,Yes,Bank transfer (automatic),72.42,539.37,No,0.8389,Yes
CUST-13666,Female,0,Yes,No,24,Yes,No,DSL,No,No,No,Yes,Yes,Yes,One year,Yes,Bank transfer (automatic),71.31,1710.79,No,0.1693,No
CUST-10910,Female,0,No,No,7,Yes,No,Fiber optic,No,No,Yes,Yes,Yes,No,Month-to-month,No,Electronic check,113.28,806.99,Yes,0.9422,Yes
CUST-10124,Female,0,Yes,No,6,Yes,No,DSL,No,Yes,No,No,No,No,One year,No,Credit card (automatic),67.42,396.27,No,0.3375,No
CUST-13188,Male,0,No,Yes,7,Yes,No,Fiber optic,Yes,No,Yes,No,No,Yes,One year,No,Credit card (automatic),93.86,609.61,Yes,0.6084,Yes
CUST-11586,Female,0,Yes,Yes,7,Yes,Yes,Fiber optic,No,No,No,No,Yes,Yes,Month-to-month,No,Electronic check,70.67,486.25,Yes,0.9276,Yes
CUST-11257,Female,0,Yes,No,71,No,No phone service,DSL,No,No,No,Yes,No,No,Month-to-month,No,Mailed check,57.81,3848.68,No,0.0653,No
CUST-14003,Male,1,No,No,5,Yes,Yes,Fiber optic,No,No,Yes,No,Yes,Yes,One year,Yes,Bank transfer (automatic),106.36,518.48,Yes,0.9264,Yes
CUST-14108,Female,0,Yes,Yes,12,Yes,No,Fiber optic,No,Yes,No,No,Yes,Yes,Two year,No,Mailed check,95.07,1178.5,No,0.554,Yes
CUST-13404,Male,0,Yes,No,40,Yes,Yes,Fiber optic,No,No,No,No,Yes,Yes,Month-to-month,Yes,Bank transfer (automatic),102.11,4244.05,No,0.7532,Yes
CUST-11178,Male,0,No,No,56,Yes,Yes,Fiber optic,No,Yes,No,Yes,No,Yes,One year,No,Bank transfer (automatic),101.19,5935.91,No,0.0961,No
CUST-13064,Female,1,No,No,72,Yes,No,Fiber optic,Yes,Yes,Yes,Yes,Yes,Yes,Month-to-month,No,Bank transfer (automatic),112.49,7846.17,No,0.2275,No
CUST-13491,Female,0,No,No,8,Yes,Yes,DSL,Yes,Yes,No,Yes,Yes,Yes,Month-to-month,No,Bank transfer (automatic),82.71,661.95,No,0.5148,Yes
CUST-13802,Female,0,No,No,4,Yes,Yes,DSL,No,No,Yes,No,Yes,No,One year,Yes,Electronic check,67.73,273.59,No,0.7725,Yes
CUST-10442,Male,0,No,No,13,Yes,No,DSL,Yes,Yes,Yes,Yes,Yes,No,Month-to-month,Yes,Bank transfer (automatic),84.37,1092.88,Yes,0.6265,Yes
CUST-11932,Female,0,No,No,62,Yes,Yes,No,No internet service,No internet service,No internet service,No internet service,No internet service,No internet service,One year,Yes,Mailed check,38.51,2307.0,No,0.0818,No
CUST-13109,Male,0,No,No,0,Yes,Yes,DSL,No,Yes,No,No,No,No,One year,No,Bank transfer (automatic),67.81,0.0,No,0.4876,No
CUST-10925,Female,0,No,No,28,No,No phone service,DSL,No,Yes,Yes,Yes,Yes,No,Two year,No,Mailed check,60.29,1681.33,No,0.1406,No
CUST-12437,Female,0,Yes,Yes,13,Yes,No,Fiber optic,Yes,No,Yes,Yes,Yes,Yes,One year,Yes,Electronic check,111.92,1406.07,Yes,0.5681,Yes
CUST-13523,Male,1,No,No,41,Yes,No,Fiber optic,Yes,No,Yes,No,Yes,No,Two year,Yes,Bank transfer (automatic),104.35,4242.4,No,0.4836,No
CUST-14785,Male,1,Yes,Yes,60,Yes,Yes,DSL,No,No,No,No,Yes,No,One year,Yes,Bank transfer (automatic),71.02,4126.62,No,0.0962,No
CUST-11411,Female,0,No,Yes,25,Yes,No,DSL,No,Yes,Yes,No,No,Yes,Month-to-month,No,Bank transfer (automatic),62.37,1547.76,No,0.5855,Yes
CUST-13488,Male,1,Yes,Yes,16,Yes,No,Fiber optic,No,No,No,No,No,No,Month-to-month,Yes,Electronic check,91.09,1388.58,Yes,0.9533,Yes
CUST-11777,Male,1,Yes,Yes,58,Yes,Yes,DSL,No,No,Yes,No,No,No,Month-to-month,Yes,Bank transfer (automatic),46.17,2570.73,No,0.4489,No
CUST-11509,Female,0,Yes,No,63,Yes,No,Fiber optic,No,Yes,No,No,Yes,No,Two year,No,Bank transfer (automatic),88.22,5766.83,No,0.0851,No
CUST-11227,Female,0,Yes,No,25,Yes,No,DSL,Yes,Yes,No,No,Yes,No,Month-to-month,Yes,Mailed check,84.58,2065.22,Yes,0.5362,Yes
CUST-13624,Female,0,No,No,10,Yes,No,Fiber optic,No,Yes,Yes,No,No,No,Month-to-month,No,Bank transfer (automatic),98.57,1031.58,Yes,0.9324,Yes
CUST-12372,Male,0,No,No,66,Yes,Yes,Fiber optic,No,No,No,No,No,Yes,Two year,No,Electronic check,90.56,5525.46,No,0.1588,No
CUST-13534,Male,1,No,Yes,62,Yes,No,Fiber optic,No,Yes,No,No,No,No,One year,No,Credit card (automatic),90.07,5671.01,No,0.1791,No
CUST-14958,Female,0,No,No,1,Yes,No,Fiber optic,No,No,Yes,No,Yes,No,Month-to-month,No,Bank transfer (automatic),97.82,101.98,Yes,0.9574,Yes
CUST-14521,Female,1,Yes,Yes,56,Yes,No,No,No internet service,No internet service,No internet service,No internet service,No internet service,No internet service,Month-to-month,Yes,Credit card (automatic),27.48,1509.78,No,0.3317,No
CUST-10324,Female,1,No,No,43,No,No phone service,No,No internet service,No internet service,No internet service,No internet service,No internet service,No internet service,Two year,Yes,Bank transfer (automatic),29.99,1188.96,No,0.1904,No
CUST-13100,Male,0,No,Yes,65,Yes,No,DSL,No,No,Yes,No,Yes,No,Two year,Yes,Bank transfer (automatic),66.98,4334.35,No,0.0674,No
CUST-14468,Female,0,No,Yes,46,Yes,No,Fiber optic,No,No,No,No,No,Yes,Month-to-month,Yes,Credit card (automatic),90.3,4141.82,No,0.6903,Yes
CUST-12182,Female,0,No,No,24,Yes,Yes,Fiber optic,Yes,No,Yes,No,No,Yes,Month-to-month,Yes,Mailed check,114.59,2537.25,Yes,0.8644,Yes
CUST-13319,Male,0,Yes,No,36,Yes,No,No,No internet service,No internet service,No internet service,No internet service,No internet service,No internet service,Month-to-month,Yes,Mailed check,33.02,1195.07,Yes,0.5028,Yes
CUST-13055,Male,1,No,No,14,Yes,No,Fiber optic,Yes,Yes,Yes,Yes,No,Yes,One year,No,Electronic check,106.07,1505.68,No,0.6946,Yes
CUST-11498,Male,0,No,Yes,5,Yes,Yes,Fiber optic,No,No,No,Yes,No,No,Two year,No,Credit card (automatic),77.38,404.55,Yes,0.5012,Yes
CUST-11502,Male,1,No,No,52,Yes,Yes,Fiber optic,Yes,Yes,No,No,Yes,Yes,One year,No,Electronic check,103.81,4975.3,No,0.3171,No
CUST-11006,Female,0,No,Yes,56,Yes,No,DSL,No,No,No,No,Yes,No,Month-to-month,No,Bank transfer (automatic),44.11,2347.62,No,0.2248,No
CUST-14010,Male,0,Yes,Yes,4,No,No phone service,DSL,No,No,Yes,Yes,Yes,No,Two year,Yes,Mailed check,74.52,303.4,No,0.3509,No
CUST-13733,Female,0,No,No,17,Yes,No,No,No internet service,No internet service,No internet service,No internet service,No internet service,No internet service,Month-to-month,Yes,Mailed check,27.53,458.37,Yes,0.711,Yes
CUST-13815,Male,0,Yes,No,13,Yes,Yes,DSL,No,No,No,No,Yes,Yes,Month-to-month,Yes,Bank transfer (automatic),60.46,798.73,Yes,0.7472,Yes
CUST-11467,Male,0,Yes,No,54,Yes,Yes,Fiber optic,Yes,No,Yes,No,Yes,No,Month-to-month,No,Credit card (automatic),98.91,5378.13,Yes,0.3832,No
CUST-11225,Female,0,No,No,49,Yes,No,Fiber optic,Yes,No,Yes,Yes,No,Yes,One year,Yes,Credit card (automatic),94.14,4458.12,No,0.1635,No
CUST-13996,Male,0,Yes,No,48,Yes,No,DSL,No,No,No,No,Yes,Yes,Two year,Yes,Credit card (automatic),75.1,3508.31,No,0.1028,No
CUST-12284,Female,1,No,Yes,56,Yes,Yes,No,No internet service,No internet service,No internet service,No internet service,No internet service,No internet service,Month-to-month,Yes,Bank transfer (automatic),38.58,2060.83,Yes,0.3834,No
CUST-12021,Female,0,No,No,41,Yes,No,Fiber optic,No,No,No,No,No,Yes,Two year,Yes,Bank transfer (automatic),96.4,4058.68,No,0.3817,No
CUST-11216,Female,0,Yes,No,49,Yes,No,DSL,No,Yes,No,No,No,Yes,Month-to-month,No,Electronic check,68.87,3209.59,No,0.3451,No
CUST-14421,Female,0,No,No,25,No,No phone service,DSL,No,No,Yes,Yes,No,Yes,Month-to-month,No,Electronic check,69.29,1715.77,No,0.5945,Yes
CUST-13520,Female,1,Yes,Yes,38,Yes,No,Fiber optic,Yes,Yes,No,No,No,No,Month-to-month,Yes,Electronic check,87.28,3154.26,Yes,0.8221,Yes
CUST-10420,Female,1,No,No,14,Yes,Yes,DSL,No,Yes,No,No,Yes,No,Month-to-month,Yes,Mailed check,66.26,904.89,Yes,0.8803,Yes
CUST-13443,Male,0,Yes,No,2,Yes,Yes,DSL,No,No,No,No,No,No,Month-to-month,No,Credit card (automatic),53.42,101.87,No,0.7372,Yes
CUST-10006,Male,1,No,No,67,Yes,Yes,Fiber optic,No,Yes,No,Yes,No,No,Month-to-month,Yes,Electronic check,90.74,5608.74,Yes,0.6269,Yes
CUST-10932,Male,1,No,No,61,Yes,Yes,Fiber optic,No,No,Yes,Yes,Yes,No,Month-to-month,No,Mailed check,81.15,4948.41,No,0.5703,Yes
CUST-11691,Female,0,Yes,No,19,Yes,Yes,DSL,No,No,Yes,Yes,No,Yes,Month-to-month,No,Electronic check,64.54,1216.88,No,0.6111,Yes
CUST-10439,Male,0,No,No,26,Yes,Yes,Fiber optic,No,No,No,No,No,Yes,Two year,Yes,Electronic check,73.37,1917.75,No,0.7147,Yes
CUST-11313,Female,0,No,No,54,Yes,Yes,DSL,Yes,No,No,No,No,No,Two year,No,Mailed check,49.74,2486.42,No,0.0423,No
CUST-10678,Female,0,No,Yes,40,Yes,Yes,DSL,Yes,No,No,Yes,No,Yes,Month-to-month,Yes,Credit card (automatic),62.69,2491.42,No,0.2341,No
CUST-11972,Female,0,Yes,Yes,0,Yes,Yes,DSL,Yes,No,No,No,Yes,Yes,One year,Yes,Electronic check,85.41,0.0,No,0.5259,Yes
CUST-14625,Male,1,No,No,46,Yes,No,No,No internet service,No internet service,No internet service,No internet service,No internet service,No internet service,Two year,Yes,Credit card (automatic),45.24,2147.46,Yes,0.1891,No
CUST-14390,Male,0,No,Yes,29,Yes,No,Fiber optic,No,Yes,Yes,No,Yes,Yes,One year,Yes,Electronic check,108.54,3056.77,Yes,0.7356,Yes
CUST-12483,Male,0,No,No,2,Yes,No,Fiber optic,Yes,No,No,No,Yes,No,One year,Yes,Credit card (automatic),96.83,186.87,Yes,0.7705,Yes
CUST-14648,Male,0,Yes,Yes,70,Yes,No,Fiber optic,No,No,Yes,No,Yes,Yes,Month-to-month,No,Electronic check,108.42,7038.02,No,0.3927,No
CUST-12634,Male,1,No,No,12,Yes,Yes,Fiber optic,No,No,No,No,No,Yes,Month-to-month,Yes,Bank transfer (automatic),83.46,977.64,Yes,0.9661,Yes
CUST-12535,Female,0,No,Yes,64,Yes,No,No,No internet service,No internet service,No internet service,No internet service,No internet service,No internet service,Two year,Yes,Mailed check,31.6,1936.58,No,0.0532,No
CUST-12456,Female,1,No,Yes,32,Yes,Yes,Fiber optic,Yes,Yes,Yes,Yes,No,No,Month-to-month,No,Electronic check,117.13,3887.39,No,0.7711,Yes
CUST-14807,Female,0,No,No,15,Yes,No,DSL,No,No,No,Yes,Yes,No,One year,No,Bank transfer (automatic),70.3,1085.11,No,0.1901,No
CUST-12819,Female,0,Yes,Yes,38,Yes,No,Fiber optic,Yes,Yes,Yes,No,No,Yes,One year,Yes,Bank transfer (automatic),99.6,3915.88,No,0.2995,No
CUST-14258,Female,0,Yes,No,35,Yes,Yes,Fiber optic,No,No,Yes,No,No,No,Month-to-month,Yes,Credit card (automatic),91.74,3114.14,Yes,0.8218,Yes
CUST-12796,Female,1,No,Yes,65,No,No phone service,Fiber optic,No,No,No,No,Yes,No,Two year,Yes,Credit card (automatic),78.63,5133.35,No,0.2039,No
CUST-12658,Female,0,Yes,No,70,Yes,No,Fiber optic,No,No,Yes,Yes,No,Yes,Month-to-month,Yes,Bank transfer (automatic),93.3,6549.3,No,0.3008,No
CUST-10194,Female,1,Yes,No,60,Yes,Yes,Fiber optic,No,No,Yes,No,No,Yes,Two year,Yes,Electronic check,90.84,5187.64,No,0.4242,No
CUST-11474,Female,0,Yes,Yes,47,Yes,No,DSL,No,No,No,No,No,Yes,Two year,Yes,Bank transfer (automatic),65.1,2887.6,No,0.0831,No
CUST-14467,Female,0,Yes,No,69,No,No phone service,Fiber optic,No,No,Yes,Yes,Yes,No,Two year,No,Bank transfer (automatic),105.19,7213.25,No,0.037,No
CUST-11211,Female,0,Yes,No,47,Yes,Yes,DSL,No,No,Yes,Yes,Yes,Yes,One year,No,Credit card (automatic),63.91,2842.68,No,0.0617,No
CUST-14697,Male,1,Yes,Yes,52,No,No phone service,Fiber optic,No,Yes,No,No,Yes,Yes,Two year,Yes,Mailed check,92.25,4977.72,No,0.2879,No
CUST-11657,Female,0,Yes,No,20,Yes,No,No,No internet service,No internet service,No internet service,No internet service,No internet service,No internet service,Month-to-month,Yes,Electronic check,30.05,577.13,No,0.7146,Yes
CUST-12718,Female,0,Yes,Yes,38,Yes,Yes,DSL,Yes,No,No,No,Yes,No,One year,Yes,Mailed check,63.41,2453.66,No,0.111,No
CUST-13039,Male,0,No,No,16,Yes,Yes,No,No internet service,No internet service,No internet service,No internet service,No internet service,No internet service,One year,Yes,Credit card (automatic),41.26,667.46,No,0.3317,No
CUST-13835,Female,0,Yes,No,21,Yes,Yes,Fiber optic,Yes,No,No,No,No,No,One year,Yes,Bank transfer (automatic),92.69,1890.9,Yes,0.4457,No
CUST-12236,Male,0,Yes,No,70,Yes,Yes,No,No internet service,No internet service,No internet service,No internet service,No internet service,No internet service,Month-to-month,No,Bank transfer (automatic),34.12,2441.95,Yes,0.1096,No
CUST-11874,Male,0,No,Yes,62,Yes,Yes,DSL,No,Yes,Yes,No,No,Yes,Month-to-month,No,Electronic check,56.73,3522.07,Yes,0.3407,No
CUST-14082,Female,0,Yes,Yes,29,Yes,No,DSL,No,Yes,No,Yes,Yes,No,Two year,No,Mailed check,84.79,2388.66,No,0.068,No
CUST-11130,Male,0,No,Yes,45,Yes,Yes,DSL,No,Yes,No,No,No,No,Month-to-month,Yes,Mailed check,61.18,2887.59,No,0.4892,No
CUST-11461,Male,0,Yes,Yes,5,Yes,Yes,Fiber optic,Yes,No,No,No,No,No,One year,Yes,Credit card (automatic),78.04,386.78,No,0.6246,Yes
CUST-10276,Male,0,Yes,No,26,Yes,No,No,No internet service,No internet service,No internet service,No internet service,No internet service,No internet service,Month-to-month,Yes,Bank transfer (automatic),44.47,1087.76,No,0.5434,Yes
CUST-12586,Male,0,No,Yes,21,Yes,Yes,DSL,No,No,No,No,Yes,No,Month-to-month,No,Credit card (automatic),77.75,1708.91,Yes,0.5603,Yes
CUST-12348,Male,0,Yes,Yes,28,Yes,Yes,DSL,Yes,Yes,No,No,No,No,Two year,Yes,Mailed check,62.8,1682.83,No,0.1299,No
CUST-12313,Male,1,Yes,Yes,60,Yes,No,Fiber optic,Yes,Yes,Yes,No,No,No,Two year,Yes,Mailed check,103.72,6389.73,No,0.1769,No
CUST-11302,Female,0,Yes,Yes,69,Yes,No,DSL,No,No,No,No,Yes,Yes,Month-to-month,Yes,Electronic check,64.89,4311.16,Yes,0.2529,No
CUST-12534,Female,0,No,No,5,Yes,No,DSL,No,No,No,No,No,Yes,Month-to-month,Yes,Mailed check,50.48,246.29,No,0.867,Yes
CUST-10222,Female,0,Yes,Yes,2,Yes,Yes,DSL,No,No,Yes,No,Yes,No,Month-to-month,Yes,Bank transfer (automatic),73.36,151.87,Yes,0.8534,Yes
CUST-14655,Male,0,Yes,No,13,Yes,No,Fiber optic,No,No,Yes,Yes,No,No,Two year,Yes,Mailed check,89.59,1201.48,No,0.5998,Yes
CUST-12133,Male,0,Yes,No,45,Yes,Yes,Fiber optic,No,No,No,No,No,Yes,One year,Yes,Electronic check,91.35,3849.48,No,0.4723,No
CUST-10573,Male,0,Yes,Yes,28,Yes,No,DSL,No,No,Yes,No,No,No,Month-to-month,Yes,Credit card (automatic),50.81,1450.05,No,0.6256,Yes
CUST-11236,Male,0,No,No,19,Yes,No,Fiber optic,Yes,Yes,Yes,Yes,Yes,No,Month-to-month,No,Credit card (automatic),102.43,1961.25,No,0.7253,Yes
CUST-13566,Male,0,No,Yes,0,Yes,No,No,No internet service,No internet service,No internet service,No internet service,No internet service,No internet service,Month-to-month,No,Mailed check,45.65,0.0,Yes,0.7326,Yes
CUST-14383,Female,0,No,Yes,67,Yes,No,DSL,Yes,No,Yes,No,Yes,Yes,Two year,No,Bank transfer (automatic),82.5,5595.34,No,0.0193,No
CUST-11334,Female,0,Yes,No,72,Yes,Yes,No,No internet service,No internet service,No internet service,No internet service,No internet service,No internet service,Month-to-month,Yes,Bank transfer (automatic),41.26,2822.19,No,0.1481,No
CUST-12944,Female,1,No,No,32,Yes,No,No,No internet service,No internet service,No internet service,No internet service,No internet service,No internet service,One year,Yes,Credit card (automatic),39.08,1245.21,Yes,0.3249,No
CUST-10418,Male,0,No,Yes,31,Yes,Yes,Fiber optic,No,No,No,No,No,No,Month-to-month,Yes,Electronic check,88.02,2570.24,Yes,0.8916,Yes
CUST-10267,Male,0,Yes,No,65,Yes,No,Fiber optic,No,No,No,Yes,No,No,Two year,Yes,Mailed check,96.8,5800.24,No,0.0765,No
CUST-11104,Male,1,No,Yes,17,Yes,No,DSL,No,No,Yes,No,No,No,One year,Yes,Bank transfer (automatic),61.93,1073.45,No,0.5614,Yes
CUST-10257,Male,0,Yes,Yes,69,Yes,No,No,No internet service,No internet service,No internet service,No internet service,No internet service,No internet service,Month-to-month,No,Mailed check,44.33,3021.77,No,0.0973,No
CUST-10295,Female,0,No,No,24,Yes,Yes,No,No internet service,No internet service,No internet service,No internet service,No internet service,No internet service,One year,Yes,Bank transfer (automatic),39.02,980.48,No,0.2628,No
CUST-12378,Female,0,Yes,Yes,9,Yes,Yes,Fiber optic,No,No,Yes,No,No,Yes,Month-to-month,No,Mailed check,88.19,809.37,Yes,0.9099,Yes
CUST-10386,Male,0,Yes,No,62,No,No phone service,Fiber optic,No,Yes,No,No,No,No,Month-to-month,Yes,Credit card (automatic),95.33,5587.17,No,0.4263,No
CUST-13479,Female,0,No,No,45,Yes,Yes,Fiber optic,No,No,No,No,Yes,Yes,Month-to-month,Yes,Credit card (automatic),98.61,4178.08,Yes,0.7482,Yes
CUST-13519,Female,1,No,No,16,Yes,Yes,DSL,No,Yes,Yes,Yes,Yes,No,Two year,No,Credit card (automatic),67.7,1075.39,No,0.3065,No
CUST-13806,Male,0,Yes,No,60,Yes,No,Fiber optic,No,No,Yes,Yes,No,Yes,Month-to-month,Yes,Bank transfer (automatic),112.08,6544.26,No,0.3821,No
CUST-12264,Male,0,Yes,Yes,3,Yes,No,Fiber optic,Yes,Yes,No,Yes,Yes,No,One year,Yes,Bank transfer (automatic),94.44,270.97,Yes,0.5139,Yes
CUST-14349,Male,1,Yes,No,53,Yes,Yes,No,No internet service,No internet service,No internet service,No internet service,No internet service,No internet service,Two year,Yes,Electronic check,37.05,2027.19,No,0.1812,No
CUST-13537,Male,0,Yes,No,42,Yes,Yes,DSL,No,No,No,No,No,No,One year,No,Mailed check,61.56,2425.05,No,0.1114,No
CUST-11867,Female,0,No,No,43,Yes,Yes,DSL,Yes,Yes,Yes,No,No,No,Month-to-month,Yes,Bank transfer (automatic),60.55,2697.29,No,0.4621,No
CUST-14398,Male,0,Yes,No,45,Yes,Yes,Fiber optic,No,Yes,No,No,No,No,Two year,No,Credit card (automatic),87.63,3782.41,No,0.1936,No
CUST-11563,Female,0,No,No,24,Yes,Yes,DSL,Yes,Yes,No,No,Yes,Yes,Month-to-month,Yes,Electronic check,96.2,2381.6,Yes,0.708,Yes
CUST-11921,Female,0,Yes,No,19,Yes,Yes,Fiber optic,Yes,Yes,Yes,Yes,Yes,Yes,One year,Yes,Bank transfer (automatic),114.52,2248.83,No,0.4251,No
CUST-11400,Female,0,Yes,No,33,Yes,No,No,No internet service,No internet service,No internet service,No internet service,No internet service,No internet service,Two year,Yes,Bank transfer (automatic),33.03,1110.85,No,0.1401,No
CUST-10712,Female,0,No,No,11,Yes,No,Fiber optic,No,Yes,No,No,Yes,No,Two year,No,Credit card (automatic),95.68,980.59,No,0.6222,Yes
CUST-12366,Male,0,Yes,No,6,Yes,No,Fiber optic,No,No,No,No,No,No,Month-to-month,No,Mailed check,61.74,364.34,Yes,0.9117,Yes
CUST-12547,Female,0,Yes,No,39,Yes,No,No,No internet service,No internet service,No internet service,No internet service,No internet service,No internet service,One year,Yes,Mailed check,44.68,1788.89,No,0.1523,No
CUST-10209,Female,0,No,Yes,5,Yes,Yes,No,No internet service,No internet service,No internet service,No internet service,No internet service,No internet service,Two year,No,Bank transfer (automatic),43.76,220.89,No,0.2474,No
CUST-13967,Male,0,Yes,No,62,Yes,Yes,No,No internet service,No internet service,No internet service,No internet service,No internet service,No internet service,Month-to-month,Yes,Credit card (automatic),28.96,1787.16,No,0.2264,No
CUST-11289,Female,0,No,No,57,Yes,Yes,DSL,No,Yes,Yes,Yes,Yes,No,One year,No,Credit card (automatic),83.15,4696.39,No,0.0412,No
CUST-12011,Male,0,Yes,No,48,Yes,Yes,Fiber optic,No,No,Yes,No,Yes,No,Month-to-month,No,Electronic check,81.52,3755.39,Yes,0.7618,Yes
CUST-10449,Male,1,No,No,19,Yes,No,DSL,No,No,No,Yes,Yes,Yes,Month-to-month,No,Credit card (automatic),56.42,995.14,No,0.6247,Yes
CUST-14150,Male,0,Yes,Yes,7,Yes,No,DSL,No,Yes,No,No,Yes,No,Month-to-month,No,Mailed check,60.69,438.95,No,0.7099,Yes
CUST-12587,Male,0,No,No,72,Yes,Yes,Fiber optic,No,No,No,No,Yes,No,One year,No,Electronic check,94.86,6490.85,No,0.1512,No
CUST-11820,Male,0,No,No,51,Yes,Yes,No,No internet service,No internet service,No internet service,No internet service,No internet service,No internet service,Month-to-month,No,Bank transfer (automatic),38.24,1951.2,Yes,0.2449,No
CUST-10958,Female,0,No,No,37,Yes,Yes,No,No internet service,No internet service,No internet service,No internet service,No internet service,No internet service,One year,No,Credit card (automatic),37.01,1408.2,No,0.118,No
CUST-11793,Male,0,Yes,No,34,No,No phone service,DSL,Yes,Yes,Yes,No,Yes,Yes,One year,Yes,Bank transfer (automatic),85.95,2734.43,No,0.1503,No
CUST-13080,Male,0,No,Yes,62,Yes,Yes,Fiber optic,No,No,Yes,Yes,Yes,No,One year,Yes,Credit card (automatic),96.73,6243.58,No,0.1354,No
CUST-10654,Female,0,No,No,6,Yes,Yes,Fiber optic,Yes,No,Yes,No,No,No,One year,Yes,Mailed check,96.79,603.19,Yes,0.8126,Yes
CUST-13659,Male,1,Yes,No,72,Yes,No,DSL,Yes,Yes,No,No,No,No,Month-to-month,No,Bank transfer (automatic),61.91,4235.39,No,0.1154,No
CUST-14130,Male,0,No,Yes,22,Yes,Yes,Fiber optic,No,No,No,Yes,No,No,Month-to-month,No,Electronic check,78.77,1762.89,Yes,0.799,Yes
CUST-12025,Male,0,No,No,72,Yes,No,Fiber optic,No,No,Yes,No,No,Yes,Month-to-month,Yes,Credit card (automatic),88.43,5908.52,No,0.5121,Yes
CUST-11760,Male,1,No,No,46,Yes,No,DSL,No,No,Yes,Yes,Yes,No,Month-to-month,Yes,Credit card (automatic),70.26,3289.58,No,0.5598,Yes
CUST-13646,Female,0,Yes,Yes,6,Yes,Yes,No,No internet service,No internet service,No internet service,No internet service,No internet service,No internet service,Month-to-month,Yes,Credit card (automatic),29.6,163.82,No,0.6854,Yes
CUST-13801,Female,0,No,No,47,Yes,Yes,DSL,No,No,No,No,No,Yes,One year,Yes,Electronic check,67.92,3303.27,No,0.2532,No
CUST-12662,Male,0,Yes,No,47,Yes,Yes,DSL,No,No,No,No,Yes,Yes,Two year,No,Mailed check,62.68,2711.12,No,0.0823,No
CUST-10411,Male,0,Yes,Yes,29,Yes,Yes,Fiber optic,No,No,No,Yes,Yes,Yes,Two year,Yes,Bank transfer (automatic),93.0,2531.71,No,0.2809,No
CUST-11774,Female,0,No,No,23,Yes,Yes,DSL,Yes,No,No,Yes,Yes,Yes,One year,Yes,Bank transfer (automatic),68.09,1505.43,No,0.1448,No
CUST-14498,Male,1,No,Yes,64,Yes,Yes,DSL,Yes,No,No,No,No,No,One year,Yes,Electronic check,59.72,3660.21,No,0.1163,No
CUST-13880,Female,0,No,No,66,Yes,Yes,DSL,No,No,No,Yes,No,No,Two year,Yes,Electronic check,61.63,4101.97,No,0.0557,No
CUST-13524,Male,0,Yes,No,63,No,No phone service,DSL,No,No,No,No,Yes,No,Month-to-month,Yes,Credit card (automatic),66.95,4060.72,No,0.2095,No
CUST-12644,Male,0,No,No,3,Yes,Yes,No,No internet service,No internet service,No internet service,No internet service,No internet service,No internet service,Two year,No,Mailed check,40.13,123.41,No,0.3542,No
CUST-14325,Male,0,Yes,No,35,Yes,Yes,Fiber optic,No,Yes,No,No,No,Yes,One year,Yes,Electronic check,91.12,2974.05,No,0.588,Yes
CUST-14789,Female,0,Yes,No,51,Yes,Yes,No,No internet service,No internet service,No internet service,No internet service,No internet service,No internet service,Month-to-month,Yes,Mailed check,41.09,2001.54,No,0.3128,No
CUST-13753,Male,0,Yes,Yes,28,Yes,No,Fiber optic,Yes,Yes,No,Yes,No,No,Month-to-month,Yes,Mailed check,98.19,2619.07,No,0.5951,Yes
CUST-14672,Male,0,Yes,No,62,Yes,Yes,DSL,No,No,No,Yes,Yes,No,Month-to-month,No,Mailed check,58.73,3754.39,No,0.1155,No
CUST-12836,Female,0,No,No,53,No,No phone service,No,No internet service,No internet service,No internet service,No internet service,No internet service,No internet service,One year,Yes,Bank transfer (automatic),38.24,2120.87,No,0.0846,No
CUST-13580,Female,0,No,Yes,15,Yes,Yes,Fiber optic,No,No,Yes,Yes,Yes,No,Month-to-month,Yes,Mailed check,84.35,1212.5,Yes,0.89,Yes
CUST-14812,Female,0,Yes,Yes,36,No,No phone service,DSL,No,No,Yes,Yes,No,Yes,Month-to-month,No,Bank transfer (automatic),72.65,2596.11,Yes,0.2318,No
CUST-13388,Male,1,Yes,No,37,Yes,No,No,No internet service,No internet service,No internet service,No internet service,No internet service,No internet service,Month-to-month,Yes,Credit card (automatic),46.01,1782.41,Yes,0.5845,Yes
CUST-14827,Female,0,Yes,No,59,Yes,Yes,DSL,No,Yes,No,No,No,Yes,Month-to-month,No,Bank transfer (automatic),69.18,3969.79,No,0.1629,No
CUST-13592,Female,0,No,Yes,53,Yes,No,Fiber optic,No,Yes,Yes,No,No,No,Month-to-month,Yes,Bank transfer (automatic),80.05,4287.58,Yes,0.6695,Yes
CUST-10430,Male,0,Yes,No,27,Yes,Yes,Fiber optic,No,No,Yes,No,No,Yes,Month-to-month,Yes,Mailed check,93.16,2558.95,No,0.8965,Yes
CUST-12943,Male,0,No,Yes,10,Yes,No,Fiber optic,No,Yes,No,No,No,Yes,One year,No,Electronic check,84.79,875.41,No,0.7689,Yes
CUST-13254,Male,0,No,No,71,Yes,Yes,DSL,No,Yes,No,Yes,No,No,Two year,No,Bank transfer (automatic),61.48,4118.17,No,0.0164,No
CUST-11366,Male,0,Yes,No,0,Yes,No,No,No internet service,No internet service,No internet service,No internet service,No internet service,No internet service,One year,No,Electronic check,36.92,0.0,No,0.4575,No
CUST-12022,Female,0,Yes,Yes,35,No,No phone service,No,No internet service,No internet service,No internet service,No internet service,No internet service,No internet service,Two year,Yes,Credit card (automatic),28.39,946.1,No,0.0953,No
CUST-14430,Female,0,No,No,46,Yes,No,DSL,No,No,No,Yes,Yes,Yes,Month-to-month,Yes,Electronic check,69.43,3323.52,Yes,0.4818,No
CUST-11176,Male,0,No,No,33,Yes,Yes,No,No internet service,No internet service,No internet service,No internet service,No internet service,No internet service,One year,Yes,Bank transfer (automatic),46.74,1563.6,No,0.2129,No
CUST-13353,Female,0,No,No,50,Yes,Yes,Fiber optic,No,No,Yes,Yes,Yes,No,Month-to-month,Yes,Credit card (automatic),86.02,4506.02,No,0.6203,Yes
CUST-11476,Male,0,Yes,Yes,63,Yes,Yes,No,No internet service,No internet service,No internet service,No internet service,No internet service,No internet service,Two year,Yes,Credit card (automatic),34.87,2167.47,No,0.0366,No
CUST-13173,Male,0,No,No,43,Yes,No,DSL,Yes,Yes,No,No,Yes,Yes,Two year,Yes,Credit card (automatic),91.96,3816.52,No,0.0947,No
CUST-12063,Female,0,No,No,66,Yes,Yes,DSL,Yes,No,Yes,Yes,Yes,Yes,Month-to-month,Yes,Mailed check,85.84,5639.52,No,0.135,No
CUST-10102,Female,0,No,No,32,Yes,Yes,Fiber optic,No,Yes,Yes,No,No,No,Month-to-month,No,Bank transfer (automatic),100.53,3339.44,Yes,0.8096,Yes
CUST-12118,Female,0,No,No,21,Yes,Yes,No,No internet service,No internet service,No internet service,No internet service,No internet service,No internet service,One year,Yes,Credit card (automatic),18.0,377.76,No,0.288,No
CUST-12029,Male,0,Yes,Yes,29,Yes,Yes,Fiber optic,No,Yes,No,No,Yes,No,One year,Yes,Bank transfer (automatic),94.03,2822.75,Yes,0.4796,No
CUST-11263,Female,0,No,No,0,Yes,No,No,No internet service,No internet service,No internet service,No internet service,No internet service,No internet service,Month-to-month,Yes,Mailed check,29.2,0.0,Yes,0.8443,Yes
CUST-13922,Male,0,No,No,60,Yes,No,Fiber optic,Yes,No,Yes,No,Yes,No,Month-to-month,No,Electronic check,103.82,6260.38,No,0.5164,Yes
CUST-13159,Female,0,Yes,No,27,Yes,No,DSL,No,Yes,Yes,Yes,No,No,Month-to-month,Yes,Bank transfer (automatic),64.54,1780.63,No,0.5283,Yes
CUST-12388,Female,0,Yes,No,37,Yes,Yes,Fiber optic,No,No,No,No,No,Yes,One year,No,Credit card (automatic),76.14,2718.21,No,0.3014,No
CUST-13082,Male,0,No,No,24,Yes,No,DSL,No,No,No,No,No,No,Month-to-month,Yes,Mailed check,61.65,1418.87,Yes,0.7205,Yes
CUST-12758,Male,0,Yes,Yes,54,Yes,No,Fiber optic,No,No,Yes,No,Yes,No,Two year,No,Bank transfer (automatic),107.14,5537.72,No,0.1206,No
CUST-13320,Male,0,No,No,21,Yes,Yes,No,No internet service,No internet service,No internet service,No internet service,No internet service,No internet service,Month-to-month,Yes,Electronic check,41.45,908.88,Yes,0.7741,Yes
CUST-13192,Female,0,Yes,No,39,Yes,Yes,DSL,Yes,Yes,No,No,Yes,No,Two year,Yes,Credit card (automatic),69.52,2584.72,No,0.09,No
CUST-14518,Female,0,No,No,25,Yes,No,No,No internet service,No internet service,No internet service,No internet service,No internet service,No internet service,One year,No,Bank transfer (automatic),21.17,493.01,No,0.1763,No
CUST-11643,Female,0,No,No,43,Yes,Yes,DSL,No,No,No,No,Yes,Yes,Two year,No,Mailed check,73.04,3211.49,No,0.1156,No
CUST-14519,Male,0,Yes,No,40,Yes,No,No,No internet service,No internet service,No internet service,No internet service,No internet service,No internet service,Month-to-month,Yes,Credit card (automatic),31.03,1185.8,No,0.4243,No
CUST-10000,Male,0,No,No,61,Yes,Yes,Fiber optic,No,Yes,Yes,Yes,No,No,Two year,Yes,Electronic check,89.97,5689.49,No,0.2313,No
CUST-11580,Male,0,Yes,No,26,Yes,No,Fiber optic,Yes,Yes,Yes,No,Yes,Yes,Two year,Yes,Credit card (automatic),101.77,2646.75,Yes,0.4567,No
CUST-14436,Female,1,No,No,14,Yes,Yes,Fiber optic,Yes,No,No,Yes,No,No,Month-to-month,Yes,Credit card (automatic),103.91,1466.62,Yes,0.8708,Yes
CUST-14129,Male,0,No,Yes,7,Yes,No,No,No internet service,No internet service,No internet service,No internet service,No internet service,No internet service,Two year,Yes,Credit card (automatic),38.63,249.79,No,0.3393,No
CUST-11356,Male,0,No,No,54,Yes,Yes,Fiber optic,No,No,No,No,Yes,No,Two year,Yes,Credit card (automatic),83.2,4236.26,Yes,0.254,No
CUST-13412,Male,0,No,Yes,12,Yes,No,Fiber optic,No,No,No,No,No,Yes,Two year,Yes,Credit card (automatic),82.69,924.99,No,0.6808,Yes
CUST-12099,Male,0,No,No,51,Yes,Yes,Fiber optic,Yes,No,Yes,Yes,No,Yes,Two year,Yes,Credit card (automatic),102.51,5334.45,No,0.1282,No
CUST-12251,Female,0,No,Yes,24,Yes,Yes,DSL,No,Yes,No,No,No,No,Month-to-month,Yes,Electronic check,71.51,1728.13,No,0.7543,Yes
CUST-13509,Male,1,No,No,14,Yes,Yes,Fiber optic,No,No,Yes,Yes,Yes,Yes,Month-to-month,No,Electronic check,117.67,1700.71,Yes,0.95,Yes
CUST-13712,Female,0,Yes,Yes,25,Yes,Yes,No,No internet service,No internet service,No internet service,No internet service,No internet service,No internet service,Two year,Yes,Mailed check,44.61,1068.0,No,0.1665,No
CUST-10396,Male,1,No,Yes,60,Yes,No,Fiber optic,Yes,No,No,Yes,No,No,Month-to-month,Yes,Credit card (automatic),88.71,5306.41,Yes,0.3781,No
CUST-13482,Female,0,Yes,No,46,No,No phone service,Fiber optic,No,No,No,No,No,Yes,Month-to-month,No,Electronic check,72.87,3499.0,No,0.6837,Yes
CUST-11064,Female,1,Yes,No,35,Yes,Yes,Fiber optic,No,Yes,Yes,No,Yes,Yes,Month-to-month,Yes,Credit card (automatic),114.84,4166.66,Yes,0.8964,Yes
CUST-12377,Male,0,No,No,36,Yes,Yes,Fiber optic,No,Yes,Yes,Yes,Yes,No,One year,No,Bank transfer (automatic),102.48,3853.95,No,0.3179,No
CUST-12170,Male,0,Yes,No,29,No,No phone service,Fiber optic,No,No,No,No,Yes,No,Month-to-month,Yes,Mailed check,90.21,2437.48,Yes,0.8348,Yes
CUST-10818,Female,0,Yes,No,42,Yes,Yes,DSL,No,Yes,Yes,No,Yes,Yes,Month-to-month,Yes,Credit card (automatic),76.19,3286.55,No,0.5299,Yes
CUST-11812,Female,0,Yes,No,72,Yes,No,Fiber optic,No,No,No,No,No,Yes,Month-to-month,Yes,Mailed check,103.71,7812.07,No,0.3582,No
CUST-12570,Female,0,No,Yes,52,Yes,Yes,DSL,No,No,Yes,Yes,No,No,Month-to-month,No,Mailed check,66.53,3207.6,Yes,0.1925,No
CUST-11552,Female,0,No,No,18,No,No phone service,DSL,Yes,No,No,No,No,Yes,Two year,Yes,Electronic check,68.83,1163.67,No,0.307,No
CUST-14501,Female,1,Yes,Yes,2,Yes,No,Fiber optic,No,No,No,No,No,No,Two year,Yes,Bank transfer (automatic),80.04,147.57,No,0.8064,Yes
CUST-10816,Male,0,No,No,27,Yes,No,Fiber optic,No,Yes,No,No,Yes,No,Month-to-month,Yes,Electronic check,82.09,2318.23,No,0.9342,Yes
CUST-11572,Female,0,No,No,30,Yes,No,No,No internet service,No internet service,No internet service,No internet service,No internet service,No internet service,Month-to-month,No,Electronic check,46.21,1344.1,No,0.5777,Yes
CUST-13926,Female,0,No,No,20,Yes,No,No,No internet service,No internet service,No internet service,No internet service,No internet service,No internet service,Month-to-month,Yes,Credit card (automatic),38.43,783.28,No,0.6491,Yes
CUST-11800,Male,0,No,No,63,Yes,No,DSL,Yes,No,Yes,Yes,No,Yes,One year,No,Electronic check,77.34,4533.3,No,0.0349,No
CUST-14301,Female,0,Yes,No,30,Yes,Yes,Fiber optic,Yes,No,No,Yes,No,No,Two year,Yes,Mailed check,115.98,3644.41,No,0.2218,No
CUST-10381,Female,0,Yes,No,0,Yes,Yes,Fiber optic,Yes,No,No,Yes,No,No,Month-to-month,Yes,Credit card (automatic),96.18,0.0,Yes,0.8658,Yes
CUST-12894,Male,0,No,Yes,42,Yes,No,DSL,No,No,Yes,No,No,No,One year,No,Bank transfer (automatic),57.4,2310.86,No,0.1354,No
CUST-14691,Male,0,Yes,No,25,Yes,No,No,No internet service,No internet service,No internet service,No internet service,No internet service,No internet service,Month-to-month,Yes,Mailed check,26.51,618.89,No,0.6037,Yes
CUST-12311,Male,0,Yes,Yes,44,No,No phone service,DSL,No,No,No,Yes,No,Yes,Two year,Yes,Mailed check,60.4,2474.74,No,0.058,No
CUST-13525,Male,1,No,No,47,Yes,No,No,No internet service,No internet service,No internet service,No internet service,No internet service,No internet service,One year,Yes,Mailed check,35.07,1676.6,Yes,0.2576,No
CUST-12328,Male,0,Yes,No,55,Yes,Yes,Fiber optic,Yes,Yes,Yes,No,Yes,No,Month-to-month,No,Credit card (automatic),101.79,5294.25,No,0.3672,No
CUST-11780,Male,0,No,No,5,Yes,No,DSL,No,No,Yes,Yes,Yes,Yes,Month-to-month,Yes,Credit card (automatic),72.9,350.21,Yes,0.8215,Yes
CUST-14549,Female,0,No,Yes,0,No,No phone service,Fiber optic,Yes,No,Yes,No,Yes,No,Month-to-month,Yes,Electronic check,102.03,0.0,Yes,0.9666,Yes
CUST-14916,Male,0,No,Yes,5,Yes,Yes,DSL,No,No,No,No,Yes,Yes,Two year,No,Bank transfer (automatic),75.91,388.07,No,0.3557,No
CUST-13379,Male,0,No,No,41,Yes,No,DSL,No,Yes,No,Yes,No,No,Month-to-month,Yes,Credit card (automatic),72.28,2936.19,No,0.3756,No
CUST-10864,Female,0,No,No,6,Yes,No,No,No internet service,No internet service,No internet service,No internet service,No internet service,No internet service,Month-to-month,No,Mailed check,36.25,218.76,No,0.7203,Yes
CUST-13040,Male,1,No,No,18,Yes,Yes,Fiber optic,No,No,Yes,No,Yes,Yes,Month-to-month,Yes,Mailed check,101.29,1868.94,Yes,0.9697,Yes
CUST-13185,Female,0,No,Yes,4,Yes,No,DSL,No,Yes,Yes,Yes,Yes,No,Month-to-month,Yes,Electronic check,74.28,285.8,No,0.8682,Yes
CUST-10554,Female,0,No,Yes,15,Yes,No,Fiber optic,No,No,Yes,No,No,No,Month-to-month,Yes,Electronic check,85.94,1193.45,Yes,0.9531,Yes
CUST-11159,Male,0,Yes,Yes,72,Yes,No,Fiber optic,No,No,Yes,No,No,No,Two year,No,Electronic check,72.44,5353.58,No,0.1187,No
CUST-11213,Female,0,No,No,8,Yes,No,Fiber optic,Yes,No,No,No,Yes,Yes,One year,Yes,Credit card (automatic),102.03,770.24,Yes,0.7076,Yes
CUST-12221,Male,0,No,Yes,42,Yes,Yes,No,No internet service,No internet service,No internet service,No internet service,No internet service,No internet service,Month-to-month,Yes,Mailed check,21.77,885.6,No,0.4793,No
CUST-13622,Male,0,No,Yes,46,Yes,Yes,DSL,No,Yes,No,Yes,Yes,No,Two year,No,Credit card (automatic),69.84,3259.04,No,0.0426,No
CUST-10048,Female,0,Yes,Yes,50,Yes,No,Fiber optic,No,No,No,Yes,No,No,Month-to-month,No,Mailed check,85.54,3945.6,No,0.3104,No
CUST-12384,Male,1,Yes,No,15,No,No phone service,Fiber optic,No,No,No,Yes,Yes,Yes,One year,No,Electronic check,93.48,1373.84,No,0.6445,Yes
CUST-10700,Female,0,Yes,No,57,No,No phone service,Fiber optic,No,No,No,No,No,Yes,One year,No,Bank transfer (automatic),77.48,4185.03,No,0.1176,No
CUST-10652,Male,0,No,No,15,No,No phone service,No,No internet service,No internet service,No internet service,No internet service,No internet service,No internet service,Two year,Yes,Credit card (automatic),37.08,514.03,No,0.2603,No
CUST-14128,Female,0,Yes,Yes,10,Yes,No,DSL,No,No,No,No,No,No,One year,Yes,Bank transfer (automatic),44.14,430.75,No,0.3684,No
CUST-13089,Male,0,No,No,20,Yes,Yes,No,No internet service,No internet service,No internet service,No internet service,No internet service,No internet service,Two year,Yes,Electronic check,39.78,773.86,Yes,0.3823,No
CUST-13550,Male,0,Yes,No,43,Yes,Yes,DSL,No,No,No,No,No,Yes,Month-to-month,Yes,Mailed check,77.76,3432.58,Yes,0.4743,No
CUST-10748,Male,1,Yes,No,13,Yes,Yes,No,No internet service,No internet service,No internet service,No internet service,No internet service,No internet service,Two year,Yes,Bank transfer (automatic),37.26,493.61,No,0.3807,No
CUST-11455,Male,0,Yes,No,26,Yes,No,DSL,No,No,Yes,Yes,No,Yes,Two year,No,Bank transfer (automatic),72.34,1802.41,Yes,0.1089,No
CUST-14252,Female,0,No,No,5,Yes,Yes,DSL,No,No,Yes,No,No,Yes,Month-to-month,No,Bank transfer (automatic),63.7,310.75,No,0.8187,Yes
CUST-14844,Female,0,No,Yes,60,Yes,Yes,DSL,No,Yes,No,No,No,No,Month-to-month,No,Bank transfer (automatic),49.85,2832.49,No,0.1849,No
CUST-13808,Female,0,Yes,No,11,Yes,Yes,DSL,Yes,No,No,No,No,Yes,Month-to-month,Yes,Credit card (automatic),64.87,727.14,Yes,0.6676,Yes
CUST-10866,Female,0,Yes,No,1,Yes,Yes,Fiber optic,No,No,No,Yes,Yes,No,Month-to-month,No,Credit card (automatic),69.71,64.19,Yes,0.854,Yes
CUST-10752,Male,0,No,No,7,Yes,Yes,DSL,Yes,No,No,Yes,Yes,No,Month-to-month,No,Credit card (automatic),68.22,492.43,No,0.5302,Yes
CUST-11644,Male,0,Yes,No,25,Yes,Yes,Fiber optic,No,Yes,No,No,Yes,Yes,Month-to-month,No,Credit card (automatic),79.2,1844.51,Yes,0.787,Yes
CUST-10092,Female,0,No,No,38,Yes,No,DSL,No,No,No,No,Yes,No,Month-to-month,No,Electronic check,55.27,2096.96,Yes,0.5927,Yes
CUST-12843,Male,0,No,Yes,6,Yes,No,DSL,No,No,No,No,Yes,No,Month-to-month,Yes,Bank transfer (automatic),54.21,324.81,Yes,0.8262,Yes
CUST-13986,Male,0,No,No,59,Yes,Yes,Fiber optic,Yes,Yes,Yes,Yes,Yes,Yes,One year,No,Electronic check,113.08,6395.68,No,0.1142,No
CUST-14201,Female,0,No,Yes,30,Yes,Yes,Fiber optic,Yes,No,No,No,No,No,One year,Yes,Credit card (automatic),80.78,2267.32,No,0.3768,No
CUST-12647,Female,0,Yes,No,38,Yes,Yes,Fiber optic,No,No,No,No,No,No,Month-to-month,Yes,Electronic check,66.87,2602.72,Yes,0.8588,Yes
CUST-11490,Male,1,No,No,68,Yes,Yes,Fiber optic,No,No,No,Yes,No,No,Month-to-month,Yes,Mailed check,93.36,6463.05,No,0.5034,Yes
CUST-12915,Male,0,No,Yes,0,Yes,No,Fiber optic,No,No,No,No,No,Yes,One year,Yes,Credit card (automatic),98.24,0.0,Yes,0.83,Yes
CUST-12194,Female,0,No,No,11,Yes,Yes,DSL,No,No,No,No,No,Yes,One year,Yes,Credit card (automatic),70.27,794.18,Yes,0.4963,No
CUST-10729,Female,0,No,No,66,Yes,Yes,DSL,Yes,Yes,Yes,No,No,No,Month-to-month,Yes,Credit card (automatic),80.71,4992.57,No,0.1893,No
CUST-13591,Male,0,Yes,No,20,Yes,No,Fiber optic,Yes,No,No,No,Yes,No,Month-to-month,No,Credit card (automatic),87.55,1775.08,No,0.7206,Yes
CUST-12488,Female,1,Yes,No,62,Yes,Yes,No,No internet service,No internet service,No internet service,No internet service,No internet service,No internet service,Month-to-month,No,Electronic check,43.35,2573.91,No,0.3201,No
CUST-12259,Female,1,Yes,No,58,Yes,Yes,No,No internet service,No internet service,No internet service,No internet service,No internet service,No internet service,Month-to-month,Yes,Credit card (automatic),34.56,1942.38,Yes,0.3565,No
CUST-11936,Male,0,Yes,Yes,41,Yes,Yes,Fiber optic,Yes,Yes,Yes,No,No,No,One year,Yes,Mailed check,87.22,3381.85,No,0.3168,No
CUST-11745,Female,0,No,No,70,No,No phone service,DSL,Yes,No,Yes,No,No,No,One year,Yes,Electronic check,78.03,5038.47,No,0.0633,No
CUST-13000,Female,0,Yes,No,0,Yes,No,Fiber optic,No,Yes,No,Yes,No,No,One year,Yes,Mailed check,86.08,0.0,Yes,0.7331,Yes
CUST-13299,Female,0,No,No,11,No,No phone service,No,No internet service,No internet service,No internet service,No internet service,No internet service,No internet service,Month-to-month,No,Credit card (automatic),25.66,288.8,Yes,0.6114,Yes
CUST-13513,Male,0,Yes,Yes,23,Yes,Yes,DSL,No,No,Yes,No,No,No,Month-to-month,Yes,Mailed check,64.72,1398.67,No,0.6855,Yes
CUST-11957,Female,0,Yes,Yes,52,Yes,No,No,No internet service,No internet service,No internet service,No internet service,No internet service,No internet service,Month-to-month,Yes,Credit card (automatic),28.06,1377.42,Yes,0.2414,No
CUST-11110,Female,0,Yes,No,2,Yes,Yes,DSL,No,No,No,No,No,Yes,One year,No,Credit card (automatic),46.86,87.98,Yes,0.3704,No
CUST-13870,Male,1,Yes,No,24,Yes,Yes,Fiber optic,No,No,No,Yes,Yes,Yes,Month-to-month,Yes,Bank transfer (automatic),102.57,2297.46,Yes,0.8511,Yes
CUST-14056,Female,1,Yes,Yes,58,Yes,Yes,Fiber optic,Yes,No,No,Yes,No,Yes,Month-to-month,No,Electronic check,107.27,5983.35,No,0.311,No
CUST-14485,Male,0,Yes,No,8,Yes,Yes,DSL,No,Yes,No,No,Yes,Yes,Month-to-month,No,Electronic check,72.46,542.04,Yes,0.8137,Yes
CUST-14264,Female,0,No,No,13,No,No phone service,No,No internet service,No internet service,No internet service,No internet service,No internet service,No internet service,Month-to-month,No,Electronic check,24.12,291.78,Yes,0.6872,Yes
CUST-10346,Female,0,No,No,70,Yes,No,Fiber optic,Yes,No,No,No,No,Yes,Two year,No,Electronic check,93.67,6242.22,No,0.0792,No
CUST-11185,Male,0,Yes,Yes,25,Yes,Yes,DSL,No,Yes,No,No,No,No,Month-to-month,Yes,Mailed check,67.48,1669.24,Yes,0.6159,Yes
CUST-14030,Female,0,No,No,57,Yes,No,Fiber optic,No,No,No,No,Yes,No,Month-to-month,Yes,Mailed check,94.13,5241.92,Yes,0.6353,Yes
CUST-11515,Female,0,No,No,38,Yes,No,Fiber optic,Yes,Yes,No,Yes,No,No,Month-to-month,No,Mailed check,92.44,3327.56,Yes,0.4681,No
CUST-14684,Female,0,No,No,7,Yes,No,Fiber optic,Yes,No,No,No,No,No,Month-to-month,No,Mailed check,74.66,546.88,No,0.888,Yes
CUST-10578,Female,0,No,No,14,Yes,No,No,No internet service,No internet service,No internet service,No internet service,No internet service,No internet service,One year,No,Credit card (automatic),38.98,554.55,No,0.2291,No
CUST-11964,Female,0,No,No,38,Yes,No,Fiber optic,No,Yes,No,Yes,No,Yes,Month-to-month,No,Credit card (automatic),107.06,4205.43,No,0.553,Yes
CUST-10075,Male,0,No,No,13,No,No phone service,No,No internet service,No internet service,No internet service,No internet service,No internet service,No internet service,Two year,Yes,Credit card (automatic),42.17,550.66,No,0.2798,No
CUST-11429,Female,1,Yes,No,64,Yes,No,DSL,Yes,No,No,No,No,Yes,Two year,Yes,Bank transfer (automatic),67.71,4331.23,No,0.0479,No
CUST-13614,Female,0,No,Yes,41,Yes,No,No,No internet service,No internet service,No internet service,No internet service,No internet service,No internet service,Month-to-month,No,Mailed check,34.71,1352.66,No,0.3302,No
CUST-14444,Female,0,Yes,No,32,Yes,Yes,Fiber optic,No,Yes,Yes,No,Yes,No,Month-to-month,No,Electronic check,87.32,2797.01,Yes,0.8627,Yes
CUST-12770,Female,1,No,No,67,Yes,No,DSL,Yes,Yes,Yes,Yes,Yes,Yes,Month-to-month,Yes,Credit card (automatic),88.12,5980.39,No,0.1806,No
CUST-14967,Male,0,Yes,No,37,No,No phone service,DSL,No,No,No,Yes,Yes,Yes,Month-to-month,No,Electronic check,66.61,2463.81,No,0.3553,No
CUST-11846,Male,0,Yes,Yes,26,Yes,No,Fiber optic,No,No,No,No,No,Yes,Two year,Yes,Mailed check,87.31,2357.73,No,0.4894,No
CUST-10131,Female,0,No,No,27,Yes,No,Fiber optic,No,No,Yes,No,Yes,No,Month-to-month,No,Mailed check,86.34,2441.49,Yes,0.874,Yes
CUST-10178,Female,0,No,Yes,7,Yes,Yes,DSL,Yes,No,Yes,No,Yes,Yes,Month-to-month,Yes,Bank transfer (automatic),69.23,452.77,No,0.7793,Yes
CUST-14148,Female,1,Yes,No,71,Yes,No,Fiber optic,No,Yes,Yes,No,Yes,No,Two year,No,Credit card (automatic),91.24,6026.63,No,0.1314,No
CUST-14480,Male,1,No,No,56,No,No phone service,Fiber optic,Yes,Yes,No,No,Yes,Yes,Month-to-month,No,Credit card (automatic),98.31,5256.92,No,0.4676,No
CUST-13896,Female,0,No,No,17,No,No phone service,Fiber optic,Yes,Yes,Yes,No,No,No,Month-to-month,No,Mailed check,101.37,1630.89,Yes,0.8239,Yes
CUST-13360,Female,0,Yes,No,47,Yes,Yes,DSL,Yes,No,No,Yes,No,No,Two year,Yes,Mailed check,74.67,3297.77,No,0.039,No
CUST-11842,Female,0,No,No,20,Yes,No,Fiber optic,Yes,No,Yes,No,Yes,Yes,One year,Yes,Mailed check,114.29,2109.86,No,0.6421,Yes
CUST-12115,Male,0,Yes,Yes,16,Yes,Yes,Fiber optic,No,Yes,No,No,Yes,Yes,One year,Yes,Mailed check,99.35,1594.54,Yes,0.6532,Yes
CUST-12751,Male,0,No,Yes,39,Yes,Yes,Fiber optic,No,No,Yes,No,No,No,Month-to-month,No,Electronic check,76.82,3101.57,No,0.8326,Yes
CUST-12949,Female,0,Yes,Yes,44,Yes,No,Fiber optic,No,No,No,No,No,Yes,One year,No,Bank transfer (automatic),92.36,4071.85,No,0.19,No
CUST-10604,Female,0,No,No,45,Yes,Yes,DSL,Yes,No,No,Yes,No,No,Month-to-month,Yes,Mailed check,71.01,3107.52,No,0.2554,No
CUST-14167,Male,0,No,No,20,Yes,Yes,No,No internet service,No internet service,No internet service,No internet service,No internet service,No internet service,One year,Yes,Bank transfer (automatic),39.56,778.74,No,0.2992,No
CUST-10025,Female,0,Yes,Yes,43,Yes,No,Fiber optic,Yes,Yes,No,No,No,Yes,One year,No,Electronic check,93.21,3972.34,No,0.2089,No
CUST-10658,Male,1,Yes,No,16,Yes,Yes,Fiber optic,Yes,No,Yes,No,Yes,Yes,Two year,No,Credit card (automatic),100.45,1524.65,Yes,0.5647,Yes
CUST-11896,Female,0,No,No,30,Yes,Yes,No,No internet service,No internet service,No internet service,No internet service,No internet service,No internet service,Month-to-month,No,Mailed check,37.21,1151.03,No,0.4865,No
CUST-13338,Female,0,Yes,No,41,Yes,Yes,No,No internet service,No internet service,No internet service,No internet service,No internet service,No internet service,Month-to-month,Yes,Credit card (automatic),33.36,1294.18,No,0.404,No
CUST-12201,Male,0,Yes,No,67,No,No phone service,Fiber optic,No,No,Yes,Yes,No,Yes,One year,Yes,Bank transfer (automatic),100.94,6687.97,No,0.0844,No
CUST-10173,Female,0,Yes,No,62,Yes,Yes,Fiber optic,No,No,Yes,No,No,Yes,Month-to-month,Yes,Bank transfer (automatic),92.98,5865.21,Yes,0.5383,Yes
CUST-11611,Male,0,Yes,No,53,Yes,Yes,Fiber optic,No,No,No,Yes,No,No,Month-to-month,Yes,Electronic check,92.6,4858.98,Yes,0.5675,Yes
CUST-10437,Female,0,Yes,No,16,Yes,Yes,Fiber optic,No,Yes,Yes,No,No,Yes,Month-to-month,No,Credit card (automatic),94.55,1477.74,Yes,0.864,Yes
CUST-10331,Male,0,No,No,16,Yes,Yes,Fiber optic,No,No,No,Yes,No,Yes,Month-to-month,Yes,Bank transfer (automatic),101.07,1564.83,Yes,0.8566,Yes
CUST-13121,Female,0,Yes,No,32,Yes,No,DSL,No,No,No,No,Yes,Yes,Two year,Yes,Bank transfer (automatic),61.65,1891.6,No,0.1878,No
CUST-11454,Female,0,Yes,No,58,No,No phone service,DSL,Yes,No,No,Yes,Yes,Yes,Two year,Yes,Bank transfer (automatic),65.43,3640.01,No,0.0184,No
CUST-10342,Female,0,Yes,No,31,Yes,No,Fiber optic,No,No,No,No,Yes,No,Two year,No,Bank transfer (automatic),73.85,2182.47,No,0.3233,No
CUST-13816,Male,0,Yes,No,2,Yes,No,No,No internet service,No internet service,No internet service,No internet service,No internet service,No internet service,Two year,No,Credit card (automatic),42.47,88.03,Yes,0.2644,No
CUST-14385,Female,1,Yes,Yes,51,Yes,No,Fiber optic,No,No,Yes,Yes,No,Yes,Month-to-month,No,Electronic check,97.25,5040.6,Yes,0.6067,Yes
CUST-11088,Female,0,No,No,39,No,No phone service,Fiber optic,No,No,No,No,No,No,One year,Yes,Credit card (automatic),88.43,3565.38,No,0.4242,No
CUST-10479,Male,1,Yes,No,39,Yes,No,No,No internet service,No internet service,No internet service,No internet service,No internet service,No internet service,Month-to-month,No,Credit card (automatic),30.81,1245.72,No,0.4483,No
CUST-10727,Male,0,Yes,No,39,Yes,Yes,DSL,No,No,Yes,No,Yes,No,Month-to-month,Yes,Mailed check,63.66,2604.73,No,0.6225,Yes
CUST-13807,Male,1,No,No,39,Yes,Yes,DSL,No,Yes,No,No,Yes,No,One year,Yes,Electronic check,77.55,3121.53,Yes,0.4776,No
CUST-10976,Male,0,No,No,49,Yes,Yes,No,No internet service,No internet service,No internet service,No internet service,No internet service,No internet service,Two year,No,Credit card (automatic),37.72,1922.35,No,0.0583,No
CUST-14329,Female,0,Yes,No,15,Yes,Yes,Fiber optic,No,No,No,No,Yes,No,One year,No,Bank transfer (automatic),86.6,1306.16,No,0.5352,Yes
CUST-12997,Male,0,No,No,47,Yes,No,Fiber optic,No,No,No,No,No,No,One year,Yes,Mailed check,85.1,3931.62,Yes,0.4211,No
CUST-11928,Male,0,No,No,32,Yes,Yes,No,No internet service,No internet service,No internet service,No internet service,No internet service,No internet service,One year,Yes,Credit card (automatic),40.58,1235.91,No,0.2191,No
CUST-11468,Female,0,No,Yes,34,Yes,Yes,No,No internet service,No internet service,No internet service,No internet service,No internet service,No internet service,Month-to-month,No,Electronic check,31.46,985.11,No,0.4985,No
CUST-11224,Male,0,No,No,29,Yes,Yes,DSL,No,No,Yes,Yes,Yes,No,Month-to-month,Yes,Bank transfer (automatic),75.04,2096.15,Yes,0.593,Yes
CUST-12178,Female,0,Yes,Yes,11,Yes,No,Fiber optic,Yes,No,No,No,No,No,One year,Yes,Mailed check,80.07,837.39,No,0.5809,Yes
CUST-11952,Male,0,No,Yes,54,No,No phone service,Fiber optic,Yes,No,Yes,No,No,Yes,Two year,Yes,Bank transfer (automatic),105.3,5939.82,No,0.1375,No
CUST-14845,Female,0,Yes,Yes,60,Yes,Yes,DSL,No,No,Yes,No,No,No,Month-to-month,No,Bank transfer (automatic),64.99,3805.08,No,0.1686,No
CUST-13257,Male,0,No,Yes,19,Yes,Yes,Fiber optic,Yes,No,No,Yes,No,Yes,Month-to-month,No,Credit card (automatic),95.85,1846.76,No,0.5995,Yes
CUST-11892,Female,0,No,No,14,Yes,Yes,No,No internet service,No internet service,No internet service,No internet service,No internet service,No internet service,Month-to-month,No,Bank transfer (automatic),18.0,264.08,No,0.5844,Yes
CUST-11299,Male,0,Yes,No,63,Yes,Yes,No,No internet service,No internet service,No internet service,No internet service,No internet service,No internet service,Month-to-month,Yes,Bank transfer (automatic),57.08,3637.65,No,0.1835,No
CUST-13010,Male,0,No,Yes,45,Yes,Yes,Fiber optic,No,No,Yes,No,Yes,No,Two year,Yes,Mailed check,88.73,3789.09,Yes,0.4246,No
CUST-14614,Female,0,No,Yes,40,No,No phone service,DSL,No,No,No,Yes,Yes,No,One year,No,Credit card (automatic),72.52,2906.23,No,0.0537,No
CUST-10660,Male,1,Yes,Yes,44,Yes,Yes,DSL,No,No,No,Yes,No,No,Month-to-month,Yes,Bank transfer (automatic),70.43,3105.91,No,0.3669,No
CUST-14937,Female,0,Yes,No,50,Yes,Yes,No,No internet service,No internet service,No internet service,No internet service,No internet service,No internet service,Two year,Yes,Credit card (automatic),36.43,1852.18,No,0.0682,No
CUST-13340,Female,0,No,No,23,Yes,Yes,Fiber optic,No,No,No,No,Yes,Yes,Two year,No,Electronic check,83.04,1970.98,Yes,0.6176,Yes
CUST-12803,Male,0,No,Yes,18,No,No phone service,Fiber optic,No,Yes,No,No,Yes,No,One year,Yes,Mailed check,107.75,1945.47,Yes,0.6563,Yes
CUST-13773,Male,0,Yes,No,48,Yes,Yes,DSL,Yes,No,Yes,No,No,Yes,Month-to-month,Yes,Credit card (automatic),71.55,3353.74,No,0.3362,No
CUST-12512,Female,0,Yes,No,23,Yes,Yes,No,No internet service,No internet service,No internet service,No internet service,No internet service,No internet service,Month-to-month,No,Credit card (automatic),31.4,687.54,No,0.4229,No
CUST-13071,Male,0,No,No,47,No,No phone service,No,No internet service,No internet service,No internet service,No internet service,No internet service,No internet service,Month-to-month,No,Mailed check,40.98,1881.22,Yes,0.3037,No
CUST-12721,Female,0,No,No,51,Yes,Yes,No,No internet service,No internet service,No internet service,No internet service,No internet service,No internet service,Month-to-month,No,Electronic check,23.14,1158.3,No,0.3796,No
CUST-14396,Male,1,Yes,No,41,Yes,Yes,Fiber optic,No,Yes,No,No,No,Yes,Month-to-month,No,Bank transfer (automatic),87.9,3665.14,Yes,0.7533,Yes
CUST-13678,Female,0,No,Yes,41,Yes,Yes,No,No internet service,No internet service,No internet service,No internet service,No internet service,No internet service,Month-to-month,Yes,Bank transfer (automatic),53.76,2165.98,Yes,0.3983,No
CUST-11278,Male,0,No,Yes,31,Yes,No,DSL,No,No,No,No,No,Yes,Month-to-month,No,Electronic check,64.93,2042.17,No,0.6003,Yes
CUST-13091,Male,0,No,Yes,61,Yes,Yes,Fiber optic,Yes,No,Yes,Yes,No,No,Month-to-month,No,Bank transfer (automatic),91.75,5329.54,No,0.204,No
CUST-11621,Male,0,No,Yes,20,Yes,Yes,No,No internet service,No internet service,No internet service,No internet service,No internet service,No internet service,Month-to-month,No,Mailed check,32.51,643.28,No,0.5215,Yes
CUST-13034,Male,0,Yes,No,54,Yes,Yes,No,No internet service,No internet service,No internet service,No internet service,No internet service,No internet service,One year,Yes,Bank transfer (automatic),29.12,1520.94,No,0.0792,No
CUST-12850,Male,1,Yes,Yes,25,Yes,No,DSL,No,No,No,No,Yes,No,Month-to-month,No,Mailed check,68.46,1654.87,Yes,0.6351,Yes
CUST-10067,Male,0,No,No,17,Yes,Yes,DSL,No,No,No,No,No,Yes,Two year,Yes,Credit card (automatic),64.4,1048.13,No,0.3457,No
CUST-12598,Female,0,Yes,No,69,Yes,Yes,DSL,Yes,Yes,No,Yes,Yes,No,Two year,Yes,Electronic check,85.17,5968.3,No,0.0198,No
CUST-13979,Male,0,No,No,66,Yes,No,Fiber optic,Yes,Yes,Yes,Yes,Yes,No,Two year,Yes,Mailed check,115.96,7293.96,No,0.0726,No
CUST-13814,Male,0,Yes,Yes,60,Yes,Yes,Fiber optic,Yes,No,Yes,No,No,No,Month-to-month,No,Electronic check,81.11,4539.62,No,0.4184,No
CUST-10820,Male,0,Yes,Yes,26,Yes,No,Fiber optic,No,No,Yes,No,No,Yes,Two year,No,Electronic check,95.29,2314.37,No,0.5174,Yes
CUST-11226,Male,1,No,No,72,Yes,Yes,DSL,No,Yes,No,No,Yes,Yes,Month-to-month,No,Electronic check,56.2,4214.73,Yes,0.3785,No
CUST-13011,Female,0,No,No,56,Yes,No,Fiber optic,Yes,Yes,Yes,No,Yes,Yes,One year,Yes,Credit card (automatic),105.48,5921.87,No,0.2063,No
CUST-12164,Female,0,Yes,Yes,13,Yes,Yes,Fiber optic,No,Yes,Yes,No,Yes,No,Month-to-month,No,Credit card (automatic),88.21,1067.12,Yes,0.8559,Yes
CUST-14257,Male,1,Yes,No,24,Yes,No,Fiber optic,No,No,No,No,No,No,Month-to-month,No,Bank transfer (automatic),77.95,1935.22,No,0.8619,Yes
CUST-14471,Female,0,Yes,No,43,Yes,No,No,No internet service,No internet service,No internet service,No internet service,No internet service,No internet service,Month-to-month,No,Credit card (automatic),46.32,1988.25,No,0.2555,No
CUST-14283,Male,0,No,Yes,32,Yes,Yes,Fiber optic,Yes,No,No,No,No,No,Month-to-month,No,Electronic check,85.33,2525.0,No,0.7338,Yes
CUST-13370,Female,0,Yes,Yes,20,Yes,No,DSL,No,Yes,Yes,No,No,Yes,Month-to-month,No,Mailed check,74.28,1377.53,No,0.5788,Yes
CUST-11143,Female,0,Yes,Yes,69,Yes,Yes,No,No internet service,No internet service,No internet service,No internet service,No internet service,No internet service,One year,Yes,Electronic check,46.33,3353.35,No,0.0548,No
CUST-10397,Male,0,Yes,No,52,No,No phone service,DSL,No,Yes,Yes,No,Yes,No,One year,No,Credit card (automatic),63.94,3380.14,No,0.0708,No
CUST-13410,Male,1,No,No,10,Yes,No,Fiber optic,No,Yes,Yes,No,Yes,Yes,Two year,Yes,Electronic check,94.06,977.13,Yes,0.9382,Yes
CUST-14315,Male,0,No,No,11,No,No phone service,DSL,Yes,No,No,No,No,No,Month-to-month,No,Bank transfer (automatic),59.79,624.11,Yes,0.574,Yes
CUST-12778,Male,0,Yes,No,32,Yes,Yes,Fiber optic,Yes,No,No,Yes,Yes,No,Month-to-month,No,Mailed check,81.91,2730.3,No,0.5146,Yes
CUST-11398,Male,0,Yes,No,67,Yes,No,DSL,Yes,Yes,Yes,No,No,No,Month-to-month,Yes,Mailed check,56.16,3719.22,No,0.2045,No
CUST-11659,Male,0,Yes,No,24,Yes,No,No,No internet service,No internet service,No internet service,No internet service,No internet service,No internet service,Two year,No,Credit card (automatic),43.91,1096.23,No,0.1143,No
CUST-10979,Female,0,No,No,63,Yes,No,Fiber optic,No,No,Yes,Yes,Yes,Yes,Two year,Yes,Credit card (automatic),104.72,6615.24,No,0.1198,No
CUST-11298,Female,0,Yes,Yes,22,Yes,No,Fiber optic,Yes,Yes,No,No,No,Yes,One year,No,Credit card (automatic),95.36,2113.75,No,0.2704,No
CUST-12280,Female,0,Yes,No,26,Yes,No,Fiber optic,No,No,No,Yes,No,No,Month-to-month,Yes,Electronic check,68.16,1860.03,Yes,0.8467,Yes
CUST-10082,Male,0,Yes,No,6,Yes,No,Fiber optic,No,No,Yes,No,Yes,No,One year,Yes,Mailed check,96.53,591.36,Yes,0.856,Yes
CUST-14777,Female,0,No,No,21,No,No phone service,Fiber optic,No,Yes,No,Yes,No,Yes,Month-to-month,No,Electronic check,86.34,1876.5,Yes,0.8154,Yes
CUST-12807,Male,0,Yes,No,62,Yes,Yes,No,No internet service,No internet service,No internet service,No internet service,No internet service,No internet service,One year,Yes,Electronic check,30.78,1976.87,No,0.1023,No
CUST-14861,Female,0,No,Yes,72,Yes,Yes,Fiber optic,No,No,Yes,No,No,Yes,One year,Yes,Credit card (automatic),90.08,6028.7,No,0.1482,No
CUST-13805,Female,0,No,No,56,Yes,Yes,Fiber optic,Yes,Yes,No,No,No,No,Month-to-month,No,Electronic check,86.52,4619.67,No,0.4951,No
CUST-12305,Male,0,No,No,60,Yes,Yes,DSL,No,No,No,No,No,No,Month-to-month,Yes,Credit card (automatic),40.62,2375.53,No,0.3489,No
CUST-10423,Female,0,No,Yes,34,Yes,No,No,No internet service,No internet service,No internet service,No internet service,No internet service,No internet service,Two year,Yes,Electronic check,41.67,1446.54,No,0.2253,No
CUST-14353,Male,0,No,No,44,Yes,Yes,Fiber optic,Yes,No,No,Yes,No,No,Month-to-month,No,Electronic check,95.16,3955.62,Yes,0.5124,Yes
CUST-11904,Male,0,No,No,29,Yes,No,No,No internet service,No internet service,No internet service,No internet service,No internet service,No internet service,One year,No,Credit card (automatic),54.21,1512.52,No,0.1489,No
CUST-14552,Male,0,Yes,No,62,No,No phone service,Fiber optic,No,No,No,Yes,Yes,No,Month-to-month,No,Bank transfer (automatic),101.57,6440.89,Yes,0.1951,No
CUST-14609,Male,0,Yes,No,5,Yes,Yes,DSL,No,No,No,No,No,No,One year,Yes,Bank transfer (automatic),51.42,262.66,No,0.4916,No
CUST-13123,Female,0,No,No,59,Yes,Yes,Fiber optic,No,Yes,Yes,Yes,Yes,No,One year,Yes,Mailed check,103.95,5936.95,No,0.1956,No
CUST-11565,Male,0,No,No,68,Yes,Yes,Fiber optic,Yes,Yes,Yes,No,Yes,Yes,Month-to-month,Yes,Mailed check,117.22,7535.52,No,0.428,No
CUST-14043,Male,0,No,No,70,Yes,No,No,No internet service,No internet service,No internet service,No internet service,No internet service,No internet service,Two year,Yes,Bank transfer (automatic),41.45,2682.81,No,0.0438,No
CUST-10839,Female,0,No,Yes,25,No,No phone service,Fiber optic,No,Yes,No,No,No,No,Month-to-month,Yes,Electronic check,85.0,2063.79,Yes,0.9019,Yes
CUST-10500,Male,0,No,No,21,No,No phone service,Fiber optic,Yes,No,Yes,No,Yes,Yes,Month-to-month,Yes,Mailed check,99.67,2075.06,Yes,0.8858,Yes
CUST-10141,Male,0,No,No,34,Yes,Yes,No,No internet service,No internet service,No internet service,No internet service,No internet service,No internet service,Two year,Yes,Electronic check,34.77,1225.28,No,0.2841,No
CUST-11377,Female,1,No,Yes,39,Yes,Yes,Fiber optic,Yes,No,Yes,Yes,Yes,Yes,Month-to-month,No,Bank transfer (automatic),108.36,3957.33,No,0.5837,Yes
CUST-13721,Female,0,No,No,61,No,No phone service,No,No internet service,No internet service,No internet service,No internet service,No internet service,No internet service,One year,No,Electronic check,33.96,2050.64,No,0.0689,No
CUST-12748,Male,0,Yes,No,19,Yes,Yes,Fiber optic,Yes,Yes,Yes,No,Yes,Yes,Two year,No,Credit card (automatic),102.2,1884.95,Yes,0.3922,No
CUST-11138,Female,0,No,No,33,Yes,Yes,DSL,Yes,No,Yes,Yes,No,No,Two year,Yes,Mailed check,76.26,2394.58,Yes,0.1184,No
CUST-14278,Female,0,Yes,No,57,No,No phone service,No,No internet service,No internet service,No internet service,No internet service,No internet service,No internet service,One year,No,Credit card (automatic),24.85,1446.6,No,0.0368,No
CUST-11787,Male,0,No,Yes,67,Yes,No,Fiber optic,No,No,No,No,No,No,One year,Yes,Bank transfer (automatic),90.93,6121.61,No,0.1401,No
CUST-12584,Male,1,No,No,51,Yes,No,DSL,Yes,Yes,No,No,Yes,No,One year,Yes,Bank transfer (automatic),75.55,3573.93,No,0.1306,No
CUST-10550,Female,1,Yes,Yes,6,Yes,Yes,Fiber optic,Yes,No,Yes,Yes,Yes,Yes,Two year,No,Mailed check,99.65,555.9,No,0.5436,Yes
CUST-14071,Female,0,No,No,62,Yes,Yes,DSL,No,No,Yes,No,Yes,Yes,Month-to-month,Yes,Mailed check,62.99,3779.86,No,0.4096,No
CUST-12019,Male,0,Yes,No,70,Yes,No,No,No internet service,No internet service,No internet service,No internet service,No internet service,No internet service,One year,No,Bank transfer (automatic),30.86,2236.57,No,0.0267,No
CUST-10948,Female,0,Yes,No,60,Yes,Yes,Fiber optic,Yes,Yes,No,Yes,No,No,Month-to-month,No,Credit card (automatic),90.72,5692.08,No,0.1529,No
CUST-12277,Male,0,No,Yes,42,Yes,No,DSL,No,No,No,No,Yes,No,Two year,No,Electronic check,75.75,3009.48,No,0.14,No
CUST-10532,Male,0,No,Yes,13,Yes,Yes,Fiber optic,No,No,No,Yes,Yes,No,Month-to-month,No,Electronic check,90.29,1083.64,No,0.8553,Yes
CUST-11829,Female,1,No,Yes,1,Yes,Yes,DSL,No,No,No,Yes,No,Yes,Month-to-month,No,Mailed check,76.51,76.83,No,0.7897,Yes
CUST-12937,Female,0,No,No,38,Yes,Yes,DSL,Yes,No,Yes,No,No,Yes,Month-to-month,No,Electronic check,63.17,2296.42,Yes,0.5205,Yes
CUST-14432,Female,0,Yes,No,47,Yes,Yes,DSL,No,Yes,Yes,No,No,Yes,Two year,Yes,Bank transfer (automatic),63.94,2990.9,No,0.1383,No
CUST-13895,Female,0,No,Yes,18,Yes,No,DSL,No,No,No,Yes,Yes,No,Month-to-month,No,Credit card (automatic),60.88,1145.56,Yes,0.4316,No
CUST-11602,Female,0,No,No,46,Yes,Yes,Fiber optic,No,No,No,No,Yes,Yes,Month-to-month,Yes,Credit card (automatic),94.88,4092.57,No,0.7432,Yes
CUST-10639,Female,0,Yes,No,26,Yes,Yes,No,No internet service,No internet service,No internet service,No internet service,No internet service,No internet service,Two year,Yes,Credit card (automatic),28.11,712.54,No,0.1754,No
CUST-14847,Male,0,Yes,No,43,Yes,No,Fiber optic,No,Yes,No,No,No,No,Two year,No,Bank transfer (automatic),85.88,3876.83,No,0.2141,No
CUST-10967,Male,0,No,No,55,Yes,Yes,Fiber optic,No,No,Yes,No,No,Yes,Two year,Yes,Credit card (automatic),87.86,4499.57,No,0.289,No
CUST-14251,Male,0,Yes,No,3,Yes,Yes,DSL,No,Yes,Yes,No,Yes,No,Month-to-month,Yes,Credit card (automatic),83.53,241.66,Yes,0.8752,Yes
CUST-12643,Male,1,Yes,No,46,No,No phone service,No,No internet service,No internet service,No internet service,No internet service,No internet service,No internet service,One year,Yes,Credit card (automatic),34.54,1476.75,No,0.1647,No
CUST-11683,Female,0,No,No,54,Yes,No,Fiber optic,No,Yes,Yes,No,No,No,Month-to-month,Yes,Credit card (automatic),94.77,4878.79,No,0.6822,Yes
CUST-14484,Male,0,Yes,No,48,Yes,Yes,DSL,No,Yes,Yes,Yes,Yes,No,Month-to-month,Yes,Credit card (automatic),80.48,3789.93,No,0.3181,No
CUST-12902,Female,0,No,Yes,12,Yes,No,Fiber optic,No,Yes,No,No,Yes,Yes,Month-to-month,Yes,Bank transfer (automatic),103.14,1267.95,Yes,0.9309,Yes
CUST-10155,Female,1,No,No,0,Yes,Yes,Fiber optic,Yes,Yes,No,No,No,Yes,Month-to-month,Yes,Bank transfer (automatic),103.03,0.0,Yes,0.9675,Yes
CUST-14567,Female,1,No,No,19,Yes,Yes,Fiber optic,No,Yes,No,Yes,Yes,No,Two year,No,Mailed check,102.81,1855.97,No,0.5306,Yes
CUST-12858,Female,0,No,No,10,Yes,No,DSL,Yes,No,No,No,Yes,No,Month-to-month,No,Bank transfer (automatic),60.12,575.18,Yes,0.6233,Yes
CUST-11089,Male,0,No,No,65,Yes,Yes,No,No internet service,No internet service,No internet service,No internet service,No internet service,No internet service,Month-to-month,Yes,Bank transfer (automatic),36.64,2313.82,No,0.2481,No
CUST-12673,Male,0,Yes,No,5,Yes,No,DSL,No,No,Yes,No,Yes,No,Month-to-month,No,Credit card (automatic),54.45,264.39,No,0.7834,Yes
CUST-14254,Male,0,No,No,43,Yes,No,DSL,No,No,No,Yes,Yes,No,One year,Yes,Credit card (automatic),64.66,2736.5,No,0.1171,No
CUST-10288,Female,1,No,No,51,Yes,Yes,Fiber optic,No,No,Yes,Yes,No,Yes,One year,No,Bank transfer (automatic),89.93,4357.34,No,0.2468,No
CUST-10930,Female,0,Yes,No,72,Yes,Yes,DSL,Yes,Yes,Yes,No,No,No,One year,Yes,Electronic check,77.48,5514.26,No,0.0518,No
CUST-13599,Female,0,Yes,No,64,Yes,No,Fiber optic,No,No,No,No,No,Yes,Month-to-month,No,Electronic check,98.38,5984.27,Yes,0.4358,No
CUST-12577,Male,0,Yes,No,71,Yes,No,No,No internet service,No internet service,No internet service,No internet service,No internet service,No internet service,Month-to-month,No,Electronic check,46.49,3396.92,Yes,0.157,No
CUST-13392,Female,0,No,No,48,Yes,Yes,DSL,No,Yes,No,No,Yes,Yes,Month-to-month,No,Electronic check,76.05,3813.85,Yes,0.4746,No
CUST-12614,Male,0,Yes,Yes,18,Yes,No,Fiber optic,Yes,Yes,Yes,Yes,Yes,Yes,One year,No,Bank transfer (automatic),96.17,1613.25,No,0.2618,No
CUST-13312,Female,0,Yes,No,57,Yes,No,Fiber optic,No,Yes,Yes,Yes,Yes,Yes,Two year,Yes,Electronic check,101.59,5522.73,No,0.2028,No
CUST-10942,Female,0,Yes,No,12,No,No phone service,No,No internet service,No internet service,No internet service,No internet service,No internet service,No internet service,Month-to-month,Yes,Electronic check,52.93,585.51,No,0.7705,Yes
CUST-13883,Male,0,No,Yes,11,Yes,Yes,Fiber optic,No,No,No,Yes,No,No,Month-to-month,Yes,Credit card (automatic),92.2,1002.88,Yes,0.8765,Yes
CUST-14677,Female,1,No,No,36,Yes,No,DSL,No,Yes,Yes,Yes,No,No,One year,No,Credit card (automatic),87.0,2939.5,No,0.1698,No
CUST-11698,Male,0,Yes,No,12,Yes,Yes,Fiber optic,No,No,No,No,Yes,No,Month-to-month,No,Mailed check,84.91,1042.37,No,0.8994,Yes
CUST-14787,Male,0,No,No,34,Yes,No,Fiber optic,No,No,No,Yes,Yes,Yes,Two year,No,Bank transfer (automatic),96.87,3420.93,No,0.2372,No
CUST-14813,Female,0,No,No,45,Yes,Yes,Fiber optic,No,No,No,Yes,Yes,No,One year,Yes,Credit card (automatic),102.3,4515.23,No,0.2562,No
CUST-14062,Female,0,Yes,Yes,24,Yes,Yes,Fiber optic,No,No,Yes,No,Yes,Yes,One year,Yes,Credit card (automatic),78.89,1818.78,No,0.5859,Yes
CUST-12952,Female,0,No,No,50,Yes,No,Fiber optic,No,No,No,No,No,No,Month-to-month,No,Credit card (automatic),83.69,3993.21,Yes,0.5421,Yes
CUST-10985,Female,0,No,No,49,Yes,No,DSL,Yes,Yes,No,No,Yes,No,Month-to-month,Yes,Mailed check,73.99,3462.55,Yes,0.3232,No
CUST-14739,Female,1,No,Yes,41,Yes,No,DSL,No,Yes,Yes,No,Yes,No,One year,No,Bank transfer (automatic),60.96,2466.48,No,0.2303,No
CUST-13902,Female,0,Yes,No,30,Yes,No,Fiber optic,Yes,No,No,No,Yes,No,One year,No,Bank transfer (automatic),89.44,2752.66,No,0.2658,No
CUST-14792,Female,0,Yes,No,9,No,No phone service,Fiber optic,No,No,Yes,No,Yes,No,Month-to-month,Yes,Bank transfer (automatic),74.85,620.15,Yes,0.939,Yes
CUST-10981,Female,0,Yes,Yes,0,Yes,No,Fiber optic,No,No,No,No,Yes,Yes,One year,Yes,Electronic check,72.53,0.0,Yes,0.8662,Yes
CUST-12509,Male,0,Yes,No,7,Yes,No,No,No internet service,No internet service,No internet service,No internet service,No internet service,No internet service,Two year,Yes,Electronic check,36.29,264.03,No,0.476,No
CUST-12447,Female,0,Yes,No,61,Yes,Yes,DSL,Yes,No,No,Yes,Yes,Yes,One year,Yes,Credit card (automatic),74.74,4618.18,No,0.0213,No
CUST-13181,Male,0,No,No,61,Yes,No,DSL,Yes,No,No,No,No,No,Month-to-month,No,Mailed check,62.4,3762.75,No,0.1506,No
CUST-12962,Female,0,Yes,No,34,Yes,Yes,DSL,Yes,No,Yes,Yes,No,Yes,Two year,No,Credit card (automatic),75.33,2371.0,No,0.0461,No
CUST-13784,Female,0,No,No,29,Yes,No,No,No internet service,No internet service,No internet service,No internet service,No internet service,No internet service,Month-to-month,Yes,Bank transfer (automatic),40.29,1187.97,No,0.5823,Yes
CUST-13869,Female,0,No,Yes,62,Yes,Yes,DSL,No,No,Yes,No,No,Yes,One year,No,Electronic check,43.49,2681.57,No,0.1061,No
CUST-11457,Male,1,No,No,1,No,No phone service,Fiber optic,No,No,No,No,Yes,Yes,Month-to-month,Yes,Bank transfer (automatic),84.28,82.97,Yes,0.9775,Yes
CUST-11395,Female,0,Yes,No,4,Yes,No,Fiber optic,No,No,Yes,Yes,No,No,Month-to-month,Yes,Electronic check,83.78,335.34,Yes,0.9554,Yes
CUST-10264,Female,0,No,No,38,Yes,No,Fiber optic,Yes,Yes,No,No,No,No,Two year,Yes,Mailed check,91.43,3309.86,No,0.3293,No
CUST-10929,Female,0,No,No,31,Yes,Yes,DSL,Yes,Yes,No,Yes,No,No,One year,No,Credit card (automatic),73.66,2126.76,No,0.0624,No
CUST-13116,Female,0,Yes,No,51,Yes,No,No,No internet service,No internet service,No internet service,No internet service,No internet service,No internet service,One year,No,Electronic check,24.86,1237.69,No,0.0891,No
CUST-12710,Male,0,Yes,No,11,Yes,Yes,Fiber optic,No,Yes,No,Yes,Yes,No,Month-to-month,Yes,Credit card (automatic),116.35,1204.66,No,0.8728,Yes
CUST-10246,Female,0,No,No,44,Yes,No,DSL,No,No,Yes,No,Yes,No,One year,No,Bank transfer (automatic),63.95,2781.53,No,0.1523,No
CUST-13613,Male,1,Yes,No,15,Yes,Yes,Fiber optic,No,No,No,No,Yes,No,Month-to-month,Yes,Mailed check,81.96,1211.39,Yes,0.9515,Yes
CUST-11758,Female,1,Yes,No,34,Yes,Yes,No,No internet service,No internet service,No internet service,No internet service,No internet service,No internet service,Month-to-month,Yes,Electronic check,19.65,628.03,Yes,0.75,Yes
CUST-14880,Male,0,No,No,27,Yes,Yes,DSL,No,Yes,No,Yes,No,No,Month-to-month,Yes,Mailed check,72.32,1821.82,Yes,0.5633,Yes
CUST-12829,Male,0,No,Yes,55,Yes,Yes,No,No internet service,No internet service,No internet service,No internet service,No internet service,No internet service,Month-to-month,No,Mailed check,18.0,993.75,No,0.2322,No
CUST-10923,Male,0,No,No,67,Yes,No,Fiber optic,No,No,Yes,No,No,No,One year,Yes,Mailed check,89.27,5715.09,No,0.2487,No
CUST-14288,Female,0,No,No,25,Yes,Yes,Fiber optic,No,Yes,No,No,Yes,No,Month-to-month,Yes,Mailed check,99.02,2419.75,Yes,0.9011,Yes
CUST-10268,Female,1,No,No,14,Yes,No,DSL,No,Yes,No,No,No,Yes,Month-to-month,No,Electronic check,61.52,875.09,No,0.8636,Yes
CUST-10669,Male,0,Yes,Yes,45,Yes,No,DSL,No,Yes,No,Yes,No,Yes,One year,No,Electronic check,65.6,3096.33,No,0.07,No
CUST-12754,Female,0,No,Yes,15,Yes,Yes,DSL,Yes,Yes,No,No,No,No,Month-to-month,No,Credit card (automatic),64.67,959.59,No,0.466,No
CUST-11910,Male,0,Yes,No,59,Yes,Yes,DSL,Yes,Yes,No,Yes,No,No,One year,Yes,Electronic check,81.93,4504.34,No,0.0377,No
CUST-13811,Male,1,No,No,62,Yes,No,No,No internet service,No internet service,No internet service,No internet service,No internet service,No internet service,Month-to-month,No,Bank transfer (automatic),35.43,2251.78,No,0.2792,No
CUST-11152,Male,0,No,Yes,35,Yes,No,DSL,Yes,Yes,No,No,No,No,Month-to-month,Yes,Mailed check,60.72,2055.59,No,0.4567,No
CUST-14832,Male,0,No,Yes,5,Yes,No,Fiber optic,Yes,Yes,Yes,Yes,No,Yes,One year,No,Credit card (automatic),106.45,490.25,No,0.4835,No
CUST-14118,Male,0,Yes,No,39,Yes,Yes,DSL,No,Yes,No,Yes,Yes,No,Two year,Yes,Bank transfer (automatic),61.46,2336.24,No,0.0908,No
CUST-14255,Male,0,No,No,68,Yes,Yes,No,No internet service,No internet service,No internet service,No internet service,No internet service,No internet service,Month-to-month,Yes,Mailed check,31.09,1955.99,No,0.2675,No
CUST-13901,Female,0,No,Yes,59,Yes,No,DSL,No,Yes,Yes,Yes,Yes,Yes,Month-to-month,No,Electronic check,80.2,4642.95,No,0.2113,No
CUST-12436,Female,0,Yes,No,12,Yes,Yes,Fiber optic,No,No,No,No,No,Yes,Two year,No,Bank transfer (automatic),80.38,926.2,No,0.5391,Yes
CUST-13002,Female,0,Yes,No,44,Yes,Yes,Fiber optic,Yes,No,No,No,No,Yes,Two year,Yes,Credit card (automatic),92.19,3972.77,Yes,0.1947,No
CUST-11915,Female,0,No,No,22,Yes,No,Fiber optic,No,Yes,No,No,No,Yes,One year,Yes,Mailed check,92.25,1893.18,No,0.6673,Yes
CUST-10612,Female,0,No,Yes,8,Yes,No,DSL,No,No,Yes,No,No,Yes,Two year,Yes,Mailed check,67.65,548.27,Yes,0.5339,Yes
CUST-12423,Female,1,Yes,Yes,32,Yes,Yes,No,No internet service,No internet service,No internet service,No internet service,No internet service,No internet service,Month-to-month,No,Credit card (automatic),21.07,678.28,Yes,0.4549,No
CUST-13552,Female,1,No,No,59,Yes,No,No,No internet service,No internet service,No internet service,No internet service,No internet service,No internet service,Month-to-month,No,Mailed check,37.67,2144.41,Yes,0.323,No
CUST-11898,Female,0,No,Yes,14,No,No phone service,No,No internet service,No internet service,No internet service,No internet service,No internet service,No internet service,One year,Yes,Bank transfer (automatic),41.61,607.28,Yes,0.2643,No
CUST-11649,Female,0,Yes,No,25,Yes,Yes,Fiber optic,No,Yes,No,No,No,Yes,One year,Yes,Mailed check,95.48,2311.76,No,0.5875,Yes
CUST-14038,Male,0,No,No,48,Yes,Yes,DSL,No,No,Yes,Yes,No,No,Two year,No,Bank transfer (automatic),55.79,2648.02,No,0.0653,No
CUST-10258,Male,0,Yes,No,17,Yes,Yes,Fiber optic,No,Yes,No,No,Yes,No,One year,No,Bank transfer (automatic),87.09,1388.87,Yes,0.515,Yes
CUST-10847,Male,0,Yes,No,36,Yes,Yes,DSL,No,No,No,No,No,No,Month-to-month,No,Credit card (automatic),53.35,1968.14,Yes,0.3965,No
CUST-14265,Female,0,Yes,No,34,Yes,No,Fiber optic,No,No,No,Yes,Yes,No,Two year,Yes,Credit card (automatic),92.06,3188.64,No,0.2711,No
CUST-11233,Female,0,No,No,20,Yes,Yes,Fiber optic,No,No,Yes,No,Yes,No,Month-to-month,Yes,Bank transfer (automatic),81.9,1509.45,Yes,0.9253,Yes
CUST-11127,Female,0,No,No,28,Yes,Yes,No,No internet service,No internet service,No internet service,No internet service,No internet service,No internet service,Month-to-month,Yes,Credit card (automatic),38.99,1104.29,Yes,0.5929,Yes
CUST-11967,Male,0,No,Yes,49,Yes,No,Fiber optic,No,Yes,No,No,No,No,Two year,Yes,Bank transfer (automatic),89.88,4187.3,No,0.2349,No
CUST-10558,Female,0,No,No,33,Yes,Yes,Fiber optic,Yes,No,No,Yes,Yes,No,Month-to-month,Yes,Credit card (automatic),91.02,3115.69,Yes,0.6422,Yes
CUST-13929,Female,0,No,Yes,7,Yes,No,Fiber optic,Yes,No,Yes,No,No,No,Two year,Yes,Electronic check,83.82,592.83,Yes,0.7956,Yes
CUST-10484,Male,0,No,No,46,Yes,Yes,Fiber optic,Yes,Yes,No,No,Yes,Yes,Two year,Yes,Credit card (automatic),100.76,4395.17,No,0.2392,No
CUST-11320,Male,0,Yes,No,54,Yes,No,Fiber optic,No,No,No,Yes,No,No,Month-to-month,Yes,Credit card (automatic),95.43,5292.8,No,0.4031,No
CUST-12370,Male,0,Yes,No,49,Yes,Yes,Fiber optic,No,Yes,No,No,No,No,Two year,No,Mailed check,83.73,3830.24,Yes,0.1723,No
CUST-10007,Female,1,No,No,41,Yes,Yes,Fiber optic,No,Yes,No,No,No,No,One year,No,Mailed check,86.13,3563.58,Yes,0.4959,No
CUST-13988,Male,0,Yes,No,60,Yes,Yes,Fiber optic,No,Yes,No,Yes,Yes,Yes,Month-to-month,No,Credit card (automatic),101.06,5711.46,Yes,0.24,No
CUST-13210,Female,0,No,No,49,Yes,Yes,DSL,No,No,No,No,No,No,Month-to-month,No,Bank transfer (automatic),44.16,2216.79,No,0.3117,No
CUST-11450,Male,0,Yes,No,13,Yes,Yes,Fiber optic,Yes,No,No,No,No,Yes,Month-to-month,Yes,Electronic check,91.88,1110.73,Yes,0.9082,Yes
CUST-14004,Female,0,No,No,48,Yes,Yes,DSL,No,No,No,No,Yes,No,One year,Yes,Credit card (automatic),60.96,3023.97,No,0.1642,No
CUST-11814,Female,0,Yes,No,67,Yes,No,No,No internet service,No internet service,No internet service,No internet service,No internet service,No internet service,One year,Yes,Bank transfer (automatic),35.49,2400.57,No,0.0456,No
CUST-10773,Female,0,No,Yes,58,No,No phone service,Fiber optic,Yes,No,No,No,No,No,One year,No,Mailed check,81.04,4404.57,No,0.0833,No
CUST-11011,Female,0,No,No,55,No,No phone service,DSL,Yes,No,Yes,No,No,Yes,Two year,Yes,Bank transfer (automatic),72.14,3689.46,Yes,0.0588,No
CUST-12837,Female,0,No,Yes,1,Yes,No,No,No internet service,No internet service,No internet service,No internet service,No internet service,No internet service,One year,No,Credit card (automatic),27.8,27.9,No,0.3104,No
CUST-12465,Male,0,Yes,No,65,Yes,No,Fiber optic,No,Yes,No,No,No,Yes,Month-to-month,Yes,Bank transfer (automatic),75.12,4589.91,No,0.4767,No
CUST-11991,Male,1,No,No,50,Yes,Yes,DSL,No,No,No,Yes,No,No,One year,Yes,Electronic check,57.58,2713.23,No,0.2128,No
CUST-11277,Female,0,No,No,35,Yes,Yes,Fiber optic,No,No,No,Yes,Yes,No,Two year,Yes,Mailed check,85.8,2780.28,No,0.3583,No
CUST-11783,Female,0,Yes,No,16,Yes,Yes,Fiber optic,No,No,No,Yes,Yes,Yes,One year,No,Bank transfer (automatic),91.44,1533.26,No,0.3863,No
CUST-13126,Female,0,Yes,No,66,Yes,No,DSL,No,No,No,Yes,Yes,Yes,Two year,Yes,Credit card (automatic),65.89,4472.1,No,0.0248,No
CUST-10446,Male,0,No,Yes,46,Yes,Yes,Fiber optic,No,Yes,No,No,Yes,No,Month-to-month,No,Mailed check,95.03,4356.07,No,0.6296,Yes
CUST-10880,Male,0,No,Yes,67,Yes,No,Fiber optic,Yes,No,Yes,No,No,Yes,Two year,Yes,Electronic check,92.87,5931.67,No,0.1617,No
CUST-14473,Male,1,Yes,Yes,46,Yes,Yes,DSL,No,Yes,Yes,No,No,No,Month-to-month,No,Credit card (automatic),71.71,3394.33,No,0.4376,No
CUST-10781,Female,0,No,Yes,10,Yes,No,DSL,Yes,Yes,No,Yes,Yes,No,One year,No,Mailed check,69.53,667.75,No,0.1577,No
CUST-11749,Female,0,No,No,1,Yes,Yes,DSL,Yes,No,Yes,No,No,No,One year,No,Mailed check,63.31,65.21,No,0.4539,No
CUST-13409,Male,0,No,No,28,No,No phone service,Fiber optic,No,No,No,Yes,Yes,No,Two year,Yes,Electronic check,87.93,2440.01,No,0.5195,Yes
CUST-14896,Female,0,Yes,Yes,2,Yes,Yes,Fiber optic,Yes,Yes,No,No,Yes,Yes,Month-to-month,Yes,Mailed check,92.57,183.18,Yes,0.9174,Yes
CUST-10883,Male,0,Yes,Yes,9,Yes,Yes,Fiber optic,Yes,Yes,Yes,Yes,No,No,One year,No,Bank transfer (automatic),104.69,945.19,Yes,0.3864,No
CUST-12672,Female,0,No,No,2,Yes,Yes,Fiber optic,No,No,No,No,Yes,Yes,Month-to-month,No,Electronic check,87.57,168.16,Yes,0.9637,Yes
CUST-11091,Male,0,Yes,No,8,No,No phone service,Fiber optic,No,Yes,No,No,No,Yes,One year,Yes,Bank transfer (automatic),84.93,653.02,Yes,0.7285,Yes
CUST-13957,Female,0,Yes,No,17,Yes,Yes,No,No internet service,No internet service,No internet service,No internet service,No internet service,No internet service,Two year,No,Credit card (automatic),21.93,359.7,No,0.141,No
CUST-10531,Male,0,Yes,No,24,Yes,No,DSL,No,No,Yes,No,Yes,No,Month-to-month,Yes,Mailed check,66.9,1539.38,No,0.7355,Yes
CUST-14046,Male,0,No,No,32,No,No phone service,DSL,No,No,Yes,Yes,No,Yes,Month-to-month,No,Electronic check,60.83,1976.97,No,0.5416,Yes
CUST-14314,Female,0,No,No,47,Yes,No,Fiber optic,Yes,Yes,Yes,No,No,Yes,One year,Yes,Electronic check,109.81,5189.76,No,0.4358,No
CUST-14111,Male,0,No,No,17,Yes,Yes,Fiber optic,No,Yes,No,Yes,No,No,Month-to-month,No,Electronic check,85.08,1361.23,Yes,0.856,Yes
CUST-11727,Female,0,No,No,43,No,No phone service,Fiber optic,Yes,Yes,Yes,Yes,No,No,One year,No,Credit card (automatic),93.94,4080.66,No,0.134,No
CUST-10610,Female,0,Yes,No,35,Yes,No,DSL,No,Yes,Yes,No,No,No,Month-to-month,Yes,Credit card (automatic),73.72,2517.93,Yes,0.5792,Yes
CUST-10570,Female,0,Yes,No,51,Yes,No,No,No internet service,No internet service,No internet service,No internet service,No internet service,No internet service,One year,No,Electronic check,42.95,2183.96,No,0.0801,No
CUST-12689,Female,0,Yes,Yes,22,Yes,No,No,No internet service,No internet service,No internet service,No internet service,No internet service,No internet service,Month-to-month,Yes,Mailed check,33.74,688.72,No,0.5457,Yes
CUST-13048,Male,0,No,No,36,Yes,No,No,No internet service,No internet service,No internet service,No internet service,No internet service,No internet service,Month-to-month,Yes,Bank transfer (automatic),46.77,1750.56,No,0.5224,Yes
CUST-10343,Female,0,No,Yes,35,Yes,Yes,No,No internet service,No internet service,No internet service,No internet service,No internet service,No internet service,One year,No,Credit card (automatic),40.63,1404.72,No,0.1013,No
CUST-14124,Female,0,No,Yes,45,Yes,No,Fiber optic,No,Yes,No,No,Yes,No,Month-to-month,Yes,Credit card (automatic),82.49,3718.34,No,0.7218,Yes
CUST-13570,Female,1,No,Yes,56,No,No phone service,No,No internet service,No internet service,No internet service,No internet service,No internet service,No internet service,Two year,Yes,Electronic check,32.14,1702.9,No,0.1514,No
CUST-10434,Male,0,No,No,3,Yes,Yes,Fiber optic,No,No,Yes,Yes,Yes,No,One year,Yes,Credit card (automatic),106.76,335.75,Yes,0.8166,Yes
CUST-11903,Male,0,Yes,No,67,No,No phone service,No,No internet service,No internet service,No internet service,No internet service,No internet service,No internet service,One year,No,Bank transfer (automatic),38.8,2432.64,No,0.0242,No
CUST-13828,Female,0,No,Yes,29,Yes,No,Fiber optic,No,No,No,No,No,Yes,One year,Yes,Credit card (automatic),91.57,2600.12,No,0.5133,Yes
CUST-13480,Female,0,Yes,Yes,65,Yes,Yes,DSL,No,Yes,No,Yes,No,Yes,One year,No,Credit card (automatic),78.59,4807.37,No,0.0129,No
CUST-12069,Male,0,No,No,23,Yes,Yes,Fiber optic,Yes,Yes,No,No,No,No,Month-to-month,Yes,Mailed check,91.98,2090.43,No,0.8495,Yes
CUST-11537,Male,1,No,No,11,Yes,No,DSL,Yes,No,No,No,Yes,Yes,Month-to-month,No,Bank transfer (automatic),75.19,814.94,Yes,0.755,Yes
CUST-12269,Female,0,Yes,No,64,Yes,Yes,DSL,No,No,No,Yes,Yes,Yes,Month-to-month,Yes,Electronic check,92.16,5950.32,No,0.1859,No
CUST-14974,Female,0,No,No,55,Yes,Yes,No,No internet service,No internet service,No internet service,No internet service,No internet service,No internet service,Month-to-month,Yes,Bank transfer (automatic),36.74,2106.25,No,0.3151,No
CUST-11517,Male,0,Yes,Yes,22,Yes,Yes,No,No internet service,No internet service,No internet service,No internet service,No internet service,No internet service,One year,Yes,Electronic check,45.37,1030.5,No,0.2993,No
CUST-10965,Female,0,No,Yes,67,Yes,Yes,Fiber optic,No,Yes,Yes,No,Yes,Yes,Two year,Yes,Credit card (automatic),93.05,5779.83,No,0.1575,No
CUST-14420,Female,0,No,Yes,11,Yes,Yes,Fiber optic,Yes,No,Yes,No,Yes,Yes,One year,Yes,Bank transfer (automatic),94.26,980.08,Yes,0.7005,Yes
CUST-10528,Female,0,No,Yes,42,Yes,Yes,Fiber optic,No,No,Yes,No,No,No,Two year,Yes,Mailed check,77.03,3110.27,No,0.4455,No
CUST-10176,Female,0,Yes,Yes,40,Yes,No,No,No internet service,No internet service,No internet service,No internet service,No internet service,No internet service,Month-to-month,No,Credit card (automatic),41.49,1555.25,Yes,0.2379,No
CUST-13504,Male,0,No,Yes,9,No,No phone service,Fiber optic,No,Yes,No,Yes,Yes,No,Month-to-month,No,Credit card (automatic),97.63,820.33,Yes,0.8025,Yes
CUST-12561,Male,0,No,No,42,Yes,No,No,No internet service,No internet service,No internet service,No internet service,No internet service,No internet service,One year,Yes,Credit card (automatic),29.07,1190.73,No,0.168,No
CUST-14311,Female,0,Yes,No,49,No,No phone service,Fiber optic,No,No,No,No,No,No,Month-to-month,Yes,Electronic check,74.28,3635.06,No,0.7279,Yes
CUST-10572,Male,0,Yes,No,31,Yes,Yes,Fiber optic,No,Yes,Yes,No,No,Yes,Month-to-month,No,Mailed check,84.6,2526.16,Yes,0.8098,Yes
CUST-12316,Male,0,Yes,No,13,Yes,Yes,Fiber optic,Yes,Yes,No,Yes,Yes,Yes,One year,No,Electronic check,89.37,1213.05,No,0.4506,No
CUST-14839,Female,1,No,Yes,68,Yes,Yes,DSL,No,No,Yes,No,Yes,Yes,One year,No,Bank transfer (automatic),67.47,4475.85,No,0.0747,No
CUST-12476,Female,0,No,No,12,Yes,Yes,DSL,No,No,Yes,Yes,Yes,Yes,Two year,Yes,Bank transfer (automatic),73.5,823.32,No,0.3661,No
CUST-13693,Male,0,No,No,57,Yes,Yes,No,No internet service,No internet service,No internet service,No internet service,No internet service,No internet service,One year,Yes,Bank transfer (automatic),26.57,1584.84,No,0.0952,No
CUST-12600,Female,0,No,No,1,Yes,Yes,Fiber optic,No,No,Yes,No,No,No,One year,Yes,Electronic check,86.41,87.38,Yes,0.9308,Yes
CUST-12208,Male,0,No,No,19,Yes,No,Fiber optic,No,Yes,No,No,Yes,Yes,One year,No,Electronic check,91.89,1728.31,Yes,0.7063,Yes
CUST-12583,Female,0,No,No,67,Yes,Yes,Fiber optic,Yes,Yes,Yes,Yes,No,No,Month-to-month,No,Bank transfer (automatic),96.71,6377.08,No,0.1836,No
CUST-14316,Female,0,No,No,22,Yes,Yes,DSL,No,Yes,No,Yes,No,Yes,One year,Yes,Mailed check,64.86,1472.61,No,0.2547,No
CUST-10383,Male,0,No,No,1,Yes,Yes,DSL,No,Yes,No,No,No,No,Month-to-month,Yes,Credit card (automatic),66.94,69.87,Yes,0.8791,Yes
CUST-10852,Female,0,No,No,16,Yes,No,Fiber optic,Yes,No,No,No,Yes,No,Month-to-month,No,Credit card (automatic),89.12,1472.14,No,0.7999,Yes
CUST-11880,Male,0,Yes,No,3,Yes,Yes,Fiber optic,Yes,No,No,Yes,No,No,Month-to-month,Yes,Mailed check,92.22,269.55,Yes,0.871,Yes
CUST-10370,Male,0,Yes,No,5,Yes,Yes,DSL,No,No,No,No,No,No,Month-to-month,Yes,Mailed check,48.57,230.25,No,0.8336,Yes
CUST-12395,Female,0,No,No,49,Yes,Yes,DSL,No,No,No,No,No,No,Month-to-month,No,Mailed check,60.84,2966.41,Yes,0.3237,No
CUST-14337,Male,0,No,No,53,Yes,No,No,No internet service,No internet service,No internet service,No internet service,No internet service,No internet service,Month-to-month,Yes,Bank transfer (automatic),28.66,1573.11,No,0.3515,No
CUST-11105,Male,0,Yes,No,72,Yes,No,Fiber optic,No,No,Yes,Yes,No,No,Month-to-month,No,Electronic check,86.2,5890.88,No,0.313,No
CUST-12589,Male,0,No,No,20,Yes,No,Fiber optic,No,Yes,No,Yes,Yes,No,Two year,Yes,Bank transfer (automatic),99.52,1942.46,No,0.481,No
CUST-13970,Male,0,Yes,No,57,No,No phone service,DSL,Yes,Yes,No,No,No,Yes,Month-to-month,No,Electronic check,78.1,4265.07,No,0.1605,No
CUST-11336,Female,0,No,No,36,Yes,Yes,Fiber optic,Yes,Yes,Yes,Yes,Yes,No,Month-to-month,Yes,Mailed check,112.53,4244.83,Yes,0.7017,Yes
CUST-12189,Female,0,Yes,No,4,Yes,No,No,No internet service,No internet service,No internet service,No internet service,No internet service,No internet service,Two year,No,Bank transfer (automatic),45.46,178.9,Yes,0.239,No
CUST-14608,Female,0,Yes,No,53,Yes,No,Fiber optic,No,No,Yes,Yes,No,Yes,Month-to-month,Yes,Credit card (automatic),74.23,4048.8,Yes,0.5197,Yes
CUST-14169,Female,1,No,No,21,Yes,Yes,No,No internet service,No internet service,No internet service,No internet service,No internet service,No internet service,Two year,No,Bank transfer (automatic),35.5,703.71,No,0.2499,No
CUST-14571,Male,0,Yes,Yes,25,Yes,No,No,No internet service,No internet service,No internet service,No internet service,No internet service,No internet service,Month-to-month,Yes,Bank transfer (automatic),40.41,1021.72,No,0.5045,Yes
CUST-14695,Female,1,Yes,No,46,Yes,Yes,DSL,No,Yes,No,Yes,Yes,Yes,Two year,Yes,Electronic check,85.37,3692.77,Yes,0.1678,No
CUST-14863,Female,0,No,Yes,37,Yes,No,No,No internet service,No internet service,No internet service,No internet service,No internet service,No internet service,Month-to-month,Yes,Mailed check,39.31,1433.49,Yes,0.4902,No
CUST-11171,Female,0,Yes,No,11,Yes,No,Fiber optic,No,No,Yes,No,Yes,No,Month-to-month,Yes,Mailed check,107.15,1084.75,Yes,0.949,Yes
CUST-13615,Male,0,No,No,12,Yes,Yes,Fiber optic,No,Yes,No,Yes,No,Yes,Month-to-month,Yes,Electronic check,95.53,1162.42,Yes,0.9417,Yes
CUST-14193,Male,0,Yes,Yes,33,Yes,No,DSL,No,No,No,Yes,No,No,One year,No,Electronic check,87.61,2713.6,No,0.0972,No
CUST-11422,Female,0,Yes,No,41,Yes,Yes,Fiber optic,No,No,No,Yes,No,Yes,Two year,Yes,Bank transfer (automatic),90.78,3687.72,No,0.2057,No
CUST-13027,Female,0,No,No,46,Yes,Yes,No,No internet service,No internet service,No internet service,No internet service,No internet service,No internet service,Two year,Yes,Credit card (automatic),18.0,833.23,No,0.1276,No
CUST-12669,Female,0,Yes,No,14,Yes,No,Fiber optic,Yes,Yes,No,Yes,No,No,Month-to-month,Yes,Mailed check,96.57,1246.11,Yes,0.7576,Yes
CUST-14168,Female,0,Yes,No,36,Yes,Yes,Fiber optic,No,No,No,No,No,Yes,One year,Yes,Mailed check,93.16,3290.08,No,0.461,No
CUST-11464,Female,0,Yes,No,2,Yes,Yes,Fiber optic,No,No,No,No,Yes,Yes,Month-to-month,Yes,Mailed check,96.29,178.98,Yes,0.9561,Yes
CUST-10874,Female,0,No,No,28,Yes,Yes,Fiber optic,Yes,Yes,No,No,Yes,No,Month-to-month,Yes,Credit card (automatic),91.03,2636.24,Yes,0.8078,Yes
CUST-12341,Male,0,Yes,No,68,No,No phone service,Fiber optic,No,Yes,No,Yes,No,Yes,Two year,No,Mailed check,105.71,7328.85,No,0.0338,No
CUST-14354,Male,0,Yes,No,32,No,No phone service,DSL,Yes,No,No,Yes,Yes,Yes,Month-to-month,Yes,Mailed check,77.34,2373.73,Yes,0.3013,No
CUST-11251,Male,0,Yes,No,37,Yes,Yes,Fiber optic,Yes,No,Yes,Yes,Yes,No,Month-to-month,No,Mailed check,88.05,3124.89,No,0.5195,Yes
CUST-14538,Female,1,No,Yes,16,Yes,No,Fiber optic,No,Yes,No,Yes,No,Yes,One year,Yes,Mailed check,102.38,1663.9,Yes,0.6852,Yes
CUST-10840,Male,0,Yes,Yes,4,Yes,Yes,Fiber optic,No,No,No,No,No,No,Month-to-month,Yes,Electronic check,91.67,376.22,Yes,0.962,Yes
CUST-14037,Female,0,Yes,No,71,Yes,No,Fiber optic,Yes,No,Yes,No,No,Yes,Two year,No,Credit card (automatic),84.2,5707.2,No,0.0482,No
CUST-10581,Female,0,No,No,63,Yes,No,Fiber optic,Yes,Yes,Yes,No,No,No,Month-to-month,Yes,Credit card (automatic),87.93,5367.35,No,0.4723,No
CUST-10204,Male,0,Yes,No,23,Yes,Yes,DSL,No,No,No,No,Yes,No,Two year,Yes,Mailed check,62.8,1371.61,No,0.2778,No
CUST-11641,Male,0,No,Yes,64,Yes,No,No,No internet service,No internet service,No internet service,No internet service,No internet service,No internet service,Month-to-month,Yes,Bank transfer (automatic),28.11,1702.61,No,0.2254,No
CUST-12014,Female,0,Yes,No,20,Yes,No,DSL,No,Yes,No,No,No,No,Month-to-month,No,Bank transfer (automatic),54.65,1027.21,No,0.5245,Yes
CUST-10905,Female,0,No,No,6,Yes,Yes,DSL,No,No,Yes,No,Yes,No,Month-to-month,No,Bank transfer (automatic),61.52,363.65,No,0.8205,Yes
CUST-10631,Male,1,No,No,42,Yes,Yes,DSL,No,Yes,Yes,No,Yes,Yes,Month-to-month,No,Electronic check,70.83,2774.68,Yes,0.7494,Yes
CUST-13114,Male,0,No,No,6,Yes,No,DSL,No,No,No,Yes,No,No,Month-to-month,No,Bank transfer (automatic),47.25,264.93,No,0.6315,Yes
CUST-11974,Female,0,Yes,No,47,Yes,No,Fiber optic,Yes,No,Yes,No,Yes,No,Month-to-month,Yes,Credit card (automatic),114.47,5026.6,No,0.5911,Yes
CUST-10162,Male,0,No,No,0,Yes,No,No,No internet service,No internet service,No internet service,No internet service,No internet service,No internet service,Month-to-month,Yes,Credit card (automatic),26.43,0.0,No,0.8265,Yes
CUST-13193,Male,1,Yes,No,34,Yes,No,DSL,No,No,Yes,Yes,No,No,Month-to-month,Yes,Electronic check,67.6,2382.68,Yes,0.7334,Yes
CUST-13849,Male,0,No,No,35,Yes,Yes,DSL,No,No,No,No,No,Yes,Month-to-month,Yes,Electronic check,59.27,2026.29,No,0.7346,Yes
CUST-14509,Female,0,Yes,Yes,30,Yes,Yes,No,No internet service,No internet service,No internet service,No internet service,No internet service,No internet service,Month-to-month,Yes,Credit card (automatic),30.77,906.71,No,0.4518,No
CUST-10617,Male,0,Yes,No,15,No,No phone service,Fiber optic,No,No,No,No,Yes,Yes,Two year,Yes,Credit card (automatic),88.42,1364.26,Yes,0.5965,Yes
CUST-14092,Male,0,No,Yes,33,Yes,No,DSL,No,No,No,Yes,No,Yes,Month-to-month,Yes,Mailed check,61.92,1907.59,No,0.4529,No
CUST-11431,Male,0,Yes,No,63,Yes,Yes,No,No internet service,No internet service,No internet service,No internet service,No internet service,No internet service,Month-to-month,Yes,Mailed check,41.73,2656.1,No,0.2312,No
CUST-10547,Female,0,No,No,16,Yes,Yes,DSL,No,No,No,No,Yes,Yes,Month-to-month,Yes,Mailed check,80.12,1224.08,Yes,0.7873,Yes
CUST-13355,Male,0,Yes,No,10,Yes,No,Fiber optic,Yes,No,No,No,No,Yes,One year,Yes,Bank transfer (automatic),102.32,975.45,No,0.6216,Yes
CUST-14560,Male,0,Yes,No,28,Yes,Yes,Fiber optic,No,No,No,No,No,No,Month-to-month,Yes,Mailed check,78.7,2195.41,Yes,0.8597,Yes
CUST-14236,Female,0,No,No,16,Yes,No,Fiber optic,Yes,No,Yes,No,No,Yes,Month-to-month,Yes,Bank transfer (automatic),102.61,1618.07,Yes,0.8947,Yes
CUST-12404,Male,0,No,No,65,Yes,No,Fiber optic,Yes,Yes,No,Yes,Yes,No,Month-to-month,Yes,Mailed check,100.23,6464.53,No,0.2818,No
CUST-12683,Female,0,Yes,No,30,Yes,No,No,No internet service,No internet service,No internet service,No internet service,No internet service,No internet service,Two year,Yes,Electronic check,35.65,1029.6,No,0.2427,No
CUST-13836,Male,0,Yes,Yes,57,Yes,No,DSL,Yes,No,No,Yes,No,No,Month-to-month,No,Credit card (automatic),77.07,4459.18,No,0.0493,No
CUST-14089,Female,0,Yes,No,12,Yes,No,DSL,No,Yes,No,Yes,No,No,Two year,Yes,Credit card (automatic),67.35,828.85,No,0.2346,No
CUST-11861,Male,0,Yes,Yes,46,Yes,Yes,Fiber optic,Yes,Yes,No,No,Yes,No,Month-to-month,Yes,Credit card (automatic),84.48,3808.22,Yes,0.5363,Yes
CUST-10640,Female,0,Yes,No,44,Yes,No,DSL,No,Yes,No,No,No,No,Two year,No,Bank transfer (automatic),72.02,3326.67,No,0.0688,No
CUST-13007,Male,0,Yes,No,20,Yes,Yes,DSL,No,Yes,Yes,No,No,No,One year,Yes,Bank transfer (automatic),72.55,1498.55,Yes,0.3757,No
CUST-10637,Male,0,Yes,Yes,32,Yes,No,DSL,No,No,No,Yes,Yes,No,Two year,Yes,Mailed check,74.82,2319.63,No,0.1043,No
CUST-13539,Female,0,No,Yes,2,Yes,No,DSL,No,Yes,No,No,No,Yes,Month-to-month,No,Bank transfer (automatic),85.42,159.19,No,0.7482,Yes
CUST-13934,Male,0,No,Yes,36,Yes,Yes,Fiber optic,No,No,No,No,Yes,Yes,Month-to-month,Yes,Mailed check,87.44,3000.8,No,0.8258,Yes
CUST-13006,Female,0,No,No,61,Yes,Yes,DSL,Yes,Yes,No,No,No,Yes,Two year,Yes,Electronic check,69.4,4177.62,No,0.0715,No
CUST-12096,Female,0,Yes,Yes,47,Yes,No,No,No internet service,No internet service,No internet service,No internet service,No internet service,No internet service,Month-to-month,No,Mailed check,42.17,2018.99,No,0.2222,No
CUST-12567,Female,0,No,No,4,Yes,No,No,No internet service,No internet service,No internet service,No internet service,No internet service,No internet service,Month-to-month,Yes,Bank transfer (automatic),36.57,146.11,Yes,0.8007,Yes
CUST-13096,Male,1,Yes,Yes,16,Yes,Yes,Fiber optic,No,No,Yes,Yes,Yes,No,Month-to-month,Yes,Electronic check,106.66,1673.33,Yes,0.9429,Yes
CUST-13698,Male,0,Yes,Yes,53,Yes,No,Fiber optic,No,No,No,Yes,No,No,Month-to-month,No,Electronic check,72.03,3992.53,No,0.4135,No
CUST-14578,Male,0,Yes,No,42,Yes,No,Fiber optic,No,Yes,Yes,No,No,Yes,One year,Yes,Mailed check,106.99,4503.75,No,0.4639,No
CUST-10921,Female,0,No,No,36,Yes,Yes,DSL,No,Yes,Yes,No,No,Yes,One year,No,Electronic check,82.88,2983.36,No,0.2899,No
CUST-10546,Male,0,No,No,58,Yes,Yes,No,No internet service,No internet service,No internet service,No internet service,No internet service,No internet service,One year,Yes,Electronic check,40.59,2398.14,No,0.1404,No
CUST-13690,Male,0,Yes,Yes,20,Yes,No,Fiber optic,Yes,Yes,No,Yes,No,No,Month-to-month,No,Credit card (automatic),90.43,1836.14,No,0.514,Yes
CUST-11900,Female,0,No,Yes,14,Yes,Yes,DSL,Yes,No,No,Yes,Yes,No,One year,No,Mailed check,80.29,1111.01,No,0.1189,No
CUST-12028,Female,0,No,Yes,41,Yes,No,No,No internet service,No internet service,No internet service,No internet service,No internet service,No internet service,Two year,Yes,Credit card (automatic),25.16,1015.91,No,0.1168,No
CUST-12301,Male,0,No,No,48,Yes,Yes,DSL,Yes,No,Yes,Yes,Yes,No,Month-to-month,No,Electronic check,70.33,3164.88,Yes,0.2908,No
CUST-11885,Male,1,No,No,7,Yes,Yes,No,No internet service,No internet service,No internet service,No internet service,No internet service,No internet service,Two year,No,Mailed check,30.03,203.58,No,0.451,No
CUST-11642,Male,0,Yes,No,49,Yes,Yes,Fiber optic,No,No,Yes,No,Yes,No,Month-to-month,Yes,Credit card (automatic),99.49,5108.98,Yes,0.6945,Yes
CUST-14559,Female,0,No,No,12,Yes,No,Fiber optic,No,Yes,No,No,Yes,Yes,Month-to-month,Yes,Electronic check,110.8,1385.09,Yes,0.9685,Yes
CUST-14824,Male,0,Yes,Yes,48,No,No phone service,DSL,No,No,Yes,No,No,No,Month-to-month,Yes,Bank transfer (automatic),60.0,2680.51,No,0.3805,No
CUST-12097,Female,0,Yes,Yes,23,No,No phone service,No,No internet service,No internet service,No internet service,No internet service,No internet service,No internet service,Month-to-month,Yes,Bank transfer (automatic),39.42,880.19,No,0.4615,No
CUST-14371,Male,0,No,No,4,Yes,No,Fiber optic,Yes,No,No,No,Yes,No,One year,Yes,Electronic check,89.95,350.98,No,0.8474,Yes
CUST-13585,Male,0,No,No,43,Yes,No,Fiber optic,Yes,No,No,No,No,No,Two year,Yes,Electronic check,77.67,3105.57,No,0.3973,No
CUST-14508,Male,0,No,No,69,Yes,No,DSL,No,Yes,No,No,Yes,No,Month-to-month,No,Bank transfer (automatic),57.71,3798.6,No,0.1703,No
CUST-14982,Male,0,Yes,Yes,32,Yes,Yes,No,No internet service,No internet service,No internet service,No internet service,No internet service,No internet service,Month-to-month,Yes,Bank transfer (automatic),30.45,962.62,Yes,0.4479,No
CUST-10836,Female,0,No,Yes,6,Yes,Yes,Fiber optic,No,No,Yes,No,Yes,Yes,Month-to-month,Yes,Electronic check,107.92,604.9,Yes,0.9757,Yes
CUST-10601,Female,0,Yes,Yes,42,No,No phone service,Fiber optic,No,Yes,Yes,No,Yes,Yes,Month-to-month,Yes,Mailed check,96.73,3854.19,No,0.7445,Yes
CUST-12184,Female,1,Yes,No,68,No,No phone service,Fiber optic,No,No,Yes,Yes,Yes,Yes,Two year,Yes,Electronic check,101.23,7045.14,No,0.1892,No
CUST-13889,Female,0,Yes,No,9,Yes,No,Fiber optic,Yes,Yes,Yes,Yes,Yes,Yes,One year,No,Electronic check,116.9,970.0,No,0.5728,Yes
CUST-12498,Male,0,Yes,No,19,Yes,No,No,No internet service,No internet service,No internet service,No internet service,No internet service,No internet service,Month-to-month,No,Mailed check,35.56,655.0,No,0.5096,Yes
CUST-14321,Male,1,Yes,No,32,Yes,Yes,DSL,No,Yes,Yes,Yes,Yes,Yes,Two year,No,Credit card (automatic),80.98,2592.39,No,0.1538,No
CUST-11582,Female,0,Yes,No,7,No,No phone service,DSL,Yes,Yes,Yes,Yes,Yes,No,Month-to-month,Yes,Bank transfer (automatic),94.37,624.9,No,0.6099,Yes
CUST-14280,Male,0,Yes,No,21,Yes,No,No,No internet service,No internet service,No internet service,No internet service,No internet service,No internet service,Month-to-month,No,Credit card (automatic),32.98,673.91,No,0.4498,No
CUST-14259,Male,0,No,No,57,Yes,Yes,No,No internet service,No internet service,No internet service,No internet service,No internet service,No internet service,Two year,Yes,Electronic check,44.68,2480.94,No,0.1176,No
CUST-14894,Male,1,Yes,No,52,Yes,No,No,No internet service,No internet service,No internet service,No internet service,No internet service,No internet service,Two year,Yes,Electronic check,21.28,1095.87,No,0.2008,No
CUST-11070,Female,0,No,No,60,Yes,Yes,Fiber optic,No,Yes,Yes,No,No,Yes,Month-to-month,No,Mailed check,97.44,5936.69,Yes,0.5347,Yes
CUST-11775,Male,0,Yes,No,22,Yes,No,Fiber optic,No,No,No,No,No,No,One year,Yes,Mailed check,85.62,1805.6,Yes,0.6115,Yes
CUST-14823,Female,1,Yes,Yes,31,Yes,Yes,DSL,No,No,Yes,No,Yes,No,Month-to-month,Yes,Bank transfer (automatic),60.34,1740.83,No,0.723,Yes
CUST-11283,Female,0,Yes,Yes,36,Yes,No,Fiber optic,No,Yes,No,No,Yes,Yes,Two year,No,Electronic check,88.9,3106.5,Yes,0.3498,No
CUST-13941,Male,1,Yes,No,28,Yes,No,No,No internet service,No internet service,No internet service,No internet service,No internet service,No internet service,Month-to-month,Yes,Mailed check,27.58,787.93,Yes,0.7126,Yes
CUST-14768,Male,1,Yes,No,13,Yes,No,DSL,No,No,Yes,No,Yes,No,Month-to-month,No,Electronic check,68.8,918.66,Yes,0.8804,Yes
CUST-11836,Female,0,Yes,No,26,Yes,No,DSL,No,No,Yes,No,Yes,No,Two year,Yes,Electronic check,68.14,1670.55,No,0.4084,No
CUST-14256,Male,0,No,Yes,21,Yes,Yes,DSL,Yes,No,Yes,Yes,Yes,Yes,One year,Yes,Bank transfer (automatic),68.76,1394.64,No,0.1734,No
CUST-11019,Male,0,Yes,No,8,Yes,Yes,DSL,No,No,Yes,No,Yes,Yes,Month-to-month,No,Bank transfer (automatic),72.88,565.19,Yes,0.7701,Yes
CUST-13226,Female,0,No,No,40,Yes,No,DSL,No,No,No,Yes,No,No,One year,Yes,Credit card (automatic),62.01,2365.68,No,0.1186,No
CUST-11326,Female,0,No,No,46,Yes,No,Fiber optic,No,No,No,Yes,No,Yes,Month-to-month,No,Bank transfer (automatic),84.32,3912.56,No,0.483,No
CUST-10475,Female,0,No,Yes,49,Yes,Yes,Fiber optic,No,No,No,No,No,No,Month-to-month,Yes,Credit card (automatic),75.96,3504.22,Yes,0.6412,Yes
CUST-13469,Female,0,Yes,No,69,Yes,No,Fiber optic,No,Yes,No,Yes,Yes,No,Month-to-month,Yes,Electronic check,97.27,6221.84,No,0.3794,No
CUST-11651,Male,0,Yes,No,47,Yes,Yes,Fiber optic,Yes,No,No,No,Yes,No,Two year,Yes,Credit card (automatic),92.16,4485.76,No,0.1905,No
CUST-14022,Female,0,No,No,62,Yes,Yes,No,No internet service,No internet service,No internet service,No internet service,No internet service,No internet service,One year,No,Credit card (automatic),38.34,2337.55,No,0.0422,No
CUST-14299,Male,0,Yes,No,0,Yes,No,Fiber optic,No,No,No,No,No,No,Month-to-month,Yes,Mailed check,68.03,0.0,Yes,0.9585,Yes
CUST-12628,Female,1,Yes,Yes,47,Yes,Yes,Fiber optic,Yes,Yes,Yes,No,Yes,Yes,Two year,No,Credit card (automatic),108.76,5170.5,No,0.1925,No
CUST-12780,Male,1,No,No,38,Yes,No,Fiber optic,No,Yes,Yes,No,No,No,One year,Yes,Electronic check,84.57,3325.79,Yes,0.8077,Yes
CUST-13001,Female,0,Yes,No,0,Yes,No,DSL,No,No,No,No,No,Yes,Month-to-month,Yes,Mailed check,56.47,0.0,No,0.8594,Yes
CUST-11373,Male,0,No,No,26,Yes,No,Fiber optic,Yes,No,No,Yes,No,Yes,Month-to-month,No,Credit card (automatic),95.21,2324.11,No,0.5731,Yes
CUST-10739,Female,0,Yes,Yes,56,Yes,No,Fiber optic,Yes,Yes,No,No,No,Yes,Two year,Yes,Mailed check,94.09,5371.03,Yes,0.1008,No
CUST-13752,Female,0,Yes,No,4,No,No phone service,DSL,Yes,Yes,Yes,No,Yes,Yes,One year,Yes,Mailed check,74.1,273.48,No,0.4556,No
CUST-12457,Female,0,Yes,No,35,Yes,Yes,Fiber optic,Yes,No,No,No,No,Yes,One year,No,Mailed check,97.13,3395.93,Yes,0.2374,No
CUST-10867,Female,0,No,No,70,Yes,No,No,No internet service,No internet service,No internet service,No internet service,No internet service,No internet service,One year,Yes,Credit card (automatic),32.33,2238.82,No,0.055,No
CUST-11140,Female,0,Yes,Yes,65,Yes,No,Fiber optic,No,No,Yes,No,No,Yes,Two year,Yes,Bank transfer (automatic),93.01,5936.44,No,0.1239,No
CUST-10997,Male,0,No,No,62,Yes,No,Fiber optic,No,No,Yes,Yes,No,No,Month-to-month,No,Electronic check,97.12,6013.16,No,0.466,No
CUST-11337,Male,0,No,No,59,Yes,No,DSL,Yes,Yes,No,No,No,No,One year,No,Mailed check,58.75,3473.72,No,0.042,No
CUST-10541,Male,1,Yes,No,66,Yes,No,No,No internet service,No internet service,No internet service,No internet service,No internet service,No internet service,One year,No,Mailed check,45.47,2869.89,No,0.0554,No
CUST-11099,Male,0,Yes,No,37,Yes,No,Fiber optic,No,No,No,No,Yes,Yes,Month-to-month,No,Bank transfer (automatic),80.21,2972.68,No,0.6879,Yes
CUST-11132,Female,0,Yes,No,18,Yes,Yes,DSL,No,No,No,No,No,Yes,Month-to-month,No,Mailed check,49.58,833.06,No,0.5905,Yes
CUST-14088,Female,1,Yes,No,9,Yes,Yes,Fiber optic,No,No,Yes,Yes,Yes,No,Two year,No,Credit card (automatic),101.67,904.91,No,0.6547,Yes
CUST-12860,Male,0,No,No,15,No,No phone service,DSL,No,No,No,Yes,Yes,No,Month-to-month,No,Electronic check,65.67,955.9,Yes,0.6308,Yes
CUST-12258,Male,0,Yes,Yes,41,Yes,No,No,No internet service,No internet service,No internet service,No internet service,No internet service,No internet service,Month-to-month,Yes,Electronic check,28.97,1136.65,No,0.5093,Yes
CUST-14011,Female,0,No,Yes,38,Yes,Yes,DSL,Yes,No,Yes,Yes,No,No,Month-to-month,Yes,Electronic check,67.21,2575.11,No,0.441,No
CUST-10059,Female,0,No,Yes,26,No,No phone service,DSL,No,Yes,No,No,No,No,Month-to-month,No,Mailed check,60.63,1538.92,No,0.5,No
CUST-14956,Male,0,Yes,No,70,Yes,Yes,Fiber optic,No,No,Yes,No,No,Yes,Two year,Yes,Credit card (automatic),74.15,5340.26,No,0.1498,No
CUST-11938,Female,0,No,No,35,Yes,Yes,No,No internet service,No internet service,No internet service,No internet service,No internet service,No internet service,Month-to-month,Yes,Credit card (automatic),44.59,1547.47,No,0.5208,Yes
CUST-12594,Male,1,No,No,59,Yes,Yes,Fiber optic,No,No,No,No,Yes,No,Month-to-month,No,Mailed check,75.79,4162.83,Yes,0.6699,Yes
CUST-14951,Male,0,No,Yes,26,Yes,No,Fiber optic,No,Yes,No,Yes,Yes,No,Two year,Yes,Mailed check,91.55,2322.73,Yes,0.4142,No
CUST-11078,Male,0,No,No,47,Yes,Yes,Fiber optic,Yes,No,Yes,Yes,No,No,Month-to-month,Yes,Bank transfer (automatic),96.54,4309.66,Yes,0.5401,Yes
CUST-13129,Female,0,No,No,27,Yes,No,Fiber optic,No,No,Yes,Yes,No,Yes,Month-to-month,Yes,Electronic check,110.51,3017.65,Yes,0.8963,Yes
CUST-13148,Female,0,Yes,No,56,Yes,No,No,No internet service,No internet service,No internet service,No internet service,No internet service,No internet service,Two year,Yes,Bank transfer (automatic),43.13,2417.19,No,0.0525,No
CUST-12505,Male,0,Yes,Yes,67,Yes,Yes,Fiber optic,No,No,Yes,No,No,No,Two year,Yes,Electronic check,79.08,5079.55,No,0.2142,No
CUST-10940,Female,0,No,No,15,Yes,Yes,Fiber optic,No,Yes,Yes,No,Yes,Yes,Month-to-month,No,Mailed check,102.04,1607.03,Yes,0.9227,Yes
CUST-11080,Female,0,No,No,68,Yes,No,No,No internet service,No internet service,No internet service,No internet service,No internet service,No internet service,Month-to-month,Yes,Electronic check,29.51,2101.57,Yes,0.3475,No
CUST-10187,Male,0,No,Yes,40,Yes,Yes,Fiber optic,No,No,No,Yes,Yes,No,Month-to-month,Yes,Credit card (automatic),82.23,3336.41,Yes,0.6514,Yes
CUST-12978,Male,0,Yes,Yes,64,Yes,Yes,No,No internet service,No internet service,No internet service,No internet service,No internet service,No internet service,One year,Yes,Electronic check,18.0,1172.8,No,0.0862,No
CUST-12085,Female,0,No,No,54,Yes,No,Fiber optic,No,No,Yes,No,No,Yes,Month-to-month,Yes,Mailed check,100.15,5069.46,Yes,0.7113,Yes
CUST-12249,Male,0,Yes,No,28,Yes,No,No,No internet service,No internet service,No internet service,No internet service,No internet service,No internet service,Month-to-month,No,Credit card (automatic),29.51,798.55,Yes,0.4026,No
CUST-14905,Female,0,No,No,35,Yes,Yes,No,No internet service,No internet service,No internet service,No internet service,No internet service,No internet service,Month-to-month,No,Mailed check,43.48,1427.96,No,0.4286,No
CUST-12023,Female,1,No,No,37,No,No phone service,DSL,No,No,No,No,No,Yes,Month-to-month,Yes,Electronic check,65.62,2507.0,Yes,0.7881,Yes
CUST-12700,Female,0,No,Yes,8,Yes,Yes,No,No internet service,No internet service,No internet service,No internet service,No internet service,No internet service,Month-to-month,No,Bank transfer (automatic),40.05,328.46,Yes,0.6238,Yes
CUST-14072,Female,0,Yes,No,25,Yes,Yes,Fiber optic,No,No,No,Yes,Yes,No,Month-to-month,Yes,Electronic check,95.4,2323.72,Yes,0.8498,Yes
CUST-13630,Male,0,Yes,Yes,26,Yes,Yes,DSL,Yes,No,No,No,No,No,Two year,Yes,Mailed check,70.18,1813.12,No,0.1379,No
CUST-10226,Female,0,Yes,No,27,Yes,No,No,No internet service,No internet service,No internet service,No internet service,No internet service,No internet service,Two year,Yes,Electronic check,38.63,965.24,No,0.2604,No
CUST-14149,Male,0,No,No,63,Yes,No,Fiber optic,No,No,Yes,No,Yes,No,One year,No,Bank transfer (automatic),81.03,5318.09,No,0.186,No
CUST-11929,Female,0,No,No,57,Yes,No,DSL,Yes,Yes,Yes,Yes,Yes,No,Two year,Yes,Credit card (automatic),74.76,4423.47,No,0.0362,No
CUST-13076,Male,1,No,No,24,Yes,Yes,Fiber optic,Yes,Yes,Yes,Yes,Yes,No,One year,No,Electronic check,110.23,2595.19,No,0.5886,Yes
CUST-14503,Female,0,No,No,53,No,No phone service,No,No internet service,No internet service,No internet service,No internet service,No internet service,No internet service,One year,Yes,Mailed check,31.07,1628.11,No,0.102,No
CUST-11404,Male,0,No,Yes,60,Yes,No,Fiber optic,Yes,No,Yes,No,Yes,Yes,Month-to-month,Yes,Electronic check,107.95,6799.83,No,0.5908,Yes
CUST-12179,Male,1,Yes,No,0,Yes,No,Fiber optic,No,No,Yes,Yes,No,No,Month-to-month,Yes,Mailed check,80.26,0.0,No,0.9691,Yes
CUST-10697,Female,0,Yes,No,6,Yes,Yes,No,No internet service,No internet service,No internet service,No internet service,No internet service,No internet service,Month-to-month,Yes,Electronic check,31.93,193.48,Yes,0.8353,Yes
CUST-11124,Female,0,Yes,Yes,63,No,No phone service,Fiber optic,Yes,Yes,Yes,No,Yes,Yes,Month-to-month,Yes,Bank transfer (automatic),109.74,6376.16,No,0.2997,No
CUST-14836,Male,0,Yes,No,47,Yes,Yes,Fiber optic,No,No,Yes,No,No,No,Month-to-month,No,Mailed check,88.33,4339.63,No,0.6679,Yes
CUST-12939,Male,0,Yes,No,12,Yes,No,No,No internet service,No internet service,No internet service,No internet service,No internet service,No internet service,Month-to-month,No,Mailed check,32.38,404.04,Yes,0.6199,Yes
CUST-11778,Male,0,Yes,No,38,Yes,Yes,Fiber optic,No,Yes,No,No,Yes,No,Month-to-month,Yes,Bank transfer (automatic),74.26,2663.38,No,0.784,Yes
CUST-14332,Female,0,No,Yes,35,No,No phone service,Fiber optic,No,No,No,No,Yes,Yes,Two year,No,Electronic check,79.28,2683.03,No,0.4019,No
CUST-11037,Male,0,No,No,47,Yes,Yes,No,No internet service,No internet service,No internet service,No internet service,No internet service,No internet service,Month-to-month,Yes,Credit card (automatic),40.55,1958.36,No,0.4235,No
CUST-14348,Female,0,Yes,Yes,62,Yes,Yes,No,No internet service,No internet service,No internet service,No internet service,No internet service,No internet service,Two year,No,Mailed check,29.42,1833.72,No,0.0267,No
CUST-12256,Female,0,No,Yes,22,Yes,No,DSL,Yes,Yes,No,Yes,No,Yes,Month-to-month,Yes,Bank transfer (automatic),86.78,1995.26,Yes,0.3794,No
CUST-10313,Male,0,Yes,Yes,43,Yes,Yes,Fiber optic,Yes,No,No,No,No,Yes,Month-to-month,Yes,Mailed check,93.32,4016.84,Yes,0.587,Yes
CUST-12281,Male,1,No,No,13,No,No phone service,Fiber optic,No,No,No,No,No,No,Month-to-month,Yes,Bank transfer (automatic),75.89,1003.86,Yes,0.9525,Yes
CUST-11416,Female,0,No,Yes,35,Yes,Yes,DSL,No,Yes,Yes,No,No,No,Two year,Yes,Mailed check,55.12,1791.73,No,0.2489,No
CUST-11036,Female,0,Yes,No,29,Yes,No,DSL,No,Yes,No,Yes,No,Yes,Two year,Yes,Credit card (automatic),51.11,1473.17,No,0.1225,No
CUST-12159,Male,0,Yes,Yes,24,Yes,Yes,No,No internet service,No internet service,No internet service,No internet service,No internet service,No internet service,One year,Yes,Mailed check,21.67,512.97,No,0.2118,No
CUST-14176,Male,0,Yes,No,65,Yes,No,DSL,Yes,No,No,No,Yes,No,Two year,Yes,Electronic check,70.66,4574.59,No,0.0492,No
CUST-11754,Female,1,No,No,51,Yes,No,DSL,Yes,Yes,No,Yes,No,Yes,One year,Yes,Credit card (automatic),76.85,4105.57,No,0.0697,No
CUST-13133,Male,0,No,No,40,Yes,Yes,Fiber optic,No,No,Yes,No,Yes,No,Month-to-month,Yes,Mailed check,98.81,3663.9,Yes,0.8605,Yes
CUST-14232,Female,1,No,No,45,Yes,Yes,DSL,Yes,No,No,No,Yes,No,Two year,No,Credit card (automatic),80.12,3426.8,No,0.0908,No
CUST-13706,Male,0,No,No,36,Yes,Yes,DSL,No,No,No,No,Yes,No,Two year,Yes,Mailed check,46.57,1573.79,No,0.2531,No
CUST-14160,Male,0,No,Yes,3,Yes,Yes,DSL,Yes,No,No,No,No,Yes,Month-to-month,Yes,Mailed check,55.24,167.03,No,0.7851,Yes
CUST-13366,Female,0,Yes,No,27,No,No phone service,DSL,No,No,Yes,Yes,No,No,Month-to-month,No,Mailed check,58.53,1534.09,Yes,0.3985,No
CUST-13954,Female,0,No,Yes,19,Yes,Yes,Fiber optic,No,No,Yes,Yes,Yes,Yes,Month-to-month,No,Electronic check,101.98,1855.7,Yes,0.857,Yes
CUST-11506,Female,0,Yes,No,50,Yes,Yes,No,No internet service,No internet service,No internet service,No internet service,No internet service,No internet service,Month-to-month,No,Mailed check,46.15,2284.35,No,0.2123,No
CUST-11923,Male,0,Yes,No,28,No,No phone service,No,No internet service,No internet service,No internet service,No internet service,No internet service,No internet service,One year,No,Credit card (automatic),32.96,892.49,No,0.1127,No
CUST-10448,Female,1,Yes,Yes,7,Yes,Yes,Fiber optic,No,Yes,Yes,No,Yes,Yes,Month-to-month,Yes,Mailed check,81.0,581.49,Yes,0.9734,Yes
CUST-12460,Male,0,Yes,Yes,3,Yes,No,DSL,Yes,No,Yes,No,Yes,Yes,One year,Yes,Mailed check,90.57,275.17,Yes,0.4761,No
CUST-14355,Female,0,Yes,No,42,Yes,Yes,DSL,No,No,Yes,Yes,No,No,One year,Yes,Credit card (automatic),76.93,2975.01,No,0.1048,No
CUST-14984,Male,0,No,No,69,No,No phone service,Fiber optic,Yes,No,No,Yes,No,No,Month-to-month,Yes,Bank transfer (automatic),90.53,6280.83,No,0.1953,No
CUST-13676,Male,0,Yes,No,9,Yes,Yes,Fiber optic,Yes,Yes,No,No,No,No,Month-to-month,Yes,Credit card (automatic),97.71,823.32,Yes,0.8855,Yes
CUST-10361,Female,0,Yes,No,67,Yes,Yes,DSL,No,No,Yes,No,Yes,Yes,Month-to-month,Yes,Bank transfer (automatic),72.81,4815.09,No,0.2474,No
CUST-12183,Female,0,Yes,No,22,Yes,No,DSL,No,No,Yes,No,No,No,Month-to-month,No,Electronic check,54.97,1234.42,Yes,0.7168,Yes
CUST-11134,Female,0,Yes,No,65,Yes,Yes,Fiber optic,No,No,Yes,No,No,No,One year,No,Mailed check,73.22,4590.97,No,0.1507,No
CUST-13904,Female,0,No,No,44,No,No phone service,No,No internet service,No internet service,No internet service,No internet service,No internet service,No internet service,One year,Yes,Electronic check,37.28,1711.63,No,0.2145,No
CUST-12155,Male,1,No,Yes,6,Yes,Yes,Fiber optic,Yes,Yes,No,Yes,No,Yes,Month-to-month,Yes,Credit card (automatic),97.02,609.47,No,0.9129,Yes
CUST-11830,Male,0,No,Yes,14,Yes,Yes,Fiber optic,No,No,Yes,No,No,Yes,Two year,Yes,Mailed check,77.84,1099.39,Yes,0.7401,Yes
CUST-11053,Female,0,No,No,43,Yes,No,Fiber optic,Yes,No,Yes,No,No,No,Month-to-month,No,Bank transfer (automatic),94.71,3862.23,Yes,0.5915,Yes
CUST-10022,Male,0,Yes,No,31,Yes,Yes,DSL,No,Yes,No,No,No,Yes,Two year,No,Electronic check,60.73,1832.44,No,0.2035,No
CUST-12066,Female,0,Yes,No,39,Yes,Yes,Fiber optic,No,No,Yes,No,Yes,Yes,One year,Yes,Credit card (automatic),106.31,4053.87,No,0.4618,No
CUST-11653,Female,0,No,Yes,29,Yes,Yes,DSL,Yes,No,Yes,No,Yes,No,One year,No,Bank transfer (automatic),70.04,1956.88,No,0.1365,No
CUST-12605,Female,0,Yes,No,10,Yes,Yes,DSL,Yes,Yes,Yes,No,No,Yes,Month-to-month,Yes,Electronic check,85.26,838.83,No,0.8362,Yes
CUST-13231,Male,1,Yes,No,5,Yes,Yes,Fiber optic,No,Yes,No,No,Yes,Yes,Two year,No,Electronic check,94.16,484.96,No,0.8623,Yes
CUST-14616,Male,0,Yes,No,45,Yes,No,Fiber optic,No,No,Yes,No,No,No,One year,No,Bank transfer (automatic),76.73,3347.13,No,0.297,No
CUST-14060,Male,0,No,No,31,Yes,No,Fiber optic,Yes,No,No,No,Yes,Yes,Month-to-month,Yes,Mailed check,104.12,3032.96,Yes,0.8041,Yes
CUST-12325,Female,0,Yes,No,39,No,No phone service,DSL,No,No,No,No,Yes,Yes,Month-to-month,No,Electronic check,55.96,2117.13,Yes,0.48,No
CUST-10460,Female,0,Yes,Yes,33,Yes,Yes,DSL,Yes,Yes,No,Yes,Yes,Yes,Two year,Yes,Credit card (automatic),82.95,2639.09,No,0.0514,No
CUST-11067,Female,0,Yes,Yes,66,Yes,No,No,No internet service,No internet service,No internet service,No internet service,No internet service,No internet service,Two year,Yes,Credit card (automatic),40.61,2812.16,No,0.0296,No
CUST-10087,Male,0,No,No,25,Yes,Yes,Fiber optic,Yes,No,No,Yes,No,No,Month-to-month,Yes,Credit card (automatic),85.31,2032.01,No,0.7112,Yes
CUST-11430,Male,0,No,No,9,Yes,No,DSL,No,No,No,No,Yes,Yes,One year,Yes,Electronic check,53.91,495.86,No,0.6805,Yes
CUST-13336,Female,1,Yes,Yes,12,Yes,Yes,Fiber optic,No,Yes,No,Yes,Yes,No,Month-to-month,Yes,Credit card (automatic),101.8,1243.37,Yes,0.9061,Yes
CUST-10282,Female,0,No,No,20,Yes,Yes,DSL,No,No,No,No,Yes,Yes,Two year,Yes,Mailed check,57.96,1077.65,No,0.3613,No
CUST-10462,Female,0,No,No,28,Yes,Yes,DSL,No,Yes,Yes,Yes,Yes,No,One year,Yes,Electronic check,72.85,1989.49,Yes,0.368,No
CUST-10212,Female,0,Yes,No,4,Yes,Yes,No,No internet service,No internet service,No internet service,No internet service,No internet service,No internet service,One year,Yes,Electronic check,43.05,180.48,No,0.5514,Yes
CUST-13968,Female,1,No,No,42,Yes,Yes,Fiber optic,Yes,Yes,No,Yes,Yes,No,Month-to-month,Yes,Electronic check,106.63,4286.45,Yes,0.7754,Yes
CUST-11368,Female,0,Yes,Yes,3,Yes,Yes,DSL,No,No,No,No,No,Yes,One year,Yes,Electronic check,62.06,180.1,Yes,0.5894,Yes
CUST-10234,Male,0,No,No,40,Yes,No,No,No internet service,No internet service,No internet service,No internet service,No internet service,No internet service,Month-to-month,Yes,Electronic check,24.12,1008.04,Yes,0.6498,Yes
CUST-12789,Female,0,Yes,No,65,Yes,No,DSL,Yes,Yes,Yes,No,No,Yes,Two year,No,Credit card (automatic),83.41,5634.91,No,0.0184,No
CUST-10597,Female,0,No,Yes,2,Yes,Yes,DSL,No,No,No,Yes,Yes,No,Month-to-month,Yes,Bank transfer (automatic),67.19,123.83,Yes,0.7399,Yes
CUST-14434,Female,0,No,No,34,Yes,Yes,Fiber optic,No,Yes,Yes,No,No,No,Month-to-month,No,Electronic check,83.62,2873.8,Yes,0.8789,Yes
CUST-12250,Female,0,No,Yes,8,Yes,Yes,No,No internet service,No internet service,No internet service,No internet service,No internet service,No internet service,Month-to-month,Yes,Mailed check,38.64,313.33,No,0.7679,Yes
CUST-14055,Male,0,Yes,Yes,51,Yes,Yes,No,No internet service,No internet service,No internet service,No internet service,No internet service,No internet service,Two year,No,Bank transfer (automatic),28.72,1348.24,No,0.0351,No
CUST-12283,Female,0,Yes,No,5,Yes,Yes,DSL,No,Yes,Yes,No,No,No,Month-to-month,Yes,Credit card (automatic),59.95,311.25,No,0.8547,Yes
CUST-10662,Male,0,Yes,No,4,Yes,Yes,No,No internet service,No internet service,No internet service,No internet service,No internet service,No internet service,Month-to-month,No,Mailed check,21.24,79.37,Yes,0.6809,Yes
CUST-14978,Female,0,No,No,41,Yes,Yes,DSL,No,No,No,No,No,Yes,Month-to-month,No,Electronic check,63.87,2555.06,No,0.5419,Yes
CUST-12285,Female,1,No,No,51,Yes,Yes,No,No internet service,No internet service,No internet service,No internet service,No internet service,No internet service,Month-to-month,Yes,Mailed check,29.46,1572.86,No,0.5416,Yes
CUST-14731,Female,0,No,No,35,Yes,No,DSL,No,No,Yes,No,Yes,No,Month-to-month,No,Electronic check,52.46,1818.07,No,0.6927,Yes
CUST-13214,Female,0,No,No,63,Yes,Yes,DSL,Yes,No,No,No,Yes,No,Month-to-month,Yes,Electronic check,61.53,3718.51,No,0.3067,No
CUST-12520,Male,1,Yes,No,8,Yes,Yes,Fiber optic,No,Yes,No,Yes,Yes,Yes,Month-to-month,No,Electronic check,107.73,904.15,Yes,0.9452,Yes
CUST-13453,Male,0,No,Yes,3,Yes,No,No,No internet service,No internet service,No internet service,No internet service,No internet service,No internet service,Month-to-month,Yes,Electronic check,31.48,92.67,Yes,0.8608,Yes
CUST-10779,Female,0,Yes,No,27,Yes,No,No,No internet service,No internet service,No internet service,No internet service,No internet service,No internet service,Month-to-month,Yes,Electronic check,42.71,1178.66,Yes,0.6683,Yes
CUST-14826,Male,1,No,No,23,Yes,Yes,DSL,Yes,Yes,Yes,No,Yes,No,Month-to-month,Yes,Bank transfer (automatic),67.19,1459.22,Yes,0.7814,Yes
CUST-13447,Female,0,No,Yes,43,Yes,Yes,DSL,Yes,No,No,No,No,Yes,Two year,No,Mailed check,69.76,3084.51,No,0.0559,No
CUST-13308,Male,0,Yes,Yes,71,No,No phone service,No,No internet service,No internet service,No internet service,No internet service,No internet service,No internet service,Month-to-month,Yes,Bank transfer (automatic),39.24,2797.49,No,0.117,No
CUST-13887,Male,0,No,No,39,Yes,Yes,Fiber optic,No,Yes,No,Yes,No,Yes,Month-to-month,Yes,Bank transfer (automatic),110.76,4057.25,Yes,0.6685,Yes
CUST-14850,Female,0,No,Yes,16,Yes,No,No,No internet service,No internet service,No internet service,No internet service,No internet service,No internet service,One year,Yes,Credit card (automatic),18.0,275.97,No,0.2739,No
CUST-10685,Female,0,No,Yes,57,Yes,Yes,DSL,Yes,Yes,No,Yes,No,No,Two year,Yes,Mailed check,88.9,5202.53,No,0.0218,No
CUST-13937,Male,0,Yes,No,49,Yes,Yes,DSL,Yes,No,Yes,No,Yes,No,One year,No,Credit card (automatic),58.13,2627.83,No,0.057,No
CUST-14327,Male,1,Yes,Yes,33,Yes,No,DSL,Yes,No,No,Yes,No,Yes,One year,Yes,Mailed check,73.48,2473.46,Yes,0.1254,No
CUST-13455,Female,0,No,No,25,Yes,Yes,DSL,No,Yes,No,No,No,Yes,Month-to-month,No,Electronic check,69.8,1628.85,No,0.6931,Yes
CUST-12171,Female,0,No,Yes,21,Yes,Yes,Fiber optic,No,No,Yes,No,No,No,One year,Yes,Bank transfer (automatic),60.21,1165.64,No,0.6692,Yes
CUST-12685,Male,1,Yes,No,30,Yes,Yes,DSL,No,Yes,Yes,Yes,No,No,One year,Yes,Electronic check,93.23,2708.9,No,0.3955,No
CUST-11850,Male,0,No,Yes,16,No,No phone service,Fiber optic,No,Yes,Yes,No,No,Yes,Month-to-month,No,Mailed check,94.53,1496.91,Yes,0.8797,Yes
CUST-10487,Female,0,No,Yes,64,Yes,Yes,Fiber optic,No,No,No,No,Yes,Yes,Month-to-month,No,Electronic check,86.44,5137.24,No,0.4971,No
CUST-11688,Female,0,No,No,30,No,No phone service,DSL,No,No,No,No,No,No,Month-to-month,No,Bank transfer (automatic),56.91,1601.22,Yes,0.4712,No
CUST-12230,Female,0,Yes,No,56,Yes,No,Fiber optic,Yes,No,Yes,No,Yes,No,One year,Yes,Bank transfer (automatic),109.65,6307.05,No,0.1566,No
CUST-13285,Male,0,No,Yes,19,Yes,Yes,No,No internet service,No internet service,No internet service,No internet service,No internet service,No internet service,Two year,Yes,Mailed check,30.52,597.83,No,0.2571,No
CUST-12320,Male,0,No,Yes,10,Yes,No,DSL,Yes,Yes,Yes,Yes,Yes,Yes,Month-to-month,Yes,Bank transfer (automatic),82.13,787.24,Yes,0.6429,Yes
CUST-10782,Male,0,Yes,No,32,No,No phone service,DSL,No,No,No,Yes,No,No,Two year,No,Credit card (automatic),69.58,2114.57,No,0.056,No
CUST-10521,Male,0,Yes,No,45,Yes,Yes,Fiber optic,Yes,Yes,No,Yes,Yes,Yes,One year,Yes,Credit card (automatic),100.35,4289.08,No,0.1429,No
CUST-10522,Male,0,No,No,3,Yes,Yes,DSL,No,No,No,Yes,No,Yes,Month-to-month,No,Electronic check,72.37,215.31,Yes,0.7909,Yes
CUST-12857,Female,0,No,No,54,Yes,Yes,DSL,No,Yes,Yes,Yes,Yes,Yes,Month-to-month,No,Mailed check,72.9,3765.84,No,0.2257,No
CUST-13976,Female,0,Yes,No,39,Yes,Yes,DSL,No,Yes,No,Yes,No,No,One year,Yes,Bank transfer (automatic),70.67,2648.59,No,0.0946,No
CUST-12398,Male,1,No,Yes,61,Yes,No,Fiber optic,No,Yes,No,Yes,No,Yes,One year,Yes,Bank transfer (automatic),98.22,6073.12,Yes,0.1701,No
CUST-12207,Female,0,No,No,48,Yes,Yes,Fiber optic,No,Yes,No,No,Yes,Yes,One year,No,Electronic check,78.61,3764.81,Yes,0.4095,No
CUST-13499,Male,0,No,No,7,Yes,Yes,No,No internet service,No internet service,No internet service,No internet service,No internet service,No internet service,Month-to-month,Yes,Electronic check,30.57,223.47,Yes,0.8732,Yes
CUST-13574,Female,0,No,No,27,Yes,Yes,Fiber optic,Yes,No,No,Yes,Yes,No,Two year,Yes,Mailed check,88.02,2454.99,No,0.3344,No
CUST-13761,Female,0,No,No,2,Yes,Yes,Fiber optic,Yes,No,Yes,Yes,No,Yes,Month-to-month,No,Bank transfer (automatic),115.29,227.68,Yes,0.8667,Yes
CUST-12841,Female,0,No,No,67,Yes,Yes,Fiber optic,Yes,Yes,No,No,No,Yes,Month-to-month,Yes,Mailed check,98.16,6213.56,No,0.38,No
CUST-11511,Male,0,No,No,22,Yes,No,DSL,No,No,No,Yes,No,Yes,Month-to-month,Yes,Credit card (automatic),82.88,1781.59,Yes,0.5596,Yes
CUST-11882,Male,0,No,No,7,Yes,No,Fiber optic,Yes,No,Yes,No,Yes,No,Month-to-month,Yes,Bank transfer (automatic),93.59,675.51,Yes,0.9465,Yes
CUST-10651,Female,0,No,No,65,Yes,No,Fiber optic,No,Yes,Yes,Yes,Yes,Yes,Month-to-month,Yes,Mailed check,110.07,7169.62,No,0.4439,No
CUST-12805,Female,0,No,No,21,Yes,No,DSL,No,Yes,No,No,No,Yes,Month-to-month,No,Credit card (automatic),64.27,1407.89,No,0.5953,Yes
CUST-13673,Male,0,No,Yes,57,No,No phone service,DSL,Yes,Yes,Yes,Yes,No,No,Month-to-month,No,Mailed check,79.87,4573.16,No,0.0878,No
CUST-10369,Female,0,No,Yes,44,Yes,No,Fiber optic,No,Yes,Yes,Yes,No,No,Two year,No,Bank transfer (automatic),108.83,5025.42,No,0.1482,No
CUST-13892,Male,0,No,No,71,Yes,No,Fiber optic,No,No,Yes,Yes,No,Yes,One year,Yes,Electronic check,90.07,6251.46,No,0.1883,No
CUST-10118,Male,0,No,Yes,14,Yes,No,DSL,No,No,Yes,No,No,No,Month-to-month,Yes,Mailed check,59.88,826.16,Yes,0.811,Yes
CUST-13424,Female,0,Yes,No,7,No,No phone service,Fiber optic,Yes,No,No,No,Yes,No,Two year,Yes,Credit card (automatic),85.14,623.2,Yes,0.5889,Yes
CUST-13983,Female,0,No,Yes,58,No,No phone service,Fiber optic,Yes,Yes,No,No,Yes,Yes,Two year,Yes,Electronic check,96.79,5264.09,No,0.1582,No
CUST-12216,Male,0,Yes,No,7,Yes,Yes,DSL,No,Yes,No,Yes,Yes,No,One year,No,Electronic check,68.62,501.3,No,0.3637,No
CUST-13757,Female,0,Yes,Yes,46,Yes,Yes,Fiber optic,No,No,No,No,No,No,One year,Yes,Mailed check,73.59,3331.11,No,0.3201,No
CUST-11613,Female,0,Yes,Yes,44,Yes,No,DSL,No,Yes,Yes,No,Yes,No,Month-to-month,Yes,Bank transfer (automatic),64.88,2648.78,No,0.4549,No
CUST-14921,Female,0,Yes,No,50,Yes,No,Fiber optic,No,No,Yes,Yes,No,No,Two year,Yes,Electronic check,93.1,4442.33,No,0.2529,No
CUST-10962,Female,0,No,No,33,Yes,Yes,DSL,Yes,No,Yes,Yes,Yes,Yes,Month-to-month,Yes,Electronic check,82.73,2669.65,Yes,0.5553,Yes
CUST-12510,Male,0,No,Yes,0,Yes,Yes,Fiber optic,Yes,Yes,No,No,No,Yes,One year,Yes,Bank transfer (automatic),90.82,0.0,Yes,0.7482,Yes
CUST-13789,Male,1,Yes,No,30,Yes,No,No,No internet service,No internet service,No internet service,No internet service,No internet service,No internet service,One year,Yes,Electronic check,37.91,1146.01,Yes,0.4262,No
CUST-12842,Female,1,Yes,No,57,Yes,No,Fiber optic,No,Yes,No,No,Yes,No,Two year,No,Credit card (automatic),94.72,5415.8,No,0.1716,No
CUST-13466,Female,0,No,No,60,Yes,No,DSL,No,Yes,No,No,No,Yes,Month-to-month,Yes,Mailed check,80.15,4571.04,No,0.3106,No
CUST-13142,Male,0,No,No,51,Yes,Yes,No,No internet service,No internet service,No internet service,No internet service,No internet service,No internet service,One year,Yes,Bank transfer (automatic),32.4,1552.35,No,0.111,No
CUST-12415,Male,0,Yes,Yes,16,Yes,No,Fiber optic,No,Yes,Yes,No,No,Yes,Month-to-month,Yes,Bank transfer (automatic),93.24,1538.68,Yes,0.9042,Yes
CUST-14669,Male,0,No,Yes,58,Yes,No,Fiber optic,Yes,Yes,Yes,No,No,No,Month-to-month,No,Electronic check,107.32,6252.62,No,0.4635,No
CUST-14250,Male,0,No,Yes,3,Yes,Yes,No,No internet service,No internet service,No internet service,No internet service,No internet service,No internet service,Month-to-month,No,Credit card (automatic),44.26,135.89,Yes,0.6772,Yes
CUST-12185,Male,0,Yes,No,31,Yes,No,DSL,Yes,No,No,No,No,Yes,Two year,No,Bank transfer (automatic),65.21,1860.67,Yes,0.0743,No
CUST-12934,Female,0,Yes,Yes,59,Yes,Yes,DSL,No,No,Yes,No,Yes,Yes,Month-to-month,Yes,Bank transfer (automatic),77.63,4217.24,Yes,0.2624,No
CUST-12037,Male,1,Yes,No,47,Yes,Yes,DSL,No,Yes,No,No,No,Yes,Month-to-month,No,Credit card (automatic),68.79,3095.42,No,0.4121,No
CUST-14275,Female,0,Yes,No,63,Yes,Yes,No,No internet service,No internet service,No internet service,No internet service,No internet service,No internet service,Two year,No,Credit card (automatic),35.3,2190.91,No,0.0258,No
CUST-10772,Male,0,No,No,35,Yes,Yes,DSL,Yes,No,No,No,No,No,Month-to-month,No,Mailed check,55.14,1978.58,No,0.3909,No
CUST-11284,Male,0,No,No,13,Yes,Yes,DSL,Yes,No,No,No,Yes,No,Two year,Yes,Credit card (automatic),66.49,798.76,No,0.2773,No
CUST-14618,Female,0,Yes,No,2,Yes,No,No,No internet service,No internet service,No internet service,No internet service,No internet service,No internet service,Month-to-month,Yes,Credit card (automatic),36.15,70.91,Yes,0.7617,Yes
CUST-14751,Male,0,Yes,No,53,Yes,Yes,Fiber optic,Yes,No,No,No,Yes,No,Two year,No,Electronic check,89.74,4554.23,No,0.1394,No
CUST-14590,Female,0,No,Yes,14,Yes,Yes,No,No internet service,No internet service,No internet service,No internet service,No internet service,No internet service,Two year,Yes,Credit card (automatic),25.46,354.17,Yes,0.2495,No
CUST-11414,Female,0,Yes,No,70,Yes,Yes,DSL,No,No,No,No,Yes,Yes,Two year,Yes,Electronic check,64.53,4619.14,No,0.068,No
CUST-11234,Female,0,No,No,7,Yes,Yes,Fiber optic,Yes,Yes,No,No,Yes,Yes,Month-to-month,No,Bank transfer (automatic),104.02,692.64,Yes,0.8764,Yes
CUST-13182,Female,0,No,Yes,51,Yes,Yes,No,No internet service,No internet service,No internet service,No internet service,No internet service,No internet service,Month-to-month,Yes,Credit card (automatic),48.22,2455.19,No,0.2816,No
CUST-10435,Male,0,Yes,Yes,41,Yes,No,DSL,No,No,No,No,Yes,No,One year,No,Mailed check,60.26,2476.2,No,0.1016,No
CUST-11674,Female,0,No,Yes,9,Yes,No,No,No internet service,No internet service,No internet service,No internet service,No internet service,No internet service,Two year,No,Mailed check,33.01,283.93,No,0.2425,No
CUST-10365,Female,0,Yes,No,31,Yes,Yes,DSL,No,No,No,No,Yes,No,Month-to-month,No,Mailed check,53.78,1724.24,Yes,0.4945,No
CUST-14237,Male,0,No,No,17,No,No phone service,Fiber optic,Yes,No,No,No,No,Yes,Two year,Yes,Electronic check,99.07,1735.56,Yes,0.6426,Yes
CUST-10231,Female,0,Yes,Yes,48,Yes,Yes,No,No internet service,No internet service,No internet service,No internet service,No internet service,No internet service,Two year,Yes,Mailed check,37.27,1693.0,No,0.0791,No
CUST-14281,Female,0,No,No,19,Yes,No,No,No internet service,No internet service,No internet service,No internet service,No internet service,No internet service,Month-to-month,Yes,Credit card (automatic),32.9,634.56,No,0.6589,Yes
CUST-14065,Male,0,Yes,No,40,Yes,No,No,No internet service,No internet service,No internet service,No internet service,No internet service,No internet service,One year,No,Electronic check,44.7,1829.04,No,0.1392,No
CUST-14870,Male,0,No,No,71,Yes,Yes,DSL,No,No,Yes,No,No,Yes,One year,Yes,Mailed check,60.63,4239.0,No,0.0943,No
CUST-10407,Male,0,No,No,1,Yes,No,Fiber optic,No,No,No,No,Yes,Yes,Month-to-month,Yes,Bank transfer (automatic),88.97,87.46,Yes,0.9655,Yes
CUST-12090,Female,0,No,No,1,Yes,No,No,No internet service,No internet service,No internet service,No internet service,No internet service,No internet service,One year,No,Mailed check,30.05,28.85,No,0.3982,No
CUST-10086,Male,0,Yes,Yes,45,No,No phone service,DSL,No,Yes,Yes,Yes,Yes,Yes,One year,Yes,Credit card (automatic),80.81,3403.39,No,0.0745,No
CUST-10844,Male,0,No,Yes,56,Yes,Yes,DSL,No,No,No,No,No,No,One year,Yes,Mailed check,47.75,2472.46,No,0.1088,No
CUST-11031,Male,0,Yes,Yes,43,Yes,Yes,Fiber optic,No,Yes,No,No,No,No,Month-to-month,No,Electronic check,73.65,3059.24,Yes,0.6983,Yes
CUST-12649,Male,0,No,No,14,Yes,No,Fiber optic,No,Yes,Yes,No,Yes,No,Two year,Yes,Credit card (automatic),89.87,1209.31,No,0.7518,Yes
CUST-14534,Male,0,Yes,No,53,Yes,No,Fiber optic,No,No,Yes,No,No,No,Month-to-month,Yes,Bank transfer (automatic),89.54,4457.14,Yes,0.6455,Yes
CUST-12743,Female,0,Yes,No,0,Yes,Yes,No,No internet service,No internet service,No internet service,No internet service,No internet service,No internet service,Two year,No,Bank transfer (automatic),18.0,0.0,No,0.2627,No
CUST-13250,Male,0,Yes,Yes,8,Yes,No,DSL,No,No,Yes,No,Yes,No,Two year,Yes,Bank transfer (automatic),66.48,489.67,No,0.4313,No
CUST-14628,Female,1,Yes,No,6,Yes,No,Fiber optic,No,Yes,No,Yes,Yes,No,Month-to-month,Yes,Bank transfer (automatic),94.38,569.88,No,0.9406,Yes
CUST-10855,Female,0,No,No,66,Yes,Yes,Fiber optic,No,No,Yes,No,Yes,Yes,Two year,Yes,Bank transfer (automatic),102.11,6741.98,No,0.1839,No
CUST-10078,Female,0,Yes,Yes,6,Yes,No,Fiber optic,Yes,No,No,Yes,Yes,Yes,Month-to-month,Yes,Credit card (automatic),97.07,572.24,Yes,0.8049,Yes
CUST-12247,Male,0,No,No,42,Yes,Yes,DSL,No,No,Yes,Yes,Yes,No,One year,Yes,Bank transfer (automatic),66.68,2816.74,No,0.1603,No
CUST-14584,Female,0,No,No,0,Yes,Yes,No,No internet service,No internet service,No internet service,No internet service,No internet service,No internet service,Two year,Yes,Bank transfer (automatic),30.45,0.0,No,0.4532,No
CUST-13985,Male,1,No,No,21,Yes,No,Fiber optic,No,No,Yes,Yes,No,No,One year,No,Electronic check,88.0,1912.2,No,0.7316,Yes
CUST-12932,Male,0,Yes,No,68,Yes,Yes,Fiber optic,Yes,Yes,No,Yes,No,No,Month-to-month,Yes,Bank transfer (automatic),84.8,5475.65,No,0.1912,No
CUST-12929,Female,0,No,No,35,Yes,No,Fiber optic,No,No,No,No,No,No,Two year,Yes,Bank transfer (automatic),68.74,2359.04,No,0.468,No
CUST-12279,Female,0,No,Yes,72,No,No phone service,DSL,Yes,No,No,No,No,No,Month-to-month,Yes,Credit card (automatic),54.63,3942.09,No,0.1037,No
CUST-14532,Female,0,No,No,31,Yes,Yes,Fiber optic,No,No,Yes,No,No,No,Two year,No,Bank transfer (automatic),94.95,2855.19,No,0.4338,No
CUST-14172,Female,0,Yes,Yes,43,Yes,No,DSL,Yes,No,No,No,Yes,No,Month-to-month,No,Mailed check,65.82,2645.92,No,0.2061,No
CUST-13894,Female,0,No,Yes,6,Yes,Yes,Fiber optic,Yes,Yes,No,No,Yes,Yes,Two year,No,Bank transfer (automatic),103.51,622.89,No,0.5259,Yes
CUST-14125,Female,1,Yes,No,0,Yes,Yes,Fiber optic,Yes,Yes,Yes,Yes,Yes,Yes,Month-to-month,Yes,Bank transfer (automatic),114.91,0.0,Yes,0.9477,Yes
CUST-12176,Male,0,No,No,45,Yes,No,Fiber optic,No,No,No,Yes,No,Yes,One year,Yes,Bank transfer (automatic),90.32,4258.73,Yes,0.272,No
CUST-10424,Male,0,No,No,16,Yes,Yes,Fiber optic,No,Yes,No,Yes,Yes,Yes,One year,Yes,Credit card (automatic),85.37,1288.93,Yes,0.5836,Yes
CUST-10392,Male,0,Yes,Yes,5,Yes,No,Fiber optic,Yes,Yes,Yes,Yes,Yes,Yes,Month-to-month,Yes,Mailed check,113.49,574.68,Yes,0.8857,Yes
CUST-14741,Male,0,Yes,No,28,Yes,No,DSL,Yes,No,No,No,No,No,Month-to-month,Yes,Bank transfer (automatic),67.25,1848.23,No,0.4664,No
CUST-14752,Female,1,No,No,62,Yes,Yes,DSL,Yes,No,No,No,Yes,No,One year,No,Electronic check,64.78,3847.1,No,0.0933,No
CUST-10104,Female,0,No,Yes,65,Yes,No,Fiber optic,No,No,No,No,Yes,Yes,Month-to-month,Yes,Mailed check,102.17,6641.05,No,0.4768,No
CUST-12992,Male,0,No,No,1,Yes,Yes,No,No internet service,No internet service,No internet service,No internet service,No internet service,No internet service,Two year,Yes,Bank transfer (automatic),23.64,23.1,No,0.4514,No
CUST-13741,Male,0,Yes,No,44,Yes,Yes,DSL,No,No,Yes,No,No,Yes,Month-to-month,No,Credit card (automatic),72.96,3003.97,No,0.3671,No
CUST-11948,Male,0,Yes,No,18,Yes,No,Fiber optic,No,No,No,Yes,Yes,No,Month-to-month,No,Bank transfer (automatic),83.15,1427.62,Yes,0.7158,Yes
CUST-11459,Female,0,No,Yes,52,Yes,No,Fiber optic,No,Yes,Yes,Yes,No,Yes,Month-to-month,Yes,Mailed check,107.84,5490.57,No,0.5336,Yes
CUST-14387,Male,0,Yes,No,36,Yes,Yes,Fiber optic,Yes,No,Yes,No,Yes,No,Two year,No,Electronic check,93.74,3128.68,No,0.3502,No
CUST-12822,Male,1,Yes,No,57,Yes,Yes,DSL,No,No,No,No,Yes,No,Two year,Yes,Credit card (automatic),83.48,4584.22,No,0.0999,No
CUST-14410,Male,0,No,No,7,Yes,Yes,DSL,No,Yes,Yes,No,Yes,Yes,One year,No,Bank transfer (automatic),96.91,659.38,Yes,0.5102,Yes
CUST-14804,Female,0,No,No,50,Yes,Yes,Fiber optic,No,Yes,No,Yes,No,Yes,One year,No,Electronic check,103.09,4836.19,No,0.1897,No
CUST-11587,Male,0,No,Yes,24,Yes,Yes,DSL,No,No,No,No,No,No,Two year,No,Mailed check,59.49,1390.19,No,0.1796,No
CUST-13683,Female,0,No,Yes,38,Yes,Yes,No,No internet service,No internet service,No internet service,No internet service,No internet service,No internet service,Month-to-month,Yes,Mailed check,31.26,1205.13,Yes,0.4937,No
CUST-11731,Female,0,No,Yes,27,Yes,No,Fiber optic,No,No,No,Yes,Yes,Yes,One year,No,Bank transfer (automatic),100.08,2612.41,No,0.2795,No
CUST-14868,Female,1,No,No,29,Yes,Yes,No,No internet service,No internet service,No internet service,No internet service,No internet service,No internet service,Month-to-month,No,Bank transfer (automatic),28.16,754.28,No,0.6013,Yes
CUST-13737,Female,0,No,No,64,Yes,Yes,DSL,No,Yes,Yes,No,No,Yes,One year,No,Bank transfer (automatic),76.29,5027.6,No,0.0554,No
CUST-13705,Female,0,Yes,No,52,Yes,Yes,DSL,Yes,Yes,Yes,Yes,Yes,No,Month-to-month,Yes,Electronic check,73.1,3558.85,No,0.2653,No
CUST-11791,Female,0,No,No,61,Yes,No,DSL,Yes,Yes,No,Yes,No,Yes,One year,No,Credit card (automatic),59.08,3629.84,No,0.0177,No
CUST-12355,Male,1,Yes,No,11,Yes,Yes,No,No internet service,No internet service,No internet service,No internet service,No internet service,No internet service,Month-to-month,Yes,Electronic check,23.58,257.02,Yes,0.8873,Yes
CUST-11940,Male,0,No,Yes,54,Yes,Yes,DSL,No,No,Yes,Yes,Yes,No,One year,No,Electronic check,76.17,3963.4,No,0.0715,No
CUST-10702,Male,1,Yes,No,1,Yes,No,Fiber optic,No,Yes,Yes,No,Yes,No,Two year,Yes,Electronic check,95.37,97.07,Yes,0.9439,Yes
CUST-12442,Male,0,No,No,26,Yes,Yes,No,No internet service,No internet service,No internet service,No internet service,No internet service,No internet service,Month-to-month,Yes,Mailed check,30.12,783.38,No,0.6655,Yes
CUST-12833,Female,0,Yes,No,26,Yes,Yes,Fiber optic,No,No,No,Yes,Yes,Yes,Two year,Yes,Electronic check,102.19,2625.01,No,0.4918,No
CUST-10496,Male,0,Yes,No,38,Yes,Yes,DSL,No,Yes,No,No,No,No,Month-to-month,Yes,Bank transfer (automatic),59.09,2162.92,Yes,0.503,Yes
CUST-10464,Male,0,Yes,No,2,Yes,No,DSL,Yes,No,No,No,Yes,No,One year,No,Mailed check,67.66,133.0,No,0.3223,No
CUST-12705,Male,0,No,No,46,No,No phone service,Fiber optic,Yes,Yes,No,No,No,Yes,Month-to-month,Yes,Bank transfer (automatic),91.55,3943.34,Yes,0.6022,Yes
CUST-14347,Male,0,No,Yes,16,Yes,Yes,Fiber optic,Yes,No,No,Yes,Yes,Yes,Month-to-month,Yes,Credit card (automatic),99.87,1640.82,Yes,0.7608,Yes
CUST-10172,Female,0,No,Yes,61,Yes,Yes,Fiber optic,Yes,No,No,Yes,Yes,No,One year,Yes,Credit card (automatic),91.64,5351.79,No,0.0666,No
CUST-13094,Female,0,No,No,2,Yes,No,Fiber optic,No,Yes,No,No,Yes,Yes,One year,Yes,Mailed check,89.32,169.35,No,0.8651,Yes
CUST-14811,Male,0,No,Yes,72,Yes,No,No,No internet service,No internet service,No internet service,No internet service,No internet service,No internet service,Month-to-month,No,Credit card (automatic),36.02,2499.7,No,0.1049,No
CUST-12540,Male,0,Yes,No,34,Yes,Yes,Fiber optic,No,Yes,No,No,No,No,Month-to-month,No,Bank transfer (automatic),90.98,3094.33,Yes,0.6938,Yes
CUST-14304,Female,1,No,Yes,54,Yes,No,Fiber optic,No,No,No,No,No,Yes,Month-to-month,Yes,Credit card (automatic),91.1,4760.06,Yes,0.701,Yes
CUST-12970,Female,0,Yes,Yes,70,Yes,Yes,DSL,No,No,No,No,No,No,Two year,Yes,Bank transfer (automatic),53.39,3671.33,No,0.032,No
CUST-12260,Male,0,No,No,64,Yes,No,DSL,No,No,No,No,Yes,Yes,Month-to-month,No,Bank transfer (automatic),67.73,4290.19,No,0.1889,No
CUST-12112,Female,0,No,No,43,Yes,Yes,Fiber optic,No,No,Yes,Yes,No,Yes,Month-to-month,Yes,Credit card (automatic),97.35,4280.16,No,0.7006,Yes
CUST-10900,Male,0,No,Yes,39,Yes,No,Fiber optic,Yes,No,Yes,No,No,Yes,Month-to-month,Yes,Bank transfer (automatic),100.77,3627.45,No,0.7091,Yes
CUST-11446,Female,0,Yes,No,42,Yes,Yes,DSL,No,Yes,No,No,Yes,No,Month-to-month,No,Bank transfer (automatic),62.42,2533.51,Yes,0.3364,No
CUST-13717,Male,0,Yes,No,57,Yes,No,Fiber optic,No,Yes,No,No,No,No,Month-to-month,Yes,Electronic check,69.28,3751.58,Yes,0.7029,Yes
CUST-10741,Female,0,No,No,66,No,No phone service,DSL,No,Yes,Yes,No,No,No,Month-to-month,Yes,Bank transfer (automatic),71.75,4398.29,Yes,0.2692,No
CUST-12293,Female,1,Yes,No,24,Yes,Yes,Fiber optic,No,No,Yes,No,Yes,No,Two year,Yes,Electronic check,100.48,2469.58,No,0.8193,Yes
CUST-12452,Male,0,No,No,47,Yes,No,DSL,No,No,Yes,Yes,Yes,No,Month-to-month,No,Credit card (automatic),89.95,4364.46,No,0.2632,No
CUST-12640,Male,0,Yes,No,7,Yes,No,Fiber optic,Yes,No,No,Yes,No,Yes,Month-to-month,No,Bank transfer (automatic),95.54,660.54,Yes,0.7409,Yes
CUST-14100,Male,0,No,No,62,Yes,Yes,DSL,Yes,Yes,No,No,No,Yes,Month-to-month,No,Mailed check,69.28,4097.27,No,0.1435,No
CUST-11206,Female,0,Yes,Yes,22,Yes,No,No,No internet service,No internet service,No internet service,No internet service,No internet service,No internet service,One year,No,Credit card (automatic),38.2,797.0,No,0.1143,No
CUST-10509,Male,0,No,No,29,Yes,Yes,Fiber optic,No,No,No,Yes,No,Yes,Two year,Yes,Credit card (automatic),96.99,2908.94,No,0.3863,No
CUST-12638,Male,0,Yes,No,52,Yes,No,Fiber optic,No,Yes,No,No,No,Yes,Month-to-month,Yes,Credit card (automatic),81.38,4152.58,No,0.6045,Yes
CUST-13253,Male,0,Yes,No,10,Yes,Yes,Fiber optic,No,No,Yes,No,Yes,No,One year,No,Mailed check,78.51,775.2,No,0.7385,Yes
CUST-13334,Male,0,Yes,Yes,8,Yes,Yes,Fiber optic,No,Yes,Yes,No,Yes,Yes,Month-to-month,Yes,Credit card (automatic),111.2,908.02,Yes,0.9462,Yes
CUST-11549,Male,0,Yes,Yes,17,Yes,No,Fiber optic,Yes,No,No,Yes,No,No,Month-to-month,Yes,Electronic check,81.11,1435.42,Yes,0.7918,Yes
CUST-13288,Male,0,Yes,No,71,Yes,No,No,No internet service,No internet service,No internet service,No internet service,No internet service,No internet service,Month-to-month,No,Electronic check,38.05,2545.69,No,0.1685,No
CUST-12202,Male,0,No,No,33,Yes,No,Fiber optic,Yes,Yes,Yes,No,No,No,One year,No,Bank transfer (automatic),93.89,3172.23,No,0.3568,No
CUST-12566,Female,0,Yes,No,51,Yes,Yes,DSL,No,No,Yes,No,No,No,Two year,Yes,Bank transfer (automatic),67.6,3198.53,No,0.0984,No
CUST-12697,Male,0,No,Yes,69,Yes,Yes,No,No internet service,No internet service,No internet service,No internet service,No internet service,No internet service,One year,No,Bank transfer (automatic),30.17,2137.66,No,0.0299,No
CUST-12044,Male,0,No,Yes,10,Yes,No,No,No internet service,No internet service,No internet service,No internet service,No internet service,No internet service,Month-to-month,Yes,Electronic check,39.09,370.03,Yes,0.8253,Yes
CUST-10767,Male,0,Yes,No,0,Yes,Yes,DSL,Yes,Yes,No,Yes,Yes,Yes,Two year,No,Bank transfer (automatic),81.23,0.0,No,0.1744,No
CUST-14938,Male,0,No,Yes,61,Yes,No,DSL,No,No,Yes,Yes,No,No,One year,Yes,Bank transfer (automatic),76.63,4781.25,No,0.0474,No
CUST-14196,Female,0,No,Yes,60,Yes,Yes,DSL,No,No,No,No,No,No,Month-to-month,Yes,Bank transfer (automatic),51.78,3110.43,No,0.2742,No
CUST-10421,Female,0,Yes,No,69,Yes,Yes,Fiber optic,No,No,Yes,No,No,Yes,Month-to-month,Yes,Bank transfer (automatic),86.42,5695.21,No,0.4721,No
CUST-10123,Male,1,Yes,No,59,Yes,No,DSL,Yes,No,No,No,No,Yes,Month-to-month,Yes,Bank transfer (automatic),76.03,4629.76,No,0.2571,No
CUST-14470,Male,0,No,No,14,Yes,Yes,Fiber optic,No,Yes,Yes,No,No,Yes,Two year,Yes,Credit card (automatic),95.59,1277.4,Yes,0.7428,Yes
CUST-12646,Female,1,Yes,No,5,Yes,Yes,Fiber optic,Yes,No,No,No,Yes,No,One year,No,Electronic check,88.6,435.15,Yes,0.8022,Yes
CUST-10819,Female,0,Yes,Yes,67,Yes,No,Fiber optic,No,No,Yes,Yes,Yes,Yes,One year,Yes,Credit card (automatic),101.68,6569.62,Yes,0.0784,No
CUST-11403,Male,0,Yes,No,22,Yes,Yes,Fiber optic,Yes,No,Yes,Yes,No,Yes,Month-to-month,No,Bank transfer (automatic),111.77,2375.39,No,0.6102,Yes
CUST-11382,Male,0,No,No,68,Yes,No,DSL,No,Yes,No,No,Yes,No,Two year,Yes,Electronic check,66.59,4614.69,No,0.0963,No
CUST-12148,Female,0,Yes,No,0,Yes,Yes,DSL,No,No,No,No,Yes,Yes,One year,Yes,Mailed check,71.62,0.0,Yes,0.598,Yes
CUST-11575,Male,0,Yes,No,60,Yes,Yes,Fiber optic,No,Yes,Yes,No,No,No,Month-to-month,Yes,Electronic check,93.43,5406.25,Yes,0.7029,Yes
CUST-11638,Male,0,Yes,Yes,63,Yes,Yes,DSL,No,No,No,No,Yes,No,Month-to-month,Yes,Mailed check,58.93,3765.43,No,0.238,No
CUST-11795,Male,0,Yes,No,33,Yes,No,DSL,Yes,No,Yes,No,Yes,No,Two year,Yes,Electronic check,66.31,2159.68,No,0.2475,No
CUST-14830,Male,0,Yes,No,0,Yes,No,DSL,No,Yes,No,Yes,Yes,No,Month-to-month,Yes,Bank transfer (automatic),71.33,0.0,No,0.7643,Yes
CUST-10399,Male,0,Yes,No,34,Yes,Yes,DSL,Yes,Yes,Yes,Yes,No,No,Month-to-month,Yes,Electronic check,82.43,2885.31,Yes,0.4705,No
CUST-12310,Male,0,Yes,No,43,Yes,Yes,Fiber optic,Yes,Yes,No,No,No,No,Month-to-month,No,Credit card (automatic),90.49,3890.45,No,0.4694,No
CUST-10882,Male,1,Yes,Yes,16,Yes,Yes,Fiber optic,Yes,No,No,No,No,Yes,Month-to-month,No,Electronic check,96.1,1425.52,Yes,0.8778,Yes
CUST-14988,Female,0,No,No,41,Yes,No,DSL,No,No,No,Yes,No,No,Month-to-month,Yes,Mailed check,47.79,2009.1,No,0.4332,No
CUST-12917,Female,1,Yes,No,50,Yes,Yes,DSL,Yes,No,Yes,Yes,No,No,Month-to-month,Yes,Electronic check,56.5,2680.48,Yes,0.4202,No
CUST-11352,Male,0,Yes,Yes,1,Yes,Yes,DSL,Yes,Yes,No,Yes,No,Yes,Month-to-month,Yes,Electronic check,89.56,88.51,No,0.7227,Yes
CUST-13918,Male,1,No,No,5,Yes,Yes,Fiber optic,No,No,No,Yes,No,No,Two year,No,Electronic check,90.51,458.43,Yes,0.8013,Yes
CUST-14564,Female,0,Yes,No,4,Yes,Yes,Fiber optic,No,Yes,Yes,No,No,No,One year,No,Bank transfer (automatic),98.53,377.78,Yes,0.7369,Yes
CUST-12130,Female,0,No,Yes,59,No,No phone service,DSL,No,Yes,No,No,Yes,Yes,One year,Yes,Mailed check,66.39,3679.62,No,0.0787,No
CUST-10982,Female,0,No,Yes,61,Yes,Yes,Fiber optic,Yes,Yes,No,No,Yes,Yes,Two year,Yes,Mailed check,97.05,5966.08,No,0.111,No
CUST-10456,Male,0,Yes,Yes,46,No,No phone service,DSL,No,No,Yes,Yes,No,Yes,One year,Yes,Credit card (automatic),65.75,3144.98,No,0.0736,No
CUST-13553,Female,0,Yes,No,1,Yes,No,DSL,No,No,No,Yes,Yes,No,One year,Yes,Mailed check,76.02,70.44,Yes,0.4167,No
CUST-11079,Female,0,Yes,Yes,39,Yes,No,Fiber optic,Yes,No,Yes,Yes,Yes,Yes,Month-to-month,Yes,Bank transfer (automatic),103.43,3805.97,No,0.5041,Yes
CUST-11950,Female,1,No,No,31,Yes,Yes,No,No internet service,No internet service,No internet service,No internet service,No internet service,No internet service,One year,Yes,Credit card (automatic),33.51,1046.08,No,0.3405,No
CUST-14328,Male,0,Yes,No,34,Yes,No,No,No internet service,No internet service,No internet service,No internet service,No internet service,No internet service,One year,No,Credit card (automatic),36.87,1174.9,No,0.1026,No
CUST-10689,Female,0,No,No,54,Yes,Yes,No,No internet service,No internet service,No internet service,No internet service,No internet service,No internet service,Two year,No,Bank transfer (automatic),46.31,2352.87,No,0.044,No
CUST-12429,Male,0,No,No,43,Yes,No,No,No internet service,No internet service,No internet service,No internet service,No internet service,No internet service,One year,Yes,Bank transfer (automatic),23.34,979.24,No,0.1684,No
CUST-10641,Female,0,Yes,Yes,48,No,No phone service,DSL,No,No,No,Yes,No,No,Month-to-month,No,Mailed check,61.39,2813.94,No,0.1391,No
CUST-12392,Female,0,Yes,Yes,51,Yes,No,Fiber optic,No,Yes,No,No,No,Yes,Two year,Yes,Electronic check,81.83,4094.44,No,0.2803,No
CUST-11953,Male,0,No,No,68,Yes,No,DSL,Yes,No,No,No,Yes,Yes,One year,Yes,Mailed check,92.03,6250.0,No,0.0394,No
CUST-12767,Female,1,Yes,Yes,42,No,No phone service,No,No internet service,No internet service,No internet service,No internet service,No internet service,No internet service,Month-to-month,No,Credit card (automatic),28.51,1210.08,Yes,0.3279,No
CUST-13557,Male,0,Yes,No,39,Yes,Yes,No,No internet service,No internet service,No internet service,No internet service,No internet service,No internet service,Two year,Yes,Credit card (automatic),33.79,1376.07,No,0.1206,No
CUST-13456,Female,0,No,No,42,Yes,Yes,Fiber optic,No,Yes,Yes,No,Yes,Yes,One year,Yes,Electronic check,90.49,3874.85,No,0.6658,Yes
CUST-13357,Female,0,No,Yes,55,Yes,Yes,Fiber optic,No,Yes,No,No,No,No,Month-to-month,Yes,Credit card (automatic),85.44,4389.13,Yes,0.5653,Yes
CUST-14781,Female,0,No,No,39,Yes,No,Fiber optic,No,No,Yes,No,No,No,One year,Yes,Bank transfer (automatic),82.54,2986.54,No,0.5334,Yes
CUST-12951,Female,0,No,No,14,Yes,No,DSL,No,Yes,Yes,No,Yes,No,One year,No,Electronic check,67.13,874.42,No,0.5116,Yes
CUST-11884,Female,1,Yes,Yes,72,Yes,Yes,Fiber optic,No,Yes,No,No,Yes,Yes,One year,Yes,Bank transfer (automatic),99.64,7019.26,No,0.1457,No
CUST-10389,Male,0,No,No,35,Yes,No,Fiber optic,No,No,Yes,No,Yes,Yes,Two year,No,Electronic check,99.3,3245.67,Yes,0.5545,Yes
CUST-12494,Male,0,Yes,No,41,No,No phone service,No,No internet service,No internet service,No internet service,No internet service,No internet service,No internet service,Month-to-month,No,Mailed check,46.37,1788.25,No,0.2846,No
CUST-13138,Male,0,No,No,62,Yes,Yes,DSL,Yes,No,No,Yes,Yes,No,Month-to-month,No,Electronic check,61.7,3898.65,No,0.1339,No
CUST-14817,Male,1,No,Yes,70,Yes,Yes,DSL,No,Yes,Yes,Yes,Yes,No,Month-to-month,Yes,Mailed check,70.27,4891.17,No,0.2731,No
CUST-10845,Male,0,No,No,67,Yes,No,DSL,Yes,No,No,No,No,Yes,One year,No,Electronic check,66.53,4645.14,No,0.0432,No
CUST-10542,Male,0,No,Yes,51,Yes,No,Fiber optic,Yes,Yes,No,Yes,No,Yes,Month-to-month,Yes,Electronic check,102.47,4984.7,No,0.4646,No
CUST-10091,Female,1,No,No,9,Yes,No,Fiber optic,No,Yes,Yes,No,Yes,Yes,One year,Yes,Credit card (automatic),110.42,1010.74,No,0.9111,Yes
CUST-14597,Male,0,Yes,No,43,Yes,Yes,DSL,No,No,No,Yes,No,No,Month-to-month,Yes,Credit card (automatic),70.19,3148.74,No,0.298,No
CUST-11979,Female,1,No,No,11,Yes,Yes,Fiber optic,Yes,Yes,No,No,No,No,Two year,No,Bank transfer (automatic),101.15,1142.25,No,0.6458,Yes
CUST-14623,Male,1,No,No,70,Yes,Yes,No,No internet service,No internet service,No internet service,No internet service,No internet service,No internet service,Month-to-month,Yes,Electronic check,41.37,2729.69,No,0.4567,No
CUST-14103,Male,0,No,Yes,4,Yes,No,DSL,Yes,No,No,Yes,No,Yes,Month-to-month,No,Credit card (automatic),77.4,295.12,Yes,0.4792,No
CUST-12922,Male,0,Yes,No,3,Yes,Yes,Fiber optic,No,Yes,No,No,Yes,No,Month-to-month,Yes,Electronic check,83.73,232.76,Yes,0.9703,Yes
CUST-12529,Female,0,No,No,31,Yes,Yes,No,No internet service,No internet service,No internet service,No internet service,No internet service,No internet service,One year,No,Bank transfer (automatic),34.1,1029.82,No,0.1446,No
CUST-11676,Male,0,No,No,70,Yes,No,DSL,No,Yes,No,No,No,No,Two year,No,Electronic check,58.98,4053.7,No,0.0545,No
CUST-11048,Female,0,No,No,22,Yes,Yes,Fiber optic,Yes,No,No,No,Yes,No,Month-to-month,No,Credit card (automatic),87.26,1788.41,Yes,0.7422,Yes
CUST-11960,Female,0,No,No,37,Yes,No,No,No internet service,No internet service,No internet service,No internet service,No internet service,No internet service,One year,No,Mailed check,31.91,1238.81,No,0.1384,No
CUST-12530,Female,0,No,No,1,Yes,No,No,No internet service,No internet service,No internet service,No internet service,No internet service,No internet service,Month-to-month,No,Mailed check,30.77,29.93,Yes,0.7528,Yes
CUST-12801,Male,0,No,Yes,51,Yes,No,Fiber optic,No,No,Yes,No,No,Yes,Two year,No,Bank transfer (automatic),97.4,5049.08,No,0.1787,No
CUST-10237,Male,0,Yes,No,68,No,No phone service,Fiber optic,No,No,Yes,Yes,Yes,No,Month-to-month,Yes,Credit card (automatic),110.3,7858.45,No,0.2772,No
CUST-12986,Female,1,Yes,Yes,56,Yes,Yes,Fiber optic,No,No,No,Yes,No,No,Month-to-month,Yes,Credit card (automatic),94.55,5402.38,No,0.4605,No
CUST-14842,Male,1,Yes,Yes,1,Yes,No,DSL,No,Yes,No,No,No,No,Month-to-month,Yes,Electronic check,56.05,55.17,Yes,0.9294,Yes
CUST-11133,Female,0,No,Yes,12,Yes,Yes,Fiber optic,No,Yes,Yes,No,No,No,One year,No,Electronic check,93.4,1096.79,Yes,0.7891,Yes
CUST-11805,Male,0,Yes,No,7,Yes,No,No,No internet service,No internet service,No internet service,No internet service,No internet service,No internet service,Two year,No,Credit card (automatic),55.88,360.91,Yes,0.2201,No
CUST-14345,Female,0,No,Yes,65,Yes,No,DSL,Yes,No,No,No,No,No,One year,No,Electronic check,70.79,4258.44,No,0.0342,No
CUST-10163,Male,0,No,No,71,Yes,Yes,Fiber optic,No,No,No,No,No,No,Month-to-month,Yes,Electronic check,71.3,5190.63,No,0.63,Yes
CUST-14290,Male,0,No,No,49,Yes,Yes,Fiber optic,No,No,No,No,No,No,Two year,Yes,Mailed check,87.89,4182.56,No,0.3151,No
CUST-14724,Male,0,Yes,No,48,Yes,No,DSL,No,No,Yes,Yes,Yes,No,Two year,No,Electronic check,74.72,3650.83,No,0.082,No
CUST-13364,Male,0,No,No,3,Yes,Yes,DSL,Yes,No,No,Yes,Yes,No,Month-to-month,Yes,Credit card (automatic),60.2,171.84,Yes,0.6824,Yes
CUST-14846,Female,0,Yes,No,35,Yes,No,DSL,No,No,No,No,No,Yes,One year,Yes,Mailed check,56.19,1999.19,No,0.223,No
CUST-13220,Female,0,Yes,No,34,Yes,No,Fiber optic,Yes,No,Yes,No,No,Yes,Month-to-month,No,Bank transfer (automatic),97.53,3414.25,Yes,0.634,Yes
CUST-13658,Male,0,Yes,No,5,Yes,No,Fiber optic,No,No,Yes,Yes,No,Yes,Month-to-month,Yes,Bank transfer (automatic),101.32,472.51,No,0.9206,Yes
CUST-13963,Male,0,Yes,Yes,5,Yes,Yes,DSL,No,No,Yes,No,Yes,No,Two year,No,Bank transfer (automatic),60.69,279.95,Yes,0.3376,No
CUST-11811,Female,0,No,Yes,52,Yes,No,DSL,Yes,Yes,No,No,Yes,No,Two year,No,Bank transfer (automatic),57.87,3067.58,No,0.0322,No
CUST-13131,Male,0,Yes,No,51,Yes,Yes,No,No internet service,No internet service,No internet service,No internet service,No internet service,No internet service,Month-to-month,No,Credit card (automatic),39.5,2025.99,No,0.1931,No
CUST-13399,Female,0,Yes,No,27,Yes,No,DSL,Yes,Yes,Yes,No,No,No,Month-to-month,Yes,Bank transfer (automatic),76.16,2086.37,Yes,0.5428,Yes
CUST-11428,Male,0,Yes,No,33,No,No phone service,Fiber optic,No,Yes,No,No,Yes,Yes,Two year,Yes,Mailed check,101.27,3342.38,Yes,0.4338,No
CUST-14458,Male,0,No,No,21,Yes,Yes,DSL,Yes,No,Yes,No,No,Yes,One year,No,Credit card (automatic),81.59,1585.63,No,0.1992,No
CUST-12818,Male,0,No,No,11,Yes,Yes,No,No internet service,No internet service,No internet service,No internet service,No internet service,No internet service,Month-to-month,No,Credit card (automatic),41.34,475.04,Yes,0.6593,Yes
CUST-14998,Female,0,Yes,Yes,2,Yes,No,No,No internet service,No internet service,No internet service,No internet service,No internet service,No internet service,Month-to-month,Yes,Bank transfer (automatic),36.69,68.8,Yes,0.7172,Yes
CUST-14924,Male,0,Yes,No,2,Yes,Yes,DSL,Yes,No,No,No,Yes,Yes,One year,Yes,Electronic check,85.93,164.59,No,0.5612,Yes
CUST-14664,Male,1,Yes,No,72,Yes,Yes,Fiber optic,Yes,Yes,No,Yes,Yes,Yes,One year,No,Bank transfer (automatic),97.04,6528.23,No,0.0421,No
CUST-14613,Female,0,Yes,No,11,Yes,No,DSL,Yes,Yes,Yes,Yes,Yes,No,Month-to-month,No,Mailed check,75.24,771.11,No,0.5065,Yes
CUST-11452,Male,1,Yes,No,67,Yes,Yes,Fiber optic,No,No,Yes,Yes,No,Yes,Month-to-month,Yes,Bank transfer (automatic),105.54,6520.81,Yes,0.4571,No
CUST-10593,Female,1,No,No,68,No,No phone service,Fiber optic,No,Yes,No,No,Yes,No,Two year,No,Bank transfer (automatic),96.52,6192.89,No,0.1247,No
CUST-12725,Female,0,No,No,67,Yes,Yes,Fiber optic,No,No,No,Yes,Yes,Yes,Month-to-month,Yes,Electronic check,89.14,6071.65,No,0.4953,No
CUST-10041,Female,0,Yes,No,33,Yes,No,DSL,Yes,No,No,No,Yes,No,Two year,Yes,Mailed check,76.71,2530.06,No,0.1279,No
CUST-10560,Female,0,No,No,36,No,No phone service,Fiber optic,Yes,No,No,No,Yes,No,Month-to-month,No,Mailed check,81.02,3058.1,Yes,0.6413,Yes
CUST-13221,Male,0,Yes,Yes,8,No,No phone service,DSL,No,No,No,Yes,No,Yes,Month-to-month,No,Electronic check,51.66,414.97,No,0.6105,Yes
CUST-13337,Male,0,No,No,61,Yes,Yes,DSL,Yes,No,Yes,No,Yes,No,One year,Yes,Credit card (automatic),69.75,4331.24,No,0.0719,No
CUST-10243,Female,0,No,No,14,Yes,No,No,No internet service,No internet service,No internet service,No internet service,No internet service,No internet service,One year,No,Mailed check,26.63,388.53,No,0.2626,No
CUST-11339,Male,0,No,No,57,Yes,No,Fiber optic,Yes,No,Yes,Yes,No,Yes,Month-to-month,Yes,Credit card (automatic),96.88,5594.55,No,0.3894,No
CUST-13764,Male,0,Yes,No,5,Yes,Yes,Fiber optic,No,No,No,No,No,No,Month-to-month,Yes,Mailed check,91.14,431.77,No,0.9486,Yes
CUST-13882,Female,0,Yes,No,65,Yes,No,DSL,No,No,Yes,Yes,No,No,One year,No,Bank transfer (automatic),70.97,4340.84,No,0.0225,No
CUST-14361,Female,1,No,No,11,Yes,Yes,Fiber optic,No,Yes,No,No,No,Yes,Month-to-month,No,Credit card (automatic),77.22,890.15,Yes,0.9462,Yes
CUST-11442,Female,0,Yes,No,61,Yes,Yes,DSL,No,No,Yes,Yes,No,No,Two year,Yes,Electronic check,75.59,4362.57,No,0.0618,No
CUST-10261,Male,1,No,No,40,Yes,Yes,DSL,No,Yes,Yes,No,Yes,No,Two year,No,Mailed check,81.33,3279.7,No,0.2653,No
CUST-14453,Female,0,No,No,48,Yes,Yes,DSL,No,No,No,No,No,Yes,Month-to-month,No,Mailed check,48.29,2214.82,No,0.3882,No
CUST-11689,Male,0,No,No,53,Yes,No,Fiber optic,No,No,No,Yes,Yes,No,One year,Yes,Mailed check,91.82,4966.12,Yes,0.2115,No
CUST-11725,Female,1,No,No,3,Yes,No,No,No internet service,No internet service,No internet service,No internet service,No internet service,No internet service,Month-to-month,Yes,Mailed check,35.22,98.83,Yes,0.8955,Yes
CUST-14085,Female,0,No,Yes,53,Yes,Yes,DSL,No,No,Yes,Yes,No,No,Month-to-month,Yes,Bank transfer (automatic),68.21,3440.46,No,0.2476,No
CUST-10834,Female,0,Yes,No,17,Yes,No,Fiber optic,No,No,No,No,Yes,No,One year,Yes,Mailed check,73.44,1282.78,Yes,0.681,Yes
CUST-11866,Male,0,No,No,40,Yes,No,Fiber optic,No,Yes,Yes,No,No,Yes,Month-to-month,Yes,Credit card (automatic),91.2,3364.03,Yes,0.8369,Yes
CUST-12496,Female,0,Yes,No,23,Yes,No,Fiber optic,No,No,No,No,No,Yes,Month-to-month,Yes,Mailed check,79.27,1751.2,Yes,0.8721,Yes
CUST-12010,Male,0,No,No,2,Yes,Yes,DSL,No,No,Yes,Yes,No,No,Month-to-month,No,Credit card (automatic),71.61,132.82,Yes,0.7346,Yes
CUST-10340,Female,0,No,No,32,Yes,No,No,No internet service,No internet service,No internet service,No internet service,No internet service,No internet service,Month-to-month,Yes,Bank transfer (automatic),23.29,751.91,No,0.5676,Yes
CUST-13008,Female,0,Yes,Yes,7,Yes,No,Fiber optic,No,Yes,No,No,Yes,Yes,Two year,No,Credit card (automatic),96.88,698.38,No,0.5703,Yes
CUST-11601,Female,0,No,Yes,53,Yes,No,DSL,Yes,No,No,Yes,Yes,No,One year,Yes,Electronic check,71.03,3881.66,No,0.0562,No
CUST-13760,Male,1,No,Yes,43,Yes,Yes,Fiber optic,No,Yes,No,No,Yes,No,Month-to-month,Yes,Mailed check,78.51,3230.62,Yes,0.8656,Yes
CUST-14709,Male,0,Yes,No,13,Yes,No,Fiber optic,Yes,No,No,No,No,Yes,Month-to-month,Yes,Mailed check,92.19,1199.46,No,0.8715,Yes
CUST-10480,Male,0,Yes,Yes,22,Yes,Yes,DSL,Yes,No,No,No,No,Yes,Month-to-month,Yes,Credit card (automatic),61.03,1252.89,No,0.4632,No
CUST-13074,Female,0,No,No,31,Yes,No,DSL,No,No,Yes,No,Yes,No,One year,Yes,Mailed check,63.68,2030.51,Yes,0.3871,No
CUST-13924,Female,0,Yes,No,7,Yes,Yes,Fiber optic,Yes,No,Yes,No,No,Yes,Month-to-month,No,Electronic check,90.47,625.66,Yes,0.9249,Yes
CUST-13621,Male,0,No,No,6,Yes,No,No,No internet service,No internet service,No internet service,No internet service,No internet service,No internet service,Month-to-month,Yes,Credit card (automatic),27.11,155.85,Yes,0.7916,Yes
CUST-14653,Male,0,No,No,71,Yes,Yes,DSL,Yes,Yes,Yes,No,No,Yes,Two year,No,Electronic check,68.28,4779.44,No,0.0406,No
CUST-13066,Female,0,Yes,No,24,Yes,No,No,No internet service,No internet service,No internet service,No internet service,No internet service,No internet service,Month-to-month,Yes,Electronic check,30.92,684.15,No,0.6819,Yes
CUST-14711,Female,0,Yes,No,14,No,No phone service,No,No internet service,No internet service,No internet service,No internet service,No internet service,No internet service,Month-to-month,Yes,Credit card (automatic),31.98,414.94,No,0.5977,Yes
CUST-11766,Female,0,Yes,No,5,Yes,No,DSL,No,Yes,Yes,Yes,No,Yes,One year,Yes,Mailed check,73.47,376.54,No,0.4579,No
CUST-14487,Male,0,Yes,No,15,Yes,Yes,DSL,No,No,No,No,Yes,Yes,One year,Yes,Credit card (automatic),45.98,639.25,No,0.3642,No
CUST-12453,Male,1,No,No,51,Yes,No,No,No internet service,No internet service,No internet service,No internet service,No internet service,No internet service,One year,No,Mailed check,36.65,1934.91,No,0.1299,No
CUST-12897,Female,0,Yes,Yes,39,Yes,Yes,DSL,No,No,Yes,No,Yes,Yes,One year,No,Credit card (automatic),76.87,3064.48,No,0.1147,No
CUST-13839,Female,0,Yes,Yes,62,Yes,No,Fiber optic,No,No,No,No,Yes,Yes,Month-to-month,Yes,Bank transfer (automatic),92.39,5409.57,Yes,0.4206,No
CUST-14040,Male,1,No,No,60,Yes,No,Fiber optic,No,Yes,Yes,Yes,No,No,Month-to-month,Yes,Mailed check,99.47,6256.65,Yes,0.6573,Yes
CUST-14692,Female,0,Yes,Yes,50,Yes,No,No,No internet service,No internet service,No internet service,No internet service,No internet service,No internet service,One year,Yes,Mailed check,20.83,1072.84,No,0.0853,No
CUST-13703,Female,0,Yes,No,2,Yes,Yes,Fiber optic,Yes,Yes,No,No,Yes,Yes,Month-to-month,Yes,Bank transfer (automatic),103.9,213.7,Yes,0.9261,Yes
CUST-11271,Male,1,No,No,12,No,No phone service,No,No internet service,No internet service,No internet service,No internet service,No internet service,No internet service,Month-to-month,Yes,Credit card (automatic),37.47,419.14,Yes,0.8251,Yes
CUST-13098,Male,0,Yes,No,61,Yes,Yes,Fiber optic,No,Yes,No,No,Yes,Yes,Month-to-month,Yes,Electronic check,96.91,5565.15,No,0.6381,Yes
CUST-14515,Female,1,Yes,Yes,18,Yes,Yes,No,No internet service,No internet service,No internet service,No internet service,No internet service,No internet service,Month-to-month,Yes,Credit card (automatic),30.98,567.87,Yes,0.6859,Yes
CUST-13778,Female,0,Yes,No,6,Yes,Yes,No,No internet service,No internet service,No internet service,No internet service,No internet service,No internet service,Month-to-month,No,Electronic check,40.2,253.04,Yes,0.7527,Yes
CUST-14155,Male,0,No,No,45,Yes,No,DSL,No,No,Yes,No,No,No,Month-to-month,No,Electronic check,46.8,2139.45,Yes,0.6044,Yes
CUST-10347,Female,0,Yes,No,19,No,No phone service,Fiber optic,Yes,No,No,No,No,No,Two year,Yes,Electronic check,92.19,1808.33,No,0.5361,Yes
CUST-13905,Female,0,Yes,Yes,53,Yes,No,DSL,Yes,Yes,Yes,No,Yes,No,Two year,Yes,Bank transfer (automatic),78.12,3867.3,No,0.0456,No
CUST-14638,Female,0,No,No,63,Yes,No,Fiber optic,Yes,No,No,Yes,No,No,One year,Yes,Electronic check,72.31,4227.31,No,0.1378,No
CUST-12562,Female,0,No,No,46,Yes,No,No,No internet service,No internet service,No internet service,No internet service,No internet service,No internet service,Month-to-month,Yes,Electronic check,34.8,1588.63,No,0.5726,Yes
CUST-14604,Male,0,No,Yes,17,Yes,No,Fiber optic,No,No,No,Yes,No,No,Month-to-month,No,Electronic check,85.78,1361.08,Yes,0.8217,Yes
CUST-11423,Female,1,Yes,No,55,Yes,Yes,DSL,No,No,Yes,No,Yes,Yes,One year,No,Mailed check,65.84,3455.27,No,0.135,No
CUST-10656,Female,0,No,No,0,Yes,No,DSL,Yes,No,No,No,No,No,Month-to-month,Yes,Mailed check,59.64,0.0,Yes,0.8274,Yes
CUST-12102,Male,1,No,No,12,No,No phone service,DSL,Yes,No,No,No,No,No,Month-to-month,Yes,Mailed check,63.53,725.44,No,0.8228,Yes
CUST-10632,Male,0,No,No,0,Yes,Yes,Fiber optic,Yes,No,No,Yes,No,No,Month-to-month,No,Electronic check,96.42,0.0,Yes,0.9053,Yes
CUST-14366,Male,0,Yes,No,21,Yes,Yes,DSL,Yes,No,No,No,No,Yes,Month-to-month,No,Mailed check,62.27,1279.66,No,0.4435,No
CUST-12493,Female,0,Yes,No,29,Yes,Yes,Fiber optic,Yes,No,No,No,Yes,Yes,Month-to-month,Yes,Bank transfer (automatic),96.94,2839.1,No,0.7481,Yes
CUST-12665,Female,0,No,Yes,58,Yes,No,DSL,No,No,No,Yes,No,Yes,Month-to-month,No,Mailed check,65.22,3511.93,No,0.1221,No
CUST-14925,Male,0,Yes,No,71,Yes,Yes,DSL,Yes,Yes,No,Yes,No,No,Month-to-month,Yes,Mailed check,78.59,5156.79,No,0.0668,No
CUST-13686,Male,0,No,No,29,No,No phone service,DSL,No,Yes,Yes,Yes,No,Yes,Month-to-month,No,Bank transfer (automatic),70.9,2053.25,No,0.4216,No
CUST-13372,Male,0,No,Yes,26,Yes,No,Fiber optic,Yes,No,No,No,No,No,One year,Yes,Bank transfer (automatic),87.86,2150.23,Yes,0.4254,No
CUST-14025,Male,1,No,No,30,Yes,Yes,Fiber optic,Yes,Yes,Yes,Yes,No,No,Month-to-month,Yes,Bank transfer (automatic),97.24,2992.6,Yes,0.8304,Yes
CUST-13618,Male,1,Yes,No,24,Yes,No,Fiber optic,No,No,No,Yes,Yes,No,Two year,Yes,Credit card (automatic),100.63,2374.8,No,0.5029,Yes
CUST-12500,Female,0,No,No,61,Yes,No,Fiber optic,Yes,Yes,No,No,Yes,No,Month-to-month,Yes,Bank transfer (automatic),98.75,5756.8,No,0.4165,No
CUST-11465,Male,0,Yes,No,57,Yes,Yes,No,No internet service,No internet service,No internet service,No internet service,No internet service,No internet service,Month-to-month,No,Bank transfer (automatic),30.33,1807.12,No,0.1708,No
CUST-14163,Male,1,Yes,No,29,Yes,Yes,Fiber optic,No,No,Yes,No,No,No,Month-to-month,No,Mailed check,84.99,2565.93,Yes,0.8937,Yes
CUST-10115,Female,0,No,No,64,Yes,No,DSL,Yes,Yes,No,No,Yes,No,Month-to-month,No,Credit card (automatic),63.71,3796.37,No,0.1188,No
CUST-11821,Female,0,Yes,No,58,Yes,No,No,No internet service,No internet service,No internet service,No internet service,No internet service,No internet service,Month-to-month,Yes,Credit card (automatic),34.53,1945.71,No,0.2341,No
CUST-11494,Male,0,Yes,No,9,Yes,Yes,DSL,Yes,No,No,No,No,Yes,Two year,No,Electronic check,61.27,555.92,No,0.2991,No
CUST-12401,Female,0,Yes,No,40,Yes,No,Fiber optic,No,No,Yes,No,Yes,No,Month-to-month,Yes,Mailed check,93.88,3766.39,No,0.8218,Yes
CUST-11232,Female,0,Yes,No,39,Yes,No,DSL,Yes,No,Yes,Yes,Yes,No,Two year,Yes,Credit card (automatic),62.23,2244.34,No,0.0685,No
CUST-12661,Female,1,No,Yes,64,Yes,No,No,No internet service,No internet service,No internet service,No internet service,No internet service,No internet service,Month-to-month,Yes,Credit card (automatic),24.68,1528.72,No,0.3369,No
CUST-12892,Male,1,No,No,69,Yes,Yes,DSL,No,Yes,No,No,No,Yes,Month-to-month,Yes,Mailed check,61.77,4103.36,No,0.406,No
CUST-14587,Male,0,Yes,Yes,5,Yes,Yes,Fiber optic,Yes,No,No,No,Yes,No,Month-to-month,Yes,Credit card (automatic),82.88,384.93,Yes,0.8863,Yes
CUST-11153,Female,0,Yes,No,32,Yes,No,DSL,Yes,No,No,No,No,Yes,One year,No,Bank transfer (automatic),80.17,2411.51,No,0.0794,No
CUST-13872,Female,1,Yes,No,41,No,No phone service,Fiber optic,No,No,Yes,No,No,No,Month-to-month,Yes,Electronic check,83.36,3560.08,Yes,0.9125,Yes
CUST-10057,Male,0,Yes,No,30,No,No phone service,DSL,Yes,No,Yes,Yes,No,No,Month-to-month,No,Electronic check,81.03,2289.75,No,0.3388,No
CUST-13650,Male,0,Yes,Yes,30,Yes,No,DSL,Yes,No,Yes,Yes,No,No,Month-to-month,Yes,Mailed check,74.62,2202.64,Yes,0.3534,No
CUST-14302,Male,0,No,Yes,67,Yes,No,No,No internet service,No internet service,No internet service,No internet service,No internet service,No internet service,Month-to-month,Yes,Electronic check,41.55,2783.41,No,0.293,No
CUST-14960,Male,0,No,No,71,Yes,No,No,No internet service,No internet service,No internet service,No internet service,No internet service,No internet service,One year,No,Credit card (automatic),18.59,1222.91,No,0.0379,No
CUST-11735,Female,0,Yes,No,38,Yes,No,DSL,No,Yes,No,Yes,Yes,Yes,Month-to-month,Yes,Credit card (automatic),91.57,3420.07,No,0.3293,No
CUST-12196,Male,0,Yes,Yes,54,Yes,No,DSL,No,No,No,Yes,No,No,Month-to-month,Yes,Electronic check,67.82,3453.18,No,0.2445,No
CUST-13575,Female,0,Yes,No,34,Yes,Yes,DSL,No,Yes,No,No,No,Yes,Month-to-month,Yes,Mailed check,74.71,2492.57,Yes,0.564,Yes
CUST-12475,Male,0,Yes,No,50,Yes,No,DSL,No,Yes,No,No,No,Yes,Month-to-month,Yes,Electronic check,64.72,3180.21,Yes,0.4824,No
CUST-12564,Male,1,No,No,40,Yes,Yes,Fiber optic,No,No,No,No,Yes,No,Two year,Yes,Credit card (automatic),72.36,2870.91,No,0.5858,Yes
CUST-13179,Male,0,Yes,No,32,Yes,No,Fiber optic,No,No,No,No,Yes,Yes,Month-to-month,Yes,Credit card (automatic),95.84,2926.76,No,0.8117,Yes
CUST-14058,Male,1,No,Yes,9,Yes,Yes,Fiber optic,Yes,Yes,Yes,No,Yes,No,One year,Yes,Electronic check,115.39,989.65,Yes,0.8958,Yes
CUST-13679,Female,0,No,No,53,Yes,Yes,DSL,Yes,Yes,No,No,No,Yes,Month-to-month,No,Electronic check,86.05,4742.11,Yes,0.2444,No
CUST-10707,Female,0,Yes,No,16,Yes,Yes,No,No internet service,No internet service,No internet service,No internet service,No internet service,No internet service,Two year,No,Mailed check,31.31,503.91,No,0.1678,No
CUST-14294,Female,0,No,No,43,Yes,Yes,Fiber optic,No,No,No,No,Yes,Yes,One year,No,Credit card (automatic),91.56,4014.16,No,0.3083,No
CUST-11093,Male,0,Yes,Yes,7,Yes,Yes,Fiber optic,No,No,No,No,Yes,No,Month-to-month,No,Electronic check,86.9,592.17,Yes,0.9294,Yes
CUST-14460,Male,0,No,No,39,Yes,Yes,No,No internet service,No internet service,No internet service,No internet service,No internet service,No internet service,One year,Yes,Credit card (automatic),30.87,1171.19,No,0.1843,No
CUST-11376,Female,0,No,Yes,3,No,No phone service,Fiber optic,No,No,No,No,No,Yes,Month-to-month,Yes,Credit card (automatic),88.52,275.55,Yes,0.9428,Yes
CUST-14928,Male,0,No,No,66,Yes,Yes,DSL,No,Yes,Yes,Yes,No,No,Month-to-month,Yes,Electronic check,72.46,4504.7,Yes,0.3032,No
CUST-10072,Male,0,Yes,No,20,Yes,No,DSL,No,Yes,No,Yes,No,No,Month-to-month,Yes,Mailed check,63.72,1253.67,No,0.5593,Yes
CUST-11922,Female,0,No,No,42,Yes,Yes,Fiber optic,No,No,Yes,No,No,Yes,Month-to-month,Yes,Credit card (automatic),89.91,3525.99,Yes,0.819,Yes
CUST-13194,Female,0,No,No,4,Yes,Yes,DSL,No,Yes,Yes,No,Yes,No,Two year,Yes,Mailed check,71.62,297.46,Yes,0.6521,Yes
CUST-11764,Female,0,Yes,No,15,Yes,Yes,Fiber optic,Yes,No,No,No,No,No,Month-to-month,No,Electronic check,83.78,1273.27,No,0.8414,Yes
CUST-10743,Male,0,Yes,Yes,66,Yes,Yes,Fiber optic,No,Yes,Yes,No,No,No,Month-to-month,No,Credit card (automatic),89.44,5846.75,No,0.3246,No
CUST-14207,Female,0,Yes,No,41,Yes,No,Fiber optic,Yes,No,No,No,No,Yes,Month-to-month,Yes,Credit card (automatic),102.79,3882.45,Yes,0.5893,Yes
CUST-11005,Female,0,Yes,No,72,Yes,Yes,Fiber optic,Yes,No,No,Yes,No,Yes,Month-to-month,Yes,Bank transfer (automatic),92.43,6332.27,No,0.15,No
CUST-12668,Male,0,No,Yes,5,Yes,Yes,Fiber optic,Yes,No,Yes,No,No,No,Month-to-month,Yes,Credit card (automatic),90.37,473.44,Yes,0.9363,Yes
CUST-11190,Male,0,No,Yes,37,No,No phone service,Fiber optic,No,Yes,No,No,No,Yes,Month-to-month,No,Credit card (automatic),95.04,3327.2,Yes,0.637,Yes
CUST-13633,Female,0,No,Yes,36,Yes,Yes,No,No internet service,No internet service,No internet service,No internet service,No internet service,No internet service,Month-to-month,Yes,Electronic check,39.11,1438.2,Yes,0.6084,Yes
CUST-12601,Male,0,No,No,15,Yes,Yes,Fiber optic,Yes,No,No,No,No,No,One year,No,Mailed check,96.14,1455.59,No,0.5123,Yes
CUST-11125,Female,0,Yes,No,63,Yes,Yes,DSL,No,No,No,Yes,Yes,Yes,Month-to-month,Yes,Mailed check,69.4,4525.93,No,0.1599,No
CUST-11241,Female,0,No,No,50,Yes,Yes,DSL,Yes,No,Yes,Yes,No,No,Month-to-month,No,Electronic check,86.26,4270.42,No,0.2085,No
CUST-14773,Female,0,Yes,No,22,Yes,No,No,No internet service,No internet service,No internet service,No internet service,No internet service,No internet service,Month-to-month,Yes,Mailed check,39.35,872.3,No,0.6029,Yes
CUST-14331,Male,0,Yes,No,22,No,No phone service,No,No internet service,No internet service,No internet service,No internet service,No internet service,No internet service,Two year,Yes,Mailed check,26.1,552.31,No,0.1995,No
CUST-13463,Male,0,No,No,55,Yes,No,Fiber optic,No,No,No,No,No,Yes,Month-to-month,Yes,Credit card (automatic),86.24,4968.48,No,0.6323,Yes
CUST-10998,Female,0,No,Yes,26,Yes,No,DSL,No,Yes,No,Yes,No,Yes,Two year,No,Bank transfer (automatic),78.69,1886.56,No,0.0819,No
CUST-13407,Female,0,Yes,Yes,45,Yes,Yes,DSL,No,No,No,Yes,No,No,One year,Yes,Credit card (automatic),51.83,2308.61,No,0.0661,No
CUST-12684,Female,0,Yes,No,69,Yes,Yes,DSL,No,Yes,No,Yes,Yes,Yes,Month-to-month,Yes,Bank transfer (automatic),59.6,4031.28,No,0.1218,No
CUST-11577,Female,0,No,No,1,Yes,No,Fiber optic,Yes,No,No,Yes,Yes,No,Month-to-month,Yes,Mailed check,81.23,80.39,Yes,0.9088,Yes
CUST-14805,Female,0,Yes,No,69,No,No phone service,Fiber optic,Yes,No,Yes,No,Yes,Yes,Month-to-month,No,Bank transfer (automatic),92.51,6436.32,Yes,0.2141,No
CUST-11826,Male,0,No,No,8,Yes,No,No,No internet service,No internet service,No internet service,No internet service,No internet service,No internet service,Month-to-month,Yes,Mailed check,28.61,216.85,Yes,0.807,Yes
CUST-13313,Male,0,No,No,48,Yes,No,Fiber optic,No,No,No,No,Yes,No,Month-to-month,Yes,Mailed check,88.9,4442.29,Yes,0.7721,Yes
CUST-13558,Male,0,No,No,10,Yes,Yes,DSL,No,Yes,No,No,No,Yes,Two year,No,Mailed check,71.37,696.36,No,0.3731,No
CUST-10440,Female,1,Yes,No,49,Yes,Yes,No,No internet service,No internet service,No internet service,No internet service,No internet service,No internet service,One year,Yes,Electronic check,44.41,2283.38,No,0.225,No
CUST-14966,Male,0,Yes,Yes,37,Yes,Yes,Fiber optic,No,No,No,No,Yes,No,Month-to-month,Yes,Bank transfer (automatic),102.25,3771.3,Yes,0.7304,Yes
CUST-11100,Male,0,No,No,43,Yes,Yes,DSL,No,Yes,No,No,No,No,Two year,No,Electronic check,66.54,2696.4,No,0.1637,No
CUST-14034,Male,0,Yes,Yes,48,Yes,Yes,DSL,No,No,No,No,No,Yes,Two year,Yes,Mailed check,50.51,2466.61,No,0.107,No
CUST-14001,Female,0,No,Yes,66,Yes,No,No,No internet service,No internet service,No internet service,No internet service,No internet service,No internet service,Two year,Yes,Mailed check,24.66,1619.27,No,0.0526,No
CUST-10649,Female,0,Yes,Yes,39,Yes,No,Fiber optic,Yes,No,No,Yes,No,Yes,Two year,Yes,Bank transfer (automatic),98.52,3600.21,No,0.1121,No
CUST-11546,Female,0,Yes,No,29,No,No phone service,Fiber optic,Yes,No,Yes,No,No,No,Month-to-month,No,Mailed check,81.94,2434.71,No,0.6973,Yes
CUST-13560,Male,0,Yes,No,47,Yes,No,Fiber optic,No,No,Yes,Yes,No,No,One year,Yes,Bank transfer (automatic),109.31,5307.25,Yes,0.2328,No
CUST-14831,Male,1,No,No,59,Yes,No,Fiber optic,Yes,No,No,Yes,Yes,No,Two year,No,Bank transfer (automatic),99.91,6059.77,No,0.0761,No
CUST-13184,Female,0,No,Yes,61,Yes,No,Fiber optic,No,No,No,Yes,Yes,Yes,Month-to-month,No,Mailed check,103.17,6221.93,Yes,0.2594,No
CUST-13207,Female,0,No,No,47,Yes,Yes,Fiber optic,Yes,No,No,No,Yes,Yes,Month-to-month,Yes,Electronic check,90.41,4374.93,Yes,0.7589,Yes
CUST-13765,Male,0,Yes,Yes,30,Yes,No,Fiber optic,Yes,No,No,Yes,No,Yes,One year,Yes,Electronic check,99.8,2883.7,Yes,0.3102,No
CUST-10630,Female,0,No,No,69,Yes,No,Fiber optic,Yes,No,No,No,No,Yes,One year,Yes,Electronic check,101.99,7304.03,No,0.1485,No
CUST-10672,Female,0,No,No,41,No,No phone service,Fiber optic,Yes,No,Yes,No,Yes,No,Two year,Yes,Electronic check,98.35,4084.9,Yes,0.4478,No
CUST-11249,Female,0,No,No,36,Yes,No,DSL,No,No,Yes,No,Yes,Yes,Month-to-month,Yes,Electronic check,60.53,2252.85,Yes,0.7869,Yes
CUST-10482,Male,0,No,No,6,Yes,Yes,Fiber optic,No,No,No,No,Yes,No,Month-to-month,No,Credit card (automatic),83.96,500.95,No,0.9281,Yes
CUST-11584,Female,0,Yes,No,17,Yes,Yes,DSL,Yes,Yes,Yes,Yes,Yes,Yes,Month-to-month,No,Mailed check,89.17,1465.59,No,0.4099,No
CUST-13095,Female,0,Yes,Yes,20,Yes,No,DSL,Yes,No,No,No,Yes,No,Month-to-month,Yes,Mailed check,58.3,1223.24,Yes,0.538,Yes
CUST-14743,Male,0,No,No,42,Yes,Yes,DSL,No,Yes,Yes,No,No,No,One year,Yes,Electronic check,61.57,2488.89,No,0.3756,No
CUST-13058,Male,0,No,Yes,41,Yes,Yes,DSL,No,Yes,No,No,No,No,Month-to-month,Yes,Credit card (automatic),57.46,2431.57,Yes,0.492,No
CUST-11462,Male,0,No,No,11,Yes,Yes,Fiber optic,No,No,No,No,No,No,Two year,Yes,Bank transfer (automatic),102.28,1166.78,No,0.7526,Yes
CUST-14073,Female,0,No,Yes,57,Yes,No,Fiber optic,Yes,No,No,Yes,Yes,No,Two year,Yes,Bank transfer (automatic),99.73,5417.27,No,0.0612,No
CUST-14915,Male,0,No,No,15,Yes,No,Fiber optic,No,No,No,Yes,No,Yes,Two year,No,Electronic check,96.44,1437.5,No,0.5417,Yes
CUST-12578,Female,0,No,No,38,Yes,No,Fiber optic,Yes,Yes,No,No,Yes,Yes,Two year,Yes,Bank transfer (automatic),99.19,3599.76,No,0.3061,No
CUST-13825,Female,0,Yes,No,31,Yes,No,No,No internet service,No internet service,No internet service,No internet service,No internet service,No internet service,Two year,Yes,Bank transfer (automatic),40.31,1154.24,No,0.1437,No
CUST-10049,Female,0,Yes,No,63,Yes,No,Fiber optic,No,Yes,No,Yes,Yes,Yes,One year,Yes,Mailed check,95.5,5618.09,No,0.1069,No
CUST-14303,Male,0,No,No,20,Yes,No,DSL,No,Yes,No,No,No,No,One year,No,Mailed check,54.48,1110.18,No,0.2901,No
CUST-13077,Female,0,Yes,Yes,43,No,No phone service,DSL,Yes,Yes,Yes,No,No,Yes,Month-to-month,Yes,Electronic check,76.45,3228.71,Yes,0.4244,No
CUST-10858,Female,0,No,No,56,Yes,No,Fiber optic,No,Yes,No,Yes,Yes,No,Month-to-month,Yes,Electronic check,113.65,6107.46,Yes,0.5702,Yes
CUST-11072,Female,0,No,No,22,Yes,No,Fiber optic,No,No,No,Yes,No,Yes,Month-to-month,Yes,Mailed check,92.31,1881.81,No,0.8314,Yes
CUST-10719,Female,0,No,No,51,Yes,Yes,Fiber optic,No,No,No,Yes,Yes,No,Month-to-month,No,Bank transfer (automatic),83.13,4312.52,Yes,0.4073,No
CUST-13605,Male,1,Yes,Yes,62,Yes,Yes,Fiber optic,No,Yes,Yes,No,Yes,No,Month-to-month,Yes,Electronic check,96.08,5722.66,Yes,0.7638,Yes
CUST-12631,Female,0,Yes,Yes,66,Yes,No,DSL,No,No,Yes,No,Yes,Yes,Month-to-month,No,Electronic check,71.58,4951.82,No,0.2237,No
CUST-14888,Male,0,No,No,8,Yes,Yes,DSL,Yes,No,No,No,Yes,Yes,Two year,No,Bank transfer (automatic),66.01,554.15,No,0.2673,No
CUST-11660,Female,0,Yes,No,5,Yes,Yes,Fiber optic,No,No,Yes,Yes,Yes,No,One year,Yes,Mailed check,114.78,557.03,Yes,0.7602,Yes
CUST-11656,Female,1,Yes,No,42,Yes,Yes,DSL,No,No,No,No,No,No,Two year,Yes,Credit card (automatic),34.11,1446.65,No,0.226,No
CUST-12425,Female,0,No,No,2,Yes,No,Fiber optic,Yes,No,No,No,No,No,Month-to-month,No,Credit card (automatic),81.33,168.18,Yes,0.8933,Yes
CUST-14607,Male,0,Yes,Yes,49,Yes,Yes,Fiber optic,Yes,No,Yes,Yes,Yes,No,Month-to-month,Yes,Electronic check,109.32,5613.11,No,0.502,Yes
CUST-14242,Female,0,No,No,48,Yes,Yes,DSL,No,Yes,No,No,No,No,Month-to-month,Yes,Credit card (automatic),49.86,2488.77,No,0.4757,No
CUST-14989,Female,0,Yes,No,62,Yes,No,DSL,No,Yes,Yes,Yes,Yes,No,Month-to-month,Yes,Bank transfer (automatic),75.73,4503.02,No,0.1754,No
CUST-14457,Male,0,Yes,No,1,Yes,Yes,Fiber optic,No,Yes,Yes,No,Yes,No,Month-to-month,Yes,Mailed check,98.47,98.31,Yes,0.972,Yes
CUST-14490,Male,0,No,No,4,Yes,Yes,No,No internet service,No internet service,No internet service,No internet service,No internet service,No internet service,One year,No,Electronic check,34.25,133.0,Yes,0.4913,No
CUST-13326,Male,0,No,No,56,No,No phone service,Fiber optic,No,Yes,No,No,No,Yes,One year,Yes,Credit card (automatic),94.88,5132.12,No,0.2268,No
CUST-14766,Female,0,No,Yes,14,Yes,No,Fiber optic,Yes,No,Yes,No,Yes,No,Two year,Yes,Electronic check,95.91,1273.78,Yes,0.7084,Yes
CUST-14139,Female,0,No,No,63,Yes,Yes,Fiber optic,No,No,No,Yes,Yes,No,Month-to-month,Yes,Mailed check,89.32,5194.1,No,0.4302,No
CUST-12606,Female,0,Yes,No,69,Yes,Yes,DSL,No,No,No,No,Yes,No,Month-to-month,Yes,Mailed check,68.94,4376.63,No,0.2099,No
CUST-11385,Male,0,Yes,No,16,Yes,Yes,Fiber optic,No,No,Yes,No,No,Yes,Month-to-month,Yes,Credit card (automatic),94.05,1460.45,Yes,0.9178,Yes
CUST-13859,Male,0,Yes,No,71,No,No phone service,DSL,No,No,No,No,No,No,Two year,No,Credit card (automatic),51.49,3507.81,No,0.0208,No
CUST-11399,Male,0,Yes,No,7,Yes,No,Fiber optic,No,No,No,No,Yes,No,Two year,Yes,Bank transfer (automatic),81.57,550.06,No,0.7308,Yes
CUST-11195,Female,0,No,No,39,Yes,No,Fiber optic,No,Yes,Yes,No,No,No,Month-to-month,Yes,Electronic check,95.82,3912.34,Yes,0.9036,Yes
CUST-11408,Male,0,Yes,No,51,Yes,No,DSL,No,No,No,No,No,Yes,One year,Yes,Electronic check,56.76,2720.37,No,0.168,No
CUST-13848,Female,0,Yes,No,4,Yes,Yes,No,No internet service,No internet service,No internet service,No internet service,No internet service,No internet service,Two year,No,Credit card (automatic),34.25,132.32,Yes,0.2364,No
CUST-11798,Male,0,No,Yes,48,Yes,No,No,No internet service,No internet service,No internet service,No internet service,No internet service,No internet service,Month-to-month,Yes,Credit card (automatic),30.45,1361.35,No,0.3699,No
CUST-11475,Male,0,Yes,No,46,Yes,Yes,Fiber optic,No,No,No,Yes,Yes,Yes,Month-to-month,Yes,Electronic check,93.45,4452.0,Yes,0.6999,Yes
CUST-13271,Male,1,Yes,Yes,57,Yes,Yes,No,No internet service,No internet service,No internet service,No internet service,No internet service,No internet service,Month-to-month,Yes,Credit card (automatic),27.0,1602.92,No,0.3381,No
CUST-10035,Male,0,No,No,0,Yes,Yes,DSL,No,No,Yes,No,Yes,No,Two year,Yes,Credit card (automatic),80.59,0.0,No,0.658,Yes
CUST-13563,Female,0,Yes,No,33,Yes,Yes,DSL,No,Yes,No,Yes,Yes,No,Month-to-month,Yes,Bank transfer (automatic),78.23,2602.52,Yes,0.3967,No
CUST-12345,Male,0,No,Yes,20,Yes,No,Fiber optic,No,Yes,No,No,Yes,Yes,Two year,Yes,Electronic check,98.18,1963.93,No,0.717,Yes
CUST-13230,Female,0,No,No,29,Yes,No,Fiber optic,Yes,Yes,Yes,No,No,Yes,Two year,Yes,Bank transfer (automatic),105.22,3179.47,No,0.4697,No
CUST-12359,Male,0,No,No,46,Yes,No,DSL,Yes,No,Yes,Yes,Yes,Yes,One year,No,Electronic check,66.23,2901.15,No,0.0917,No
CUST-12206,Male,0,No,No,58,Yes,No,No,No internet service,No internet service,No internet service,No internet service,No internet service,No internet service,Two year,No,Credit card (automatic),50.32,2746.13,No,0.0377,No
CUST-14771,Female,1,Yes,No,7,Yes,Yes,Fiber optic,No,No,No,No,No,Yes,Month-to-month,No,Credit card (automatic),87.48,627.88,Yes,0.9393,Yes
CUST-11286,Female,1,No,No,22,Yes,Yes,DSL,No,Yes,Yes,Yes,Yes,No,Month-to-month,No,Mailed check,73.59,1683.67,No,0.6992,Yes
CUST-10349,Male,0,No,No,51,Yes,Yes,No,No internet service,No internet service,No internet service,No internet service,No internet service,No internet service,Month-to-month,Yes,Credit card (automatic),35.63,1844.09,No,0.3584,No
CUST-12137,Male,0,No,No,59,Yes,Yes,Fiber optic,Yes,Yes,No,No,No,Yes,Two year,Yes,Electronic check,97.57,5312.43,Yes,0.2017,No
CUST-12691,Female,0,Yes,No,32,Yes,No,DSL,No,No,Yes,No,Yes,Yes,Month-to-month,No,Bank transfer (automatic),70.07,2163.96,Yes,0.5027,Yes
CUST-14853,Male,0,No,Yes,45,Yes,Yes,No,No internet service,No internet service,No internet service,No internet service,No internet service,No internet service,Month-to-month,Yes,Electronic check,29.15,1248.19,No,0.5475,Yes
CUST-14574,Female,0,No,No,60,Yes,Yes,Fiber optic,No,No,Yes,No,Yes,No,Two year,No,Bank transfer (automatic),83.59,4785.76,No,0.1664,No
CUST-11681,Male,0,Yes,No,26,Yes,No,Fiber optic,Yes,No,Yes,No,No,No,Month-to-month,Yes,Bank transfer (automatic),83.69,2165.81,No,0.8185,Yes
CUST-14634,Male,0,No,Yes,7,Yes,Yes,DSL,Yes,No,No,No,Yes,Yes,Month-to-month,Yes,Bank transfer (automatic),72.88,534.56,Yes,0.7468,Yes
CUST-11443,Male,0,No,Yes,56,Yes,No,Fiber optic,No,No,No,No,No,No,Month-to-month,Yes,Credit card (automatic),91.82,5031.71,No,0.5499,Yes
CUST-13264,Female,0,No,No,61,Yes,No,Fiber optic,Yes,No,Yes,No,Yes,Yes,Month-to-month,Yes,Electronic check,110.25,6574.06,No,0.6154,Yes
CUST-11671,Female,0,No,Yes,34,Yes,No,DSL,No,No,No,No,Yes,Yes,Month-to-month,Yes,Mailed check,58.5,2047.15,Yes,0.6089,Yes
CUST-13657,Female,0,No,No,15,Yes,Yes,Fiber optic,No,Yes,No,No,No,Yes,Month-to-month,No,Mailed check,86.12,1267.27,Yes,0.8867,Yes
CUST-11179,Male,0,No,Yes,27,Yes,Yes,DSL,No,No,No,No,No,Yes,Month-to-month,No,Electronic check,74.06,1896.53,Yes,0.6305,Yes
CUST-12798,Female,0,No,Yes,24,Yes,No,No,No internet service,No internet service,No internet service,No internet service,No internet service,No internet service,One year,Yes,Electronic check,39.77,952.96,No,0.3321,No
CUST-11692,Female,0,No,No,58,Yes,Yes,Fiber optic,No,No,Yes,No,Yes,Yes,Month-to-month,No,Bank transfer (automatic),97.02,5784.18,No,0.5338,Yes
CUST-13898,Male,0,Yes,No,10,Yes,Yes,Fiber optic,Yes,Yes,No,Yes,No,No,Two year,No,Electronic check,96.0,944.79,Yes,0.4411,No
CUST-10372,Male,0,Yes,Yes,33,Yes,Yes,Fiber optic,No,No,No,No,No,Yes,Month-to-month,Yes,Bank transfer (automatic),82.24,2832.06,No,0.7743,Yes
CUST-13634,Female,0,No,No,64,Yes,No,Fiber optic,No,No,No,Yes,Yes,Yes,Two year,No,Mailed check,89.63,5347.06,No,0.0701,No
CUST-11916,Male,0,Yes,No,41,Yes,No,No,No internet service,No internet service,No internet service,No internet service,No internet service,No internet service,One year,No,Bank transfer (automatic),35.96,1472.72,No,0.0826,No
CUST-11357,Male,0,No,No,60,Yes,No,Fiber optic,Yes,Yes,No,No,No,Yes,Month-to-month,No,Mailed check,100.16,5919.68,No,0.3376,No
CUST-11825,Female,0,No,No,71,Yes,No,Fiber optic,No,Yes,No,No,Yes,No,One year,No,Electronic check,96.33,6556.02,No,0.1493,No
CUST-10786,Male,0,Yes,No,7,Yes,No,Fiber optic,Yes,Yes,Yes,Yes,Yes,No,One year,No,Mailed check,116.54,771.58,No,0.5057,Yes
CUST-10469,Female,0,Yes,No,68,Yes,Yes,DSL,No,Yes,Yes,Yes,Yes,Yes,Month-to-month,Yes,Mailed check,85.68,5795.84,No,0.1535,No
CUST-10140,Female,0,Yes,No,68,Yes,Yes,Fiber optic,Yes,No,No,Yes,Yes,Yes,One year,Yes,Mailed check,104.41,6541.02,No,0.0497,No
CUST-10788,Female,0,Yes,No,56,No,No phone service,Fiber optic,No,No,Yes,No,Yes,Yes,One year,Yes,Mailed check,102.59,5814.15,No,0.2546,No
CUST-10323,Female,1,Yes,No,14,Yes,No,No,No internet service,No internet service,No internet service,No internet service,No internet service,No internet service,Month-to-month,No,Credit card (automatic),39.22,523.24,Yes,0.6416,Yes
CUST-10050,Female,0,No,No,48,Yes,No,DSL,No,Yes,No,Yes,Yes,No,Month-to-month,Yes,Credit card (automatic),83.39,3817.04,No,0.2964,No
CUST-10714,Female,0,Yes,No,17,Yes,Yes,Fiber optic,No,Yes,No,Yes,No,No,Month-to-month,No,Bank transfer (automatic),99.01,1616.28,No,0.7027,Yes
CUST-14502,Female,0,Yes,Yes,71,Yes,No,DSL,No,Yes,Yes,Yes,Yes,Yes,Month-to-month,No,Mailed check,73.11,4878.71,No,0.0766,No
CUST-12840,Male,0,No,Yes,8,Yes,No,No,No internet service,No internet service,No internet service,No internet service,No internet service,No internet service,One year,Yes,Bank transfer (automatic),37.07,307.24,Yes,0.3902,No
CUST-12446,Female,0,No,Yes,54,Yes,Yes,No,No internet service,No internet service,No internet service,No internet service,No internet service,No internet service,Month-to-month,Yes,Bank transfer (automatic),44.58,2379.35,No,0.2647,No
CUST-14828,Female,0,Yes,Yes,47,Yes,No,Fiber optic,No,No,No,No,No,No,Month-to-month,Yes,Electronic check,77.02,3457.45,No,0.7517,Yes
CUST-14775,Male,0,Yes,No,47,Yes,Yes,Fiber optic,Yes,Yes,No,No,Yes,Yes,Two year,No,Electronic check,100.1,4840.59,No,0.1972,No
CUST-14610,Male,1,Yes,No,65,Yes,No,DSL,No,Yes,Yes,No,No,Yes,Month-to-month,No,Mailed check,68.02,4387.94,No,0.3108,No
CUST-13035,Female,0,Yes,Yes,21,Yes,Yes,DSL,Yes,No,No,No,No,Yes,Month-to-month,No,Electronic check,55.36,1139.92,No,0.4843,No
CUST-12666,Male,0,No,Yes,24,Yes,No,DSL,No,Yes,Yes,Yes,Yes,Yes,One year,Yes,Credit card (automatic),88.02,1963.72,No,0.2228,No
CUST-10406,Male,1,No,No,47,Yes,No,No,No internet service,No internet service,No internet service,No internet service,No internet service,No internet service,Two year,Yes,Mailed check,44.57,1976.11,No,0.2087,No
CUST-13380,Female,0,Yes,Yes,1,Yes,Yes,Fiber optic,No,No,No,No,Yes,Yes,One year,Yes,Mailed check,92.62,90.0,Yes,0.8052,Yes
CUST-11004,Male,0,No,Yes,44,Yes,Yes,DSL,No,Yes,No,No,Yes,No,One year,Yes,Mailed check,75.36,3360.52,Yes,0.177,No
CUST-13225,Female,1,No,Yes,46,Yes,Yes,Fiber optic,No,No,Yes,Yes,Yes,Yes,Month-to-month,Yes,Credit card (automatic),119.03,5489.33,Yes,0.7321,Yes
CUST-10890,Male,0,No,No,23,Yes,No,No,No internet service,No internet service,No internet service,No internet service,No internet service,No internet service,Two year,No,Electronic check,28.79,692.9,No,0.2494,No
CUST-12411,Male,0,No,No,31,Yes,Yes,Fiber optic,Yes,Yes,Yes,No,No,No,Month-to-month,No,Credit card (automatic),100.11,3106.77,Yes,0.7307,Yes
CUST-12545,Male,1,Yes,No,17,Yes,Yes,No,No internet service,No internet service,No internet service,No internet service,No internet service,No internet service,Month-to-month,Yes,Credit card (automatic),40.74,664.03,Yes,0.743,Yes
CUST-14856,Female,0,No,No,69,Yes,Yes,DSL,Yes,No,Yes,No,No,No,One year,Yes,Electronic check,67.41,4851.95,No,0.0828,No
CUST-12390,Male,0,No,No,43,Yes,No,Fiber optic,Yes,No,No,Yes,No,No,Month-to-month,No,Credit card (automatic),95.06,4190.66,Yes,0.3824,No
CUST-13964,Male,0,No,No,42,Yes,No,Fiber optic,Yes,No,No,Yes,No,No,One year,Yes,Electronic check,99.97,4078.59,No,0.2948,No
CUST-10042,Female,0,No,Yes,23,No,No phone service,Fiber optic,Yes,Yes,No,No,Yes,Yes,One year,Yes,Credit card (automatic),89.78,1916.79,Yes,0.4193,No
CUST-12830,Female,0,Yes,No,22,Yes,No,DSL,Yes,No,Yes,Yes,No,No,Month-to-month,Yes,Bank transfer (automatic),81.3,1797.08,No,0.4266,No
CUST-13331,Female,0,Yes,No,35,No,No phone service,DSL,No,Yes,No,Yes,No,No,Month-to-month,Yes,Bank transfer (automatic),64.5,2275.19,No,0.3376,No
CUST-10303,Female,0,No,Yes,52,No,No phone service,Fiber optic,No,No,Yes,No,No,No,Two year,Yes,Mailed check,80.53,4166.29,Yes,0.2744,No
CUST-14527,Male,0,Yes,Yes,62,Yes,Yes,Fiber optic,No,Yes,No,No,Yes,Yes,Two year,Yes,Mailed check,89.3,5741.94,No,0.1434,No
CUST-13771,Male,0,Yes,No,65,Yes,No,Fiber optic,No,No,Yes,No,Yes,Yes,Month-to-month,No,Credit card (automatic),88.02,5931.06,No,0.4054,No
CUST-10664,Female,0,Yes,Yes,23,No,No phone service,Fiber optic,No,No,Yes,No,No,Yes,Month-to-month,Yes,Credit card (automatic),74.79,1609.14,Yes,0.8443,Yes
CUST-11177,Male,0,No,No,30,Yes,No,DSL,Yes,No,No,Yes,Yes,Yes,One year,Yes,Mailed check,80.56,2282.34,No,0.1337,No
CUST-12676,Female,0,Yes,Yes,24,Yes,No,No,No internet service,No internet service,No internet service,No internet service,No internet service,No internet service,Month-to-month,Yes,Electronic check,47.23,1049.38,Yes,0.6215,Yes
CUST-11947,Female,0,No,No,37,Yes,No,No,No internet service,No internet service,No internet service,No internet service,No internet service,No internet service,Month-to-month,No,Credit card (automatic),28.54,1066.34,No,0.3846,No
CUST-12501,Male,0,No,Yes,24,Yes,Yes,Fiber optic,Yes,Yes,No,No,Yes,No,One year,Yes,Credit card (automatic),89.38,2011.21,Yes,0.453,No
CUST-11473,Male,0,Yes,No,47,Yes,No,DSL,No,Yes,Yes,No,No,Yes,One year,No,Bank transfer (automatic),79.66,3799.37,No,0.0991,No
CUST-13505,Female,0,Yes,No,41,Yes,No,Fiber optic,No,Yes,Yes,Yes,Yes,Yes,One year,No,Credit card (automatic),101.12,3970.51,No,0.2021,No
CUST-13542,Male,0,No,Yes,47,Yes,No,DSL,No,No,No,No,Yes,No,Month-to-month,No,Electronic check,50.83,2486.4,No,0.466,No
CUST-12132,Female,0,Yes,No,72,Yes,No,Fiber optic,No,No,No,No,Yes,No,One year,Yes,Mailed check,88.1,6588.33,No,0.1302,No
CUST-11026,Male,0,No,No,4,Yes,No,DSL,Yes,Yes,No,No,No,No,One year,Yes,Mailed check,70.24,267.29,No,0.4789,No
CUST-10961,Male,0,No,No,71,Yes,Yes,DSL,Yes,No,Yes,No,Yes,Yes,Month-to-month,No,Electronic check,76.87,5249.99,No,0.1891,No
CUST-12889,Male,1,Yes,Yes,28,Yes,Yes,DSL,No,No,No,No,No,No,Two year,Yes,Bank transfer (automatic),45.77,1325.42,No,0.2884,No
CUST-13386,Female,0,No,No,8,Yes,Yes,No,No internet service,No internet service,No internet service,No internet service,No internet service,No internet service,Month-to-month,Yes,Mailed check,32.38,260.7,No,0.8045,Yes
CUST-12009,Female,0,Yes,No,48,Yes,No,Fiber optic,Yes,No,Yes,No,Yes,No,One year,Yes,Mailed check,110.08,5148.22,No,0.2706,No
CUST-12149,Female,0,Yes,No,41,Yes,No,Fiber optic,Yes,No,Yes,Yes,No,No,Month-to-month,Yes,Mailed check,108.78,4118.22,No,0.5455,Yes
CUST-13344,Female,0,Yes,No,70,Yes,No,No,No internet service,No internet service,No internet service,No internet service,No internet service,No internet service,Month-to-month,No,Electronic check,43.25,2932.14,No,0.1604,No
CUST-12338,Male,0,No,No,3,Yes,Yes,No,No internet service,No internet service,No internet service,No internet service,No internet service,No internet service,Two year,No,Credit card (automatic),36.25,102.67,No,0.3084,No
CUST-13912,Male,0,No,No,30,Yes,No,Fiber optic,No,No,No,Yes,No,Yes,Month-to-month,Yes,Bank transfer (automatic),98.4,2770.68,Yes,0.7608,Yes
CUST-10304,Female,0,Yes,No,40,Yes,No,Fiber optic,No,Yes,No,No,No,Yes,Month-to-month,Yes,Mailed check,79.91,3268.28,Yes,0.7784,Yes
CUST-11440,Female,0,Yes,No,71,Yes,Yes,Fiber optic,Yes,No,No,No,Yes,Yes,Month-to-month,No,Electronic check,74.93,4919.39,No,0.3117,No
CUST-11496,Female,0,No,Yes,51,Yes,No,DSL,No,No,Yes,Yes,No,Yes,Month-to-month,No,Bank transfer (automatic),86.42,4224.69,No,0.1582,No
CUST-12652,Female,0,Yes,No,59,Yes,No,DSL,No,Yes,Yes,No,Yes,Yes,Two year,Yes,Mailed check,77.17,4751.76,No,0.086,No
CUST-12875,Female,0,No,No,63,Yes,No,DSL,No,Yes,Yes,No,No,Yes,One year,Yes,Electronic check,87.97,5597.39,No,0.1436,No
CUST-10916,Female,0,No,No,54,Yes,No,Fiber optic,No,Yes,Yes,No,Yes,Yes,Two year,No,Electronic check,113.99,5845.86,No,0.2778,No
CUST-14195,Male,0,No,No,18,Yes,No,Fiber optic,No,No,Yes,No,Yes,Yes,One year,Yes,Credit card (automatic),116.34,1939.88,No,0.7452,Yes
CUST-13745,Female,0,Yes,No,55,Yes,No,No,No internet service,No internet service,No internet service,No internet service,No internet service,No internet service,Two year,Yes,Bank transfer (automatic),38.17,2033.36,No,0.0561,No
CUST-12772,Male,0,No,Yes,37,Yes,No,DSL,No,No,No,No,No,Yes,One year,Yes,Electronic check,39.68,1435.81,No,0.3235,No
CUST-11624,Female,1,No,No,12,No,No phone service,Fiber optic,No,No,Yes,Yes,No,No,Two year,Yes,Credit card (automatic),98.26,1228.66,Yes,0.7588,Yes
CUST-13861,Female,0,Yes,No,24,Yes,Yes,Fiber optic,No,No,No,No,No,Yes,One year,No,Credit card (automatic),82.32,1946.06,Yes,0.4176,No
CUST-10821,Female,0,No,Yes,55,Yes,Yes,DSL,Yes,No,No,No,No,No,One year,Yes,Bank transfer (automatic),62.88,3301.15,No,0.0524,No
CUST-13321,Male,1,Yes,No,38,Yes,Yes,No,No internet service,No internet service,No internet service,No internet service,No internet service,No internet service,Month-to-month,Yes,Credit card (automatic),29.67,1067.74,No,0.5909,Yes
CUST-11354,Male,0,No,Yes,56,Yes,Yes,Fiber optic,No,No,No,No,No,No,Month-to-month,No,Credit card (automatic),80.33,4211.75,No,0.4395,No
CUST-14511,Female,1,Yes,Yes,46,Yes,No,Fiber optic,Yes,No,Yes,No,Yes,Yes,One year,No,Bank transfer (automatic),107.74,4883.61,No,0.2326,No
CUST-10850,Female,0,No,No,66,Yes,Yes,Fiber optic,Yes,No,Yes,Yes,Yes,Yes,Two year,Yes,Credit card (automatic),109.14,7490.73,No,0.064,No
CUST-11000,Female,0,Yes,No,36,Yes,No,DSL,No,Yes,Yes,No,No,No,Month-to-month,Yes,Mailed check,77.78,2820.38,No,0.6087,Yes
CUST-13398,Male,0,Yes,Yes,64,Yes,No,No,No internet service,No internet service,No internet service,No internet service,No internet service,No internet service,Two year,No,Bank transfer (automatic),39.56,2648.65,No,0.0201,No
CUST-10018,Female,0,Yes,Yes,53,Yes,Yes,No,No internet service,No internet service,No internet service,No internet service,No internet service,No internet service,One year,Yes,Bank transfer (automatic),31.48,1563.81,No,0.0626,No
CUST-11637,Female,1,No,No,25,Yes,Yes,No,No internet service,No internet service,No internet service,No internet service,No internet service,No internet service,One year,Yes,Credit card (automatic),34.81,899.55,Yes,0.393,No
CUST-11667,Female,0,Yes,No,71,Yes,Yes,No,No internet service,No internet service,No internet service,No internet service,No internet service,No internet service,Month-to-month,Yes,Bank transfer (automatic),49.94,3349.59,No,0.1424,No
CUST-10493,Female,0,No,Yes,67,No,No phone service,No,No internet service,No internet service,No internet service,No internet service,No internet service,No internet service,Month-to-month,Yes,Mailed check,41.21,2573.67,No,0.185,No
CUST-11347,Female,0,No,Yes,66,No,No phone service,No,No internet service,No internet service,No internet service,No internet service,No internet service,No internet service,Two year,No,Bank transfer (automatic),51.73,3309.57,No,0.0186,No
CUST-13751,Female,0,No,No,35,Yes,No,Fiber optic,No,No,No,No,Yes,Yes,Month-to-month,No,Credit card (automatic),88.92,2966.97,Yes,0.742,Yes
CUST-13276,Male,0,No,Yes,47,Yes,No,DSL,No,Yes,Yes,Yes,Yes,Yes,Two year,No,Electronic check,80.07,3781.73,No,0.0902,No
CUST-13638,Male,0,Yes,Yes,47,Yes,Yes,DSL,No,No,Yes,Yes,No,Yes,Month-to-month,No,Bank transfer (automatic),72.74,3261.8,No,0.184,No
CUST-13503,Male,0,No,Yes,18,Yes,No,Fiber optic,Yes,Yes,No,No,No,Yes,Month-to-month,No,Bank transfer (automatic),96.15,1740.61,Yes,0.7425,Yes
CUST-10687,Female,1,Yes,Yes,38,Yes,Yes,DSL,No,Yes,No,No,No,No,Month-to-month,Yes,Credit card (automatic),63.51,2286.2,No,0.5721,Yes
CUST-13755,Male,1,Yes,Yes,69,Yes,Yes,DSL,Yes,No,No,Yes,Yes,Yes,Month-to-month,Yes,Bank transfer (automatic),62.94,4407.86,No,0.1061,No
CUST-11608,Male,1,No,No,26,Yes,No,DSL,Yes,No,Yes,Yes,No,No,One year,Yes,Credit card (automatic),61.79,1517.58,No,0.2668,No
CUST-14104,Male,0,Yes,No,16,Yes,Yes,Fiber optic,No,No,Yes,Yes,Yes,No,Two year,No,Credit card (automatic),101.41,1541.6,No,0.3935,No
CUST-13423,Male,0,Yes,No,17,Yes,No,Fiber optic,No,No,No,No,No,Yes,Two year,Yes,Mailed check,87.94,1515.04,Yes,0.6285,Yes
CUST-11009,Female,0,No,No,63,Yes,Yes,DSL,No,No,Yes,No,Yes,Yes,Two year,Yes,Bank transfer (automatic),77.29,5017.92,No,0.0818,No
CUST-12408,Male,0,Yes,No,34,Yes,No,DSL,No,No,No,No,No,No,Month-to-month,No,Credit card (automatic),51.99,1669.03,Yes,0.409,No
CUST-11092,Female,0,No,No,35,Yes,Yes,Fiber optic,Yes,Yes,Yes,No,No,Yes,Month-to-month,No,Mailed check,109.84,3550.16,Yes,0.7046,Yes
CUST-11327,Male,0,No,No,56,Yes,No,No,No internet service,No internet service,No internet service,No internet service,No internet service,No internet service,One year,Yes,Bank transfer (automatic),30.65,1698.52,No,0.0945,No
CUST-11677,Male,1,No,No,59,Yes,Yes,Fiber optic,Yes,No,No,No,Yes,No,Two year,Yes,Electronic check,96.7,5432.21,No,0.322,No
CUST-11999,Male,0,Yes,No,40,Yes,Yes,Fiber optic,Yes,No,No,No,No,No,One year,No,Electronic check,96.06,3587.67,No,0.2734,No
CUST-11310,Female,0,No,Yes,55,No,No phone service,DSL,Yes,Yes,Yes,No,No,No,Two year,Yes,Credit card (automatic),73.63,3857.9,No,0.0465,No
CUST-13279,Female,0,No,No,50,Yes,Yes,DSL,Yes,No,Yes,No,No,No,Month-to-month,No,Bank transfer (automatic),68.46,3307.34,No,0.2309,No
CUST-11987,Male,0,No,No,66,Yes,No,No,No internet service,No internet service,No internet service,No internet service,No internet service,No internet service,Two year,No,Bank transfer (automatic),37.57,2457.39,No,0.0313,No
CUST-14647,Male,0,No,No,60,Yes,No,DSL,No,Yes,Yes,No,Yes,Yes,Month-to-month,Yes,Mailed check,85.14,4948.98,No,0.3982,No
CUST-10344,Female,0,Yes,Yes,32,Yes,No,Fiber optic,Yes,Yes,No,No,Yes,Yes,Month-to-month,Yes,Mailed check,100.36,3199.42,No,0.7034,Yes
CUST-14783,Female,0,Yes,Yes,54,Yes,Yes,Fiber optic,No,No,No,No,No,No,One year,Yes,Electronic check,92.68,4763.39,No,0.2751,No
CUST-10986,Female,0,No,No,3,Yes,No,DSL,Yes,No,No,Yes,Yes,Yes,Month-to-month,Yes,Electronic check,66.03,205.2,Yes,0.7992,Yes
CUST-13875,Female,0,Yes,No,44,Yes,No,No,No internet service,No internet service,No internet service,No internet service,No internet service,No internet service,Month-to-month,Yes,Bank transfer (automatic),38.11,1604.98,No,0.3711,No
CUST-13831,Male,1,No,No,49,Yes,Yes,No,No internet service,No internet service,No internet service,No internet service,No internet service,No internet service,One year,No,Mailed check,38.1,1854.15,No,0.1386,No
CUST-14326,Female,0,Yes,No,65,Yes,Yes,DSL,No,No,No,Yes,Yes,No,One year,Yes,Electronic check,54.65,3689.09,No,0.0609,No
CUST-14026,Male,0,Yes,Yes,25,Yes,No,Fiber optic,No,No,Yes,No,No,No,Month-to-month,Yes,Mailed check,82.8,2019.45,Yes,0.8803,Yes
CUST-13112,Male,0,No,No,44,Yes,Yes,No,No internet service,No internet service,No internet service,No internet service,No internet service,No internet service,One year,Yes,Credit card (automatic),45.11,1833.51,No,0.1473,No
CUST-13050,Female,0,No,No,42,Yes,Yes,Fiber optic,No,No,No,No,Yes,No,Month-to-month,Yes,Bank transfer (automatic),77.42,3200.08,Yes,0.7929,Yes
CUST-11142,Female,0,Yes,No,48,No,No phone service,No,No internet service,No internet service,No internet service,No internet service,No internet service,No internet service,Month-to-month,No,Mailed check,19.79,962.63,No,0.2552,No
CUST-12358,Female,0,No,Yes,62,Yes,No,Fiber optic,No,No,Yes,No,Yes,No,One year,Yes,Bank transfer (automatic),98.95,6356.78,No,0.2115,No
CUST-11198,Female,0,Yes,Yes,4,Yes,No,DSL,Yes,Yes,No,Yes,Yes,No,Month-to-month,Yes,Bank transfer (automatic),83.19,330.29,No,0.5557,Yes
CUST-10085,Female,0,Yes,No,22,Yes,No,Fiber optic,Yes,No,No,No,No,No,One year,Yes,Credit card (automatic),93.86,2135.23,No,0.439,No
CUST-11518,Male,0,No,No,15,Yes,No,DSL,No,No,Yes,No,No,No,One year,No,Credit card (automatic),56.96,859.35,No,0.3602,No
CUST-10516,Female,1,No,No,71,Yes,Yes,Fiber optic,No,Yes,Yes,No,Yes,No,Month-to-month,Yes,Bank transfer (automatic),112.03,7524.99,Yes,0.6182,Yes
CUST-11381,Male,1,No,Yes,68,Yes,Yes,Fiber optic,No,No,Yes,No,Yes,No,Month-to-month,Yes,Credit card (automatic),99.29,6327.65,No,0.6336,Yes
CUST-12716,Male,0,No,No,59,Yes,No,Fiber optic,No,No,No,No,Yes,No,Month-to-month,Yes,Electronic check,88.7,4994.63,Yes,0.7251,Yes
CUST-13105,Male,0,Yes,No,44,Yes,No,Fiber optic,No,No,Yes,Yes,No,Yes,Month-to-month,Yes,Bank transfer (automatic),88.93,3952.52,No,0.6452,Yes
CUST-11014,Female,1,Yes,Yes,17,Yes,Yes,Fiber optic,No,No,Yes,No,Yes,No,Month-to-month,Yes,Bank transfer (automatic),92.96,1583.58,Yes,0.9406,Yes
CUST-10128,Female,0,Yes,Yes,3,Yes,No,Fiber optic,No,No,No,No,Yes,No,One year,No,Electronic check,89.2,252.72,No,0.7603,Yes
CUST-11364,Female,1,Yes,Yes,68,Yes,Yes,No,No internet service,No internet service,No internet service,No internet service,No internet service,No internet service,Two year,Yes,Mailed check,33.06,2116.27,No,0.0611,No
CUST-13647,Female,0,Yes,Yes,26,No,No phone service,DSL,No,No,No,No,Yes,No,One year,No,Electronic check,68.19,1676.61,No,0.2038,No
CUST-13145,Female,0,Yes,Yes,68,Yes,Yes,No,No internet service,No internet service,No internet service,No internet service,No internet service,No internet service,Month-to-month,Yes,Mailed check,40.69,2747.69,No,0.1604,No
CUST-10891,Female,0,Yes,No,60,Yes,No,Fiber optic,No,Yes,Yes,No,Yes,Yes,Month-to-month,Yes,Electronic check,120.5,7213.84,No,0.6637,Yes
CUST-12793,Female,0,Yes,No,53,Yes,No,Fiber optic,No,No,Yes,No,Yes,Yes,Month-to-month,Yes,Electronic check,84.19,4575.5,Yes,0.7823,Yes
CUST-14221,Female,0,No,No,11,Yes,No,Fiber optic,No,No,Yes,No,Yes,Yes,Month-to-month,Yes,Bank transfer (automatic),111.27,1235.87,Yes,0.9592,Yes
CUST-11359,Male,0,Yes,No,61,Yes,Yes,Fiber optic,No,Yes,No,Yes,Yes,No,One year,Yes,Credit card (automatic),92.1,5682.55,No,0.1063,No
CUST-10307,Female,0,Yes,No,61,Yes,Yes,Fiber optic,No,Yes,No,No,Yes,No,Two year,Yes,Electronic check,83.22,4882.3,No,0.2466,No
CUST-11661,Female,0,No,No,5,No,No phone service,No,No internet service,No internet service,No internet service,No internet service,No internet service,No internet service,One year,No,Mailed check,28.45,131.1,No,0.3302,No
CUST-12431,Female,0,No,Yes,65,Yes,Yes,DSL,No,Yes,No,Yes,Yes,Yes,Two year,Yes,Electronic check,81.18,4914.06,No,0.0437,No
CUST-13958,Male,0,No,No,58,Yes,Yes,DSL,Yes,Yes,Yes,Yes,Yes,No,Month-to-month,Yes,Mailed check,83.59,5002.49,No,0.1925,No
CUST-11317,Female,0,No,No,70,Yes,Yes,Fiber optic,No,Yes,Yes,No,No,No,One year,No,Bank transfer (automatic),84.12,6034.64,No,0.1284,No
CUST-14317,Male,0,Yes,Yes,25,Yes,No,DSL,No,Yes,Yes,No,Yes,Yes,One year,Yes,Electronic check,68.09,1683.79,No,0.4391,No
CUST-12474,Male,0,No,Yes,17,Yes,No,DSL,No,No,No,Yes,No,Yes,Two year,Yes,Bank transfer (automatic),68.01,1123.93,No,0.1872,No
CUST-12542,Female,0,No,Yes,64,Yes,No,DSL,No,No,Yes,Yes,Yes,No,Month-to-month,Yes,Bank transfer (automatic),69.46,4308.0,No,0.1781,No
CUST-11246,Female,0,No,No,0,No,No phone service,No,No internet service,No internet service,No internet service,No internet service,No internet service,No internet service,Month-to-month,Yes,Credit card (automatic),36.02,0.0,No,0.8014,Yes
CUST-11208,Male,0,Yes,No,42,Yes,Yes,DSL,Yes,No,Yes,Yes,No,No,Month-to-month,No,Bank transfer (automatic),74.63,3210.8,No,0.1715,No
CUST-10216,Male,0,No,No,9,No,No phone service,No,No internet service,No internet service,No internet service,No internet service,No internet service,No internet service,Month-to-month,No,Bank transfer (automatic),38.84,361.02,No,0.6437,Yes
CUST-14306,Female,0,No,No,14,Yes,No,No,No internet service,No internet service,No internet service,No internet service,No internet service,No internet service,Month-to-month,No,Bank transfer (automatic),56.0,806.25,No,0.5787,Yes
CUST-14110,Male,0,Yes,No,32,Yes,Yes,Fiber optic,No,No,No,No,Yes,Yes,Two year,Yes,Mailed check,102.23,3051.64,Yes,0.4694,No
CUST-11239,Male,0,No,No,51,No,No phone service,DSL,No,No,Yes,Yes,No,Yes,Month-to-month,Yes,Bank transfer (automatic),60.23,2953.32,No,0.3035,No
CUST-12289,Male,0,No,No,44,Yes,Yes,Fiber optic,No,No,No,No,No,No,Month-to-month,Yes,Credit card (automatic),75.43,3320.21,Yes,0.7752,Yes
CUST-12740,Male,0,Yes,No,60,Yes,No,DSL,No,No,No,No,Yes,No,Month-to-month,No,Bank transfer (automatic),61.25,3769.4,No,0.1764,No
CUST-10275,Male,0,Yes,Yes,10,Yes,No,No,No internet service,No internet service,No internet service,No internet service,No internet service,No internet service,Month-to-month,Yes,Electronic check,36.25,359.57,No,0.7826,Yes
CUST-10489,Female,0,No,Yes,33,Yes,Yes,Fiber optic,No,No,No,Yes,Yes,No,Month-to-month,Yes,Mailed check,88.17,2728.01,Yes,0.7328,Yes
CUST-11035,Female,0,Yes,No,29,Yes,No,Fiber optic,Yes,No,No,No,Yes,No,Month-to-month,Yes,Bank transfer (automatic),91.55,2598.0,Yes,0.7416,Yes
CUST-11229,Male,0,Yes,No,16,Yes,No,Fiber optic,No,Yes,No,No,No,No,One year,Yes,Electronic check,86.47,1402.41,Yes,0.7678,Yes
CUST-14599,Female,0,No,No,17,Yes,No,Fiber optic,No,Yes,No,No,Yes,No,One year,Yes,Bank transfer (automatic),93.78,1568.37,No,0.7001,Yes
CUST-11008,Female,0,No,Yes,55,Yes,Yes,No,No internet service,No internet service,No internet service,No internet service,No internet service,No internet service,Month-to-month,Yes,Mailed check,42.09,2189.91,No,0.2923,No
CUST-14081,Male,0,No,No,2,No,No phone service,Fiber optic,No,No,No,No,No,No,Month-to-month,Yes,Bank transfer (automatic),81.69,163.8,Yes,0.9555,Yes
CUST-13143,Female,0,No,Yes,68,Yes,Yes,No,No internet service,No internet service,No internet service,No internet service,No internet service,No internet service,One year,Yes,Electronic check,41.12,2646.68,No,0.0779,No
CUST-13203,Male,0,No,No,30,Yes,No,Fiber optic,Yes,Yes,No,Yes,No,Yes,One year,No,Mailed check,95.12,2665.45,No,0.2258,No
CUST-12532,Female,0,No,Yes,29,Yes,No,Fiber optic,No,No,No,Yes,No,Yes,Two year,Yes,Bank transfer (automatic),88.63,2519.66,Yes,0.3223,No
CUST-14182,Male,0,No,No,32,Yes,No,DSL,No,No,Yes,Yes,No,No,Month-to-month,Yes,Credit card (automatic),59.11,1843.65,Yes,0.554,Yes
CUST-11058,Male,0,Yes,No,9,Yes,No,No,No internet service,No internet service,No internet service,No internet service,No internet service,No internet service,Month-to-month,Yes,Credit card (automatic),43.66,403.23,Yes,0.7244,Yes
CUST-12166,Male,0,No,Yes,72,Yes,No,No,No internet service,No internet service,No internet service,No internet service,No internet service,No internet service,One year,Yes,Electronic check,30.14,2151.11,No,0.0771,No
CUST-14112,Male,0,Yes,Yes,33,Yes,No,Fiber optic,Yes,No,No,Yes,Yes,Yes,Month-to-month,Yes,Mailed check,103.93,3517.81,No,0.5616,Yes
CUST-14286,Female,0,No,No,11,Yes,No,Fiber optic,No,No,Yes,No,No,Yes,Two year,Yes,Mailed check,90.13,1013.71,Yes,0.8215,Yes
CUST-10281,Male,0,Yes,No,54,Yes,Yes,Fiber optic,Yes,Yes,No,No,No,No,Month-to-month,Yes,Electronic check,91.15,4952.76,No,0.5842,Yes
CUST-14305,Female,0,No,No,41,Yes,Yes,DSL,Yes,No,No,No,No,No,One year,Yes,Credit card (automatic),60.06,2462.46,No,0.1275,No
CUST-11316,Female,0,No,No,33,Yes,No,DSL,No,No,Yes,No,Yes,No,Month-to-month,Yes,Electronic check,64.36,2132.12,No,0.8004,Yes
CUST-14993,Female,0,No,Yes,38,Yes,Yes,DSL,No,No,No,Yes,No,Yes,Two year,Yes,Credit card (automatic),51.84,1838.46,No,0.0925,No
CUST-10968,Female,0,No,Yes,46,Yes,No,Fiber optic,No,No,No,No,No,No,Two year,Yes,Bank transfer (automatic),88.18,3853.3,Yes,0.2805,No
CUST-14640,Female,0,Yes,No,7,Yes,No,Fiber optic,Yes,No,No,Yes,Yes,Yes,One year,Yes,Bank transfer (automatic),94.6,677.22,No,0.5293,Yes
CUST-13944,Male,0,Yes,Yes,49,Yes,Yes,DSL,No,No,Yes,No,No,No,Month-to-month,Yes,Mailed check,60.97,2862.17,No,0.4088,No
CUST-13187,Male,0,No,No,52,Yes,No,Fiber optic,No,Yes,No,No,Yes,Yes,Month-to-month,No,Electronic check,102.87,5484.22,No,0.6697,Yes
CUST-13541,Female,0,Yes,No,3,Yes,No,No,No internet service,No internet service,No internet service,No internet service,No internet service,No internet service,Month-to-month,Yes,Credit card (automatic),38.14,111.12,Yes,0.7546,Yes
CUST-10619,Male,0,No,No,57,Yes,No,Fiber optic,No,No,Yes,No,No,Yes,Month-to-month,Yes,Mailed check,94.12,5155.79,No,0.7018,Yes
CUST-14840,Female,0,Yes,No,50,Yes,No,Fiber optic,No,Yes,Yes,No,Yes,No,Month-to-month,No,Mailed check,110.87,5495.85,Yes,0.5684,Yes
CUST-11742,Male,0,Yes,No,18,Yes,Yes,DSL,No,No,No,Yes,Yes,No,Month-to-month,Yes,Electronic check,79.54,1448.86,Yes,0.6925,Yes
CUST-11390,Male,0,No,No,8,Yes,Yes,Fiber optic,Yes,Yes,No,No,No,Yes,One year,Yes,Credit card (automatic),102.39,793.71,No,0.7128,Yes
CUST-14074,Male,0,No,No,9,Yes,Yes,DSL,No,No,No,No,Yes,No,One year,Yes,Bank transfer (automatic),69.58,626.4,Yes,0.5396,Yes
CUST-11847,Female,1,No,No,28,Yes,No,DSL,No,No,No,No,No,No,One year,Yes,Electronic check,42.7,1150.77,Yes,0.5824,Yes
CUST-11579,Female,0,Yes,No,63,Yes,No,No,No internet service,No internet service,No internet service,No internet service,No internet service,No internet service,One year,Yes,Electronic check,34.48,2143.1,No,0.0912,No
CUST-11655,Male,0,No,No,40,Yes,No,Fiber optic,No,No,Yes,No,Yes,No,Two year,Yes,Electronic check,90.17,3761.46,Yes,0.6426,Yes
CUST-12352,Female,0,Yes,No,5,Yes,Yes,DSL,No,Yes,No,No,No,No,One year,No,Mailed check,60.2,298.16,No,0.3897,No
CUST-12212,Female,0,No,No,66,Yes,Yes,No,No internet service,No internet service,No internet service,No internet service,No internet service,No internet service,Month-to-month,Yes,Bank transfer (automatic),29.52,1873.05,No,0.2443,No
CUST-12020,Male,0,No,No,29,Yes,No,Fiber optic,Yes,No,No,Yes,No,Yes,One year,Yes,Credit card (automatic),104.71,2815.31,Yes,0.2951,No
CUST-14987,Female,0,Yes,Yes,14,Yes,Yes,No,No internet service,No internet service,No internet service,No internet service,No internet service,No internet service,One year,Yes,Electronic check,29.36,414.68,No,0.3577,No
CUST-11956,Female,0,Yes,Yes,52,Yes,Yes,Fiber optic,No,No,No,No,No,No,Two year,Yes,Electronic check,74.62,3636.53,No,0.2756,No
CUST-11307,Male,0,No,No,24,Yes,Yes,Fiber optic,No,No,No,No,Yes,Yes,One year,Yes,Credit card (automatic),90.59,2058.23,No,0.6371,Yes
CUST-12003,Male,0,Yes,No,57,Yes,No,Fiber optic,Yes,Yes,Yes,Yes,Yes,Yes,Month-to-month,Yes,Electronic check,124.16,7172.04,No,0.4338,No
CUST-14469,Female,0,Yes,No,46,Yes,Yes,DSL,No,Yes,No,No,No,No,Month-to-month,No,Mailed check,70.24,3334.5,Yes,0.3138,No
CUST-10575,Male,1,No,No,13,Yes,No,Fiber optic,No,Yes,No,Yes,Yes,Yes,Month-to-month,No,Mailed check,109.25,1349.85,No,0.8992,Yes
CUST-12360,Female,0,Yes,Yes,72,Yes,Yes,DSL,Yes,Yes,No,No,No,Yes,Two year,No,Electronic check,61.96,4240.14,No,0.0179,No
CUST-14215,Female,0,No,Yes,67,Yes,Yes,DSL,No,No,No,Yes,No,Yes,Month-to-month,No,Credit card (automatic),68.54,4349.17,No,0.0734,No
CUST-14450,Female,0,No,No,66,No,No phone service,DSL,Yes,No,No,No,Yes,Yes,One year,Yes,Mailed check,57.87,3574.82,Yes,0.0484,No
CUST-11706,Female,0,No,No,48,Yes,No,No,No internet service,No internet service,No internet service,No internet service,No internet service,No internet service,Month-to-month,Yes,Electronic check,36.27,1722.22,No,0.5519,Yes
CUST-14556,Male,1,Yes,No,31,Yes,No,DSL,Yes,No,No,Yes,No,No,Month-to-month,Yes,Bank transfer (automatic),50.19,1572.18,No,0.4452,No
CUST-13492,Male,1,No,Yes,41,Yes,Yes,Fiber optic,No,No,No,Yes,No,Yes,Month-to-month,Yes,Electronic check,85.93,3342.12,Yes,0.8409,Yes
CUST-11280,Female,0,No,No,30,Yes,No,Fiber optic,Yes,No,Yes,No,No,Yes,Month-to-month,Yes,Mailed check,90.63,2832.96,Yes,0.8522,Yes
CUST-10861,Female,0,No,Yes,30,Yes,Yes,Fiber optic,No,No,No,No,No,Yes,Month-to-month,No,Electronic check,83.44,2356.1,Yes,0.833,Yes
CUST-14423,Male,0,No,No,0,Yes,Yes,DSL,No,Yes,Yes,No,Yes,No,Month-to-month,No,Bank transfer (automatic),73.03,0.0,Yes,0.865,Yes
CUST-11801,Male,0,Yes,No,54,Yes,No,DSL,No,No,Yes,Yes,No,No,Month-to-month,Yes,Electronic check,63.71,3567.81,No,0.3645,No
CUST-11628,Male,0,Yes,No,51,Yes,No,No,No internet service,No internet service,No internet service,No internet service,No internet service,No internet service,One year,No,Electronic check,27.5,1371.36,No,0.0915,No
CUST-11993,Female,0,No,No,6,Yes,No,No,No internet service,No internet service,No internet service,No internet service,No internet service,No internet service,Two year,Yes,Mailed check,37.38,225.28,Yes,0.4377,No
CUST-12639,Female,1,Yes,No,58,Yes,Yes,Fiber optic,No,No,No,No,Yes,Yes,Two year,Yes,Mailed check,91.38,5261.96,No,0.2947,No
CUST-10269,Female,1,No,Yes,72,Yes,No,DSL,Yes,No,No,No,No,Yes,Month-to-month,Yes,Mailed check,72.25,5397.04,No,0.1941,No
CUST-10629,Male,1,Yes,Yes,60,No,No phone service,Fiber optic,No,No,No,No,No,Yes,Month-to-month,No,Credit card (automatic),86.91,5106.24,Yes,0.4252,No
CUST-13081,Female,0,Yes,Yes,40,Yes,No,Fiber optic,No,No,Yes,No,No,No,Month-to-month,Yes,Bank transfer (automatic),88.38,3436.52,No,0.7478,Yes
CUST-12334,Female,0,No,No,61,Yes,No,No,No internet service,No internet service,No internet service,No internet service,No internet service,No internet service,Two year,Yes,Mailed check,27.62,1740.21,No,0.0751,No
CUST-12966,Male,0,Yes,No,6,Yes,No,Fiber optic,No,Yes,No,No,No,No,Two year,No,Electronic check,70.84,421.82,Yes,0.7408,Yes
CUST-10300,Male,1,Yes,No,4,No,No phone service,DSL,No,No,Yes,Yes,No,No,One year,Yes,Electronic check,66.3,273.56,Yes,0.6796,Yes
CUST-10459,Male,1,No,No,33,Yes,Yes,DSL,No,Yes,No,Yes,Yes,No,One year,Yes,Bank transfer (automatic),82.8,2642.57,Yes,0.2575,No
CUST-11447,Female,0,No,Yes,65,Yes,No,Fiber optic,Yes,Yes,No,No,Yes,No,Two year,Yes,Mailed check,92.02,6028.51,No,0.0946,No
CUST-11472,Male,0,No,Yes,32,No,No phone service,Fiber optic,Yes,No,No,No,Yes,No,Two year,No,Bank transfer (automatic),83.37,2490.65,No,0.2028,No
CUST-12046,Male,1,No,No,53,Yes,Yes,Fiber optic,No,No,No,Yes,Yes,No,Two year,Yes,Credit card (automatic),82.82,4587.5,Yes,0.2621,No
CUST-14241,Male,0,Yes,No,46,Yes,Yes,No,No internet service,No internet service,No internet service,No internet service,No internet service,No internet service,Month-to-month,No,Bank transfer (automatic),28.96,1328.13,No,0.2648,No
CUST-13788,Female,0,Yes,Yes,49,Yes,No,Fiber optic,No,No,No,Yes,No,No,Month-to-month,No,Mailed check,89.21,4429.88,No,0.3199,No
CUST-12113,Female,0,Yes,Yes,45,Yes,No,Fiber optic,Yes,Yes,Yes,No,Yes,No,Month-to-month,Yes,Bank transfer (automatic),115.3,5270.35,Yes,0.572,Yes
CUST-10027,Female,1,No,Yes,25,Yes,Yes,No,No internet service,No internet service,No internet service,No internet service,No internet service,No internet service,Two year,Yes,Bank transfer (automatic),29.18,717.31,No,0.2978,No
CUST-14712,Female,0,No,No,43,Yes,No,Fiber optic,No,No,No,Yes,No,No,One year,No,Mailed check,66.71,2938.08,Yes,0.2285,No
CUST-14536,Male,0,No,No,29,Yes,Yes,Fiber optic,Yes,No,No,No,Yes,No,One year,Yes,Credit card (automatic),92.73,2718.67,No,0.4711,No
CUST-10837,Male,1,Yes,No,43,Yes,Yes,Fiber optic,No,No,Yes,Yes,No,Yes,One year,Yes,Mailed check,98.13,4129.9,No,0.4552,No
CUST-14211,Female,1,Yes,No,41,Yes,Yes,Fiber optic,Yes,No,No,No,No,No,Month-to-month,No,Mailed check,77.95,2983.93,No,0.6694,Yes
CUST-12008,Female,0,No,No,57,Yes,Yes,Fiber optic,Yes,No,No,No,No,No,Month-to-month,No,Credit card (automatic),74.13,3991.43,No,0.3596,No
CUST-14922,Female,0,No,No,2,Yes,No,Fiber optic,Yes,No,Yes,Yes,Yes,No,Month-to-month,Yes,Mailed check,102.83,200.26,No,0.9292,Yes
CUST-10503,Female,0,Yes,No,24,No,No phone service,Fiber optic,No,No,No,No,No,Yes,Month-to-month,No,Bank transfer (automatic),86.57,2108.26,No,0.7422,Yes
CUST-13227,Male,0,No,No,35,Yes,Yes,Fiber optic,Yes,No,Yes,Yes,Yes,No,One year,Yes,Mailed check,103.15,3436.74,Yes,0.3551,No
CUST-14318,Female,0,Yes,No,27,Yes,No,No,No internet service,No internet service,No internet service,No internet service,No internet service,No internet service,One year,Yes,Mailed check,40.64,1136.8,No,0.2254,No
CUST-10380,Male,0,Yes,Yes,15,Yes,No,No,No internet service,No internet service,No internet service,No internet service,No internet service,No internet service,Month-to-month,No,Mailed check,35.57,524.51,Yes,0.4917,No
CUST-11851,Male,0,No,No,7,Yes,Yes,DSL,No,Yes,No,Yes,Yes,No,One year,No,Bank transfer (automatic),80.87,553.84,No,0.2904,No
CUST-11525,Male,1,No,No,44,Yes,Yes,Fiber optic,Yes,No,Yes,No,Yes,No,Month-to-month,No,Mailed check,104.78,4503.84,No,0.7598,Yes
CUST-12365,Male,0,Yes,Yes,1,Yes,No,Fiber optic,Yes,No,No,Yes,Yes,No,One year,No,Mailed check,98.96,99.22,Yes,0.4548,No
CUST-13249,Male,1,Yes,No,9,Yes,Yes,Fiber optic,No,No,Yes,No,Yes,No,One year,Yes,Credit card (automatic),90.52,812.65,Yes,0.8849,Yes
CUST-13052,Female,0,No,No,64,Yes,No,No,No internet service,No internet service,No internet service,No internet service,No internet service,No internet service,Two year,No,Credit card (automatic),31.4,1973.79,No,0.0336,No
CUST-12884,Male,0,No,Yes,23,Yes,No,No,No internet service,No internet service,No internet service,No internet service,No internet service,No internet service,Month-to-month,Yes,Bank transfer (automatic),28.2,639.76,Yes,0.585,Yes
CUST-12340,Male,1,No,Yes,64,Yes,No,DSL,Yes,No,Yes,No,No,No,Month-to-month,No,Electronic check,70.75,4415.26,No,0.3015,No
CUST-10374,Female,0,No,No,41,Yes,No,Fiber optic,Yes,No,No,Yes,No,Yes,Two year,Yes,Credit card (automatic),97.43,3913.72,No,0.1629,No
CUST-14099,Male,0,Yes,No,6,No,No phone service,No,No internet service,No internet service,No internet service,No internet service,No internet service,No internet service,One year,No,Mailed check,43.33,265.0,No,0.2805,No
CUST-12381,Male,0,Yes,No,20,Yes,Yes,DSL,No,Yes,No,Yes,Yes,Yes,Two year,Yes,Electronic check,73.9,1413.82,No,0.2689,No
CUST-14323,Male,0,No,No,64,Yes,Yes,Fiber optic,Yes,No,No,Yes,No,No,Month-to-month,No,Electronic check,98.56,6516.18,Yes,0.2587,No
CUST-10939,Female,0,Yes,Yes,3,Yes,No,Fiber optic,No,Yes,Yes,Yes,Yes,Yes,Two year,No,Bank transfer (automatic),117.72,368.78,No,0.5586,Yes
CUST-13980,Male,0,No,No,58,Yes,No,Fiber optic,No,Yes,No,No,Yes,Yes,Month-to-month,No,Mailed check,95.74,5740.42,No,0.5118,Yes
CUST-14409,Male,0,No,No,28,Yes,No,Fiber optic,Yes,Yes,No,No,No,No,Month-to-month,Yes,Credit card (automatic),89.43,2553.32,No,0.8017,Yes
CUST-12799,Male,0,No,No,42,Yes,Yes,DSL,No,Yes,No,Yes,Yes,Yes,Month-to-month,Yes,Electronic check,70.69,2976.36,No,0.5385,Yes
CUST-12147,Female,0,No,No,49,Yes,No,Fiber optic,Yes,No,No,No,No,No,Month-to-month,Yes,Electronic check,91.62,4400.65,Yes,0.6859,Yes
CUST-13841,Male,1,Yes,No,63,Yes,Yes,Fiber optic,No,No,No,No,Yes,No,Month-to-month,No,Bank transfer (automatic),85.59,5324.61,No,0.5013,Yes
CUST-14554,Female,0,No,No,31,No,No phone service,DSL,Yes,No,Yes,Yes,No,No,Month-to-month,No,Electronic check,57.51,1648.89,No,0.4029,No
CUST-14229,Male,0,Yes,No,23,Yes,No,DSL,No,No,No,No,No,Yes,Month-to-month,Yes,Bank transfer (automatic),71.78,1702.58,No,0.6394,Yes
CUST-12068,Male,0,Yes,Yes,5,Yes,No,No,No internet service,No internet service,No internet service,No internet service,No internet service,No internet service,One year,No,Bank transfer (automatic),39.37,199.77,No,0.2388,No
CUST-10529,Female,0,No,No,9,No,No phone service,No,No internet service,No internet service,No internet service,No internet service,No internet service,No internet service,Month-to-month,Yes,Mailed check,24.93,213.17,Yes,0.7708,Yes
CUST-13754,Male,1,Yes,Yes,70,Yes,No,No,No internet service,No internet service,No internet service,No internet service,No internet service,No internet service,Two year,Yes,Mailed check,36.7,2382.73,No,0.057,No
CUST-10636,Male,1,No,Yes,64,Yes,No,DSL,No,No,No,No,No,No,Month-to-month,Yes,Electronic check,45.8,3044.56,No,0.5297,Yes
CUST-11269,Male,0,Yes,No,70,Yes,No,Fiber optic,Yes,No,Yes,Yes,No,Yes,Month-to-month,Yes,Mailed check,97.45,6294.11,No,0.2339,No
CUST-10185,Male,0,No,No,8,Yes,Yes,Fiber optic,No,Yes,Yes,No,No,No,Month-to-month,Yes,Bank transfer (automatic),88.9,744.49,Yes,0.9646,Yes
CUST-13842,Female,1,Yes,No,47,Yes,No,Fiber optic,No,Yes,Yes,Yes,Yes,Yes,Month-to-month,No,Credit card (automatic),111.58,5330.81,Yes,0.5998,Yes
CUST-13200,Female,0,No,No,5,Yes,No,Fiber optic,No,Yes,No,No,No,No,Month-to-month,No,Credit card (automatic),96.03,498.46,Yes,0.9269,Yes
CUST-13475,Male,0,Yes,No,17,Yes,No,Fiber optic,No,No,No,No,Yes,Yes,Month-to-month,No,Bank transfer (automatic),81.22,1336.53,No,0.8329,Yes
CUST-11797,Male,0,No,No,65,Yes,Yes,DSL,No,No,No,No,No,Yes,Month-to-month,Yes,Bank transfer (automatic),74.98,4996.98,No,0.2524,No
CUST-12979,Male,1,No,No,9,Yes,Yes,Fiber optic,Yes,No,Yes,No,No,Yes,Two year,Yes,Mailed check,89.64,819.71,Yes,0.8506,Yes
CUST-11441,Female,0,Yes,No,49,Yes,Yes,DSL,No,Yes,No,Yes,No,No,Two year,Yes,Mailed check,79.55,3731.68,No,0.0502,No
CUST-14481,Male,1,Yes,Yes,27,Yes,No,Fiber optic,No,No,Yes,No,No,No,Month-to-month,Yes,Bank transfer (automatic),93.83,2411.18,Yes,0.9074,Yes
CUST-14889,Male,0,No,No,3,Yes,Yes,DSL,No,No,Yes,Yes,No,No,Month-to-month,No,Electronic check,65.72,183.55,No,0.8274,Yes
CUST-11535,Male,0,Yes,No,31,Yes,Yes,Fiber optic,No,Yes,Yes,No,Yes,Yes,Month-to-month,Yes,Mailed check,99.98,2886.72,No,0.8788,Yes
CUST-13464,Male,0,No,No,64,Yes,Yes,No,No internet service,No internet service,No internet service,No internet service,No internet service,No internet service,Month-to-month,Yes,Credit card (automatic),30.44,1972.02,No,0.2638,No
CUST-11273,Female,0,No,No,22,Yes,No,Fiber optic,No,No,No,Yes,Yes,No,Month-to-month,Yes,Mailed check,86.05,1788.65,Yes,0.8417,Yes
CUST-12467,Female,0,No,No,67,Yes,No,Fiber optic,No,Yes,No,No,Yes,Yes,Two year,No,Credit card (automatic),99.69,6908.47,No,0.0857,No
CUST-10607,Female,0,No,No,53,Yes,Yes,DSL,Yes,No,Yes,No,No,No,One year,No,Mailed check,57.97,3004.24,No,0.0681,No
CUST-13408,Female,0,No,No,54,Yes,No,Fiber optic,No,No,Yes,No,Yes,Yes,Month-to-month,No,Electronic check,79.25,4266.31,Yes,0.7344,Yes
CUST-11712,Female,0,Yes,Yes,29,Yes,No,DSL,No,No,No,Yes,No,No,Two year,Yes,Mailed check,67.26,1809.02,No,0.1063,No
CUST-12199,Male,0,Yes,No,26,Yes,Yes,DSL,Yes,Yes,No,No,Yes,Yes,Month-to-month,Yes,Electronic check,77.82,1952.86,No,0.6484,Yes
CUST-10955,Female,0,Yes,No,71,No,No phone service,DSL,No,Yes,No,Yes,Yes,Yes,One year,No,Credit card (automatic),93.34,6854.94,No,0.0099,No
CUST-12579,Female,0,No,Yes,62,Yes,Yes,DSL,No,Yes,Yes,Yes,No,No,Month-to-month,Yes,Mailed check,86.1,5294.94,No,0.1878,No
CUST-13921,Female,0,Yes,No,6,Yes,No,No,No internet service,No internet service,No internet service,No internet service,No internet service,No internet service,One year,Yes,Mailed check,50.01,308.75,No,0.4241,No
CUST-14439,Male,0,No,Yes,22,Yes,No,No,No internet service,No internet service,No internet service,No internet service,No internet service,No internet service,Two year,Yes,Electronic check,45.44,931.37,No,0.3064,No
CUST-13606,Male,1,No,Yes,65,Yes,No,No,No internet service,No internet service,No internet service,No internet service,No internet service,No internet service,One year,No,Mailed check,35.13,2266.8,No,0.0664,No
CUST-14489,Male,0,No,No,16,Yes,Yes,DSL,No,No,No,No,Yes,No,One year,Yes,Credit card (automatic),38.45,592.85,No,0.4241,No
CUST-10403,Female,1,No,No,70,Yes,No,No,No internet service,No internet service,No internet service,No internet service,No internet service,No internet service,One year,Yes,Mailed check,36.78,2546.04,No,0.1059,No
CUST-12071,Female,1,No,No,4,Yes,Yes,Fiber optic,Yes,No,No,No,No,Yes,One year,Yes,Electronic check,87.21,353.16,No,0.9041,Yes
CUST-14770,Male,1,No,Yes,38,No,No phone service,No,No internet service,No internet service,No internet service,No internet service,No internet service,No internet service,Month-to-month,No,Electronic check,40.65,1572.71,No,0.5753,Yes
CUST-11977,Male,0,No,No,41,Yes,Yes,DSL,No,No,No,No,No,No,Month-to-month,No,Credit card (automatic),67.5,2571.61,No,0.3943,No
CUST-10158,Female,0,Yes,No,18,Yes,Yes,No,No internet service,No internet service,No internet service,No internet service,No internet service,No internet service,Two year,No,Credit card (automatic),37.82,713.88,No,0.1371,No
CUST-11748,Female,0,No,Yes,59,Yes,Yes,Fiber optic,Yes,No,Yes,No,Yes,No,Month-to-month,Yes,Mailed check,96.36,5861.32,Yes,0.5071,Yes
CUST-12909,Male,0,Yes,Yes,49,Yes,Yes,DSL,No,Yes,No,No,Yes,No,Month-to-month,Yes,Mailed check,56.63,2900.8,No,0.365,No
CUST-14980,Female,0,No,No,13,Yes,No,DSL,Yes,No,No,No,No,No,Month-to-month,Yes,Credit card (automatic),66.92,846.21,No,0.6621,Yes
CUST-10902,Male,0,No,No,55,Yes,No,Fiber optic,Yes,Yes,No,Yes,Yes,Yes,One year,No,Electronic check,96.52,5286.38,No,0.1147,No
CUST-10352,Male,0,No,Yes,35,Yes,No,Fiber optic,No,No,Yes,Yes,Yes,Yes,Two year,Yes,Bank transfer (automatic),82.19,3020.03,No,0.3679,No
CUST-11230,Female,1,Yes,No,17,Yes,Yes,DSL,Yes,Yes,Yes,No,Yes,No,One year,Yes,Electronic check,75.32,1220.84,No,0.5617,Yes
CUST-14685,Female,0,Yes,No,71,Yes,Yes,No,No internet service,No internet service,No internet service,No internet service,No internet service,No internet service,Month-to-month,No,Credit card (automatic),32.98,2259.87,Yes,0.1021,No
CUST-12140,Female,0,No,No,69,Yes,Yes,DSL,No,No,No,No,No,No,Month-to-month,Yes,Bank transfer (automatic),35.22,2468.99,No,0.278,No
CUST-10444,Female,0,No,No,69,Yes,No,DSL,No,No,Yes,No,No,No,Two year,Yes,Mailed check,56.12,4017.11,No,0.0812,No
CUST-14963,Male,1,Yes,Yes,37,Yes,No,Fiber optic,No,No,No,No,Yes,No,Month-to-month,No,Electronic check,85.74,3279.73,Yes,0.8458,Yes
CUST-10754,Female,0,No,No,45,Yes,Yes,No,No internet service,No internet service,No internet service,No internet service,No internet service,No internet service,One year,Yes,Mailed check,36.37,1642.39,No,0.1667,No
CUST-11737,Male,1,No,No,2,Yes,Yes,No,No internet service,No internet service,No internet service,No internet service,No internet service,No internet service,Two year,No,Bank transfer (automatic),24.33,48.19,Yes,0.4557,No
CUST-12971,Male,0,No,No,34,Yes,Yes,No,No internet service,No internet service,No internet service,No internet service,No internet service,No internet service,Month-to-month,Yes,Credit card (automatic),33.87,1205.77,No,0.5545,Yes
CUST-14994,Female,1,No,No,60,Yes,Yes,Fiber optic,Yes,No,Yes,Yes,Yes,No,Month-to-month,No,Mailed check,96.31,6060.27,No,0.4134,No
CUST-12920,Male,0,Yes,No,37,No,No phone service,Fiber optic,No,Yes,No,Yes,No,Yes,Month-to-month,No,Electronic check,97.1,3755.65,No,0.6278,Yes
CUST-10311,Female,1,No,No,53,Yes,Yes,DSL,No,No,No,Yes,Yes,No,Two year,No,Credit card (automatic),59.62,2923.43,No,0.0596,No
CUST-10548,Female,1,No,No,63,Yes,No,Fiber optic,No,Yes,Yes,No,Yes,No,Month-to-month,No,Mailed check,90.83,5395.44,Yes,0.6611,Yes
CUST-14076,Female,0,Yes,Yes,9,Yes,No,Fiber optic,No,Yes,Yes,No,Yes,No,Month-to-month,No,Mailed check,90.07,768.67,No,0.9091,Yes
CUST-14776,Male,0,No,No,54,Yes,Yes,Fiber optic,No,No,Yes,Yes,No,No,Two year,No,Credit card (automatic),80.78,4115.07,No,0.1231,No
CUST-11989,Female,0,No,Yes,23,Yes,No,DSL,Yes,Yes,No,Yes,No,No,Month-to-month,Yes,Mailed check,56.52,1359.48,Yes,0.414,No
CUST-10306,Male,0,No,No,20,Yes,Yes,Fiber optic,No,Yes,Yes,No,No,No,Two year,Yes,Electronic check,94.21,1912.0,Yes,0.8021,Yes
CUST-12335,Female,0,Yes,No,63,Yes,No,Fiber optic,No,No,No,No,Yes,Yes,One year,Yes,Electronic check,80.18,5200.14,No,0.2744,No
CUST-10694,Male,0,No,No,40,Yes,Yes,No,No internet service,No internet service,No internet service,No internet service,No internet service,No internet service,Month-to-month,No,Mailed check,29.55,1105.83,Yes,0.41,No
CUST-12356,Male,0,No,No,39,Yes,Yes,No,No internet service,No internet service,No internet service,No internet service,No internet service,No internet service,One year,No,Electronic check,34.39,1285.63,No,0.1904,No
CUST-11927,Male,0,Yes,Yes,34,Yes,Yes,No,No internet service,No internet service,No internet service,No internet service,No internet service,No internet service,Two year,No,Electronic check,30.7,1052.06,No,0.1234,No
CUST-10684,Male,0,Yes,No,37,Yes,No,Fiber optic,No,Yes,Yes,No,No,Yes,Month-to-month,Yes,Bank transfer (automatic),95.1,3401.14,No,0.8168,Yes
CUST-10749,Male,0,Yes,Yes,7,Yes,Yes,DSL,No,Yes,Yes,No,Yes,Yes,Two year,Yes,Mailed check,76.8,532.47,No,0.5053,Yes
CUST-14577,Male,1,No,No,54,Yes,No,DSL,Yes,Yes,No,No,Yes,Yes,One year,No,Mailed check,67.22,3489.34,No,0.09,No
CUST-11266,Male,0,No,No,3,Yes,Yes,DSL,Yes,Yes,No,No,No,No,Month-to-month,Yes,Mailed check,69.14,194.33,No,0.8147,Yes
CUST-13899,Female,0,No,No,72,Yes,Yes,Fiber optic,Yes,No,Yes,Yes,Yes,No,Month-to-month,Yes,Credit card (automatic),98.89,7272.23,No,0.2369,No
CUST-13551,Female,0,Yes,No,0,Yes,Yes,Fiber optic,No,No,Yes,No,No,No,Month-to-month,Yes,Mailed check,87.84,0.0,Yes,0.9692,Yes
CUST-14437,Female,0,No,No,70,Yes,No,Fiber optic,No,No,Yes,No,Yes,Yes,Month-to-month,Yes,Mailed check,99.89,6548.25,No,0.5554,Yes
CUST-14008,Male,0,No,No,7,Yes,No,No,No internet service,No internet service,No internet service,No internet service,No internet service,No internet service,Two year,No,Electronic check,26.8,178.08,No,0.4072,No
CUST-13083,Male,0,Yes,Yes,22,Yes,No,Fiber optic,No,Yes,No,No,No,Yes,Month-to-month,Yes,Credit card (automatic),75.26,1527.16,Yes,0.8339,Yes
CUST-13061,Male,0,No,No,48,Yes,No,Fiber optic,No,Yes,No,No,No,No,Month-to-month,Yes,Credit card (automatic),92.04,4252.46,Yes,0.7214,Yes
CUST-13025,Female,1,Yes,No,42,Yes,Yes,Fiber optic,Yes,Yes,Yes,Yes,Yes,No,Two year,Yes,Bank transfer (automatic),106.7,4326.38,No,0.2585,No
CUST-10970,Male,0,Yes,No,52,No,No phone service,DSL,No,No,No,No,Yes,No,Two year,No,Mailed check,49.32,2646.91,No,0.0556,No
CUST-10013,Female,0,No,No,47,Yes,Yes,Fiber optic,No,Yes,No,No,No,Yes,Month-to-month,No,Mailed check,92.14,4065.99,No,0.6485,Yes
CUST-10873,Male,0,Yes,No,8,Yes,Yes,Fiber optic,No,No,No,Yes,No,No,One year,No,Mailed check,92.35,717.12,Yes,0.5338,Yes
CUST-10808,Male,0,Yes,Yes,46,Yes,Yes,DSL,No,Yes,Yes,No,No,No,Month-to-month,Yes,Mailed check,69.67,3204.82,No,0.4689,No
CUST-13198,Female,1,No,No,56,Yes,Yes,Fiber optic,No,No,Yes,Yes,No,No,Two year,Yes,Mailed check,95.18,4990.59,No,0.2854,No
CUST-10514,Female,0,Yes,Yes,34,Yes,Yes,No,No internet service,No internet service,No internet service,No internet service,No internet service,No internet service,Month-to-month,Yes,Mailed check,24.01,772.5,No,0.4632,No
CUST-14486,Female,0,Yes,Yes,51,Yes,Yes,DSL,Yes,No,Yes,No,No,Yes,Month-to-month,Yes,Credit card (automatic),57.42,2847.94,Yes,0.2425,No
CUST-10409,Male,0,Yes,Yes,59,Yes,No,DSL,No,Yes,No,No,No,No,Month-to-month,Yes,Credit card (automatic),62.54,3770.2,No,0.2199,No
CUST-13429,Male,0,Yes,Yes,38,Yes,No,Fiber optic,No,No,No,No,No,No,Two year,No,Electronic check,55.34,2058.31,Yes,0.3515,No
CUST-14356,Female,0,Yes,Yes,15,No,No phone service,DSL,No,Yes,Yes,No,Yes,No,Two year,Yes,Electronic check,76.66,1061.9,Yes,0.417,No
CUST-10207,Female,0,Yes,Yes,8,Yes,Yes,Fiber optic,No,Yes,No,Yes,Yes,Yes,Month-to-month,No,Credit card (automatic),93.66,743.98,Yes,0.7919,Yes
CUST-13244,Female,0,No,Yes,19,Yes,No,DSL,Yes,Yes,No,Yes,Yes,No,Month-to-month,Yes,Credit card (automatic),88.69,1681.66,No,0.4144,No
CUST-10458,Female,0,Yes,No,0,Yes,No,DSL,No,No,Yes,No,No,Yes,Month-to-month,No,Electronic check,56.59,0.0,Yes,0.8813,Yes
CUST-13493,Female,1,Yes,No,1,No,No phone service,Fiber optic,Yes,Yes,No,No,No,No,Month-to-month,No,Credit card (automatic),87.01,81.15,Yes,0.9053,Yes
CUST-12430,Male,0,Yes,Yes,30,Yes,No,Fiber optic,No,Yes,Yes,No,Yes,No,Month-to-month,Yes,Credit card (automatic),110.42,3231.1,Yes,0.831,Yes
CUST-13681,Male,0,Yes,No,47,Yes,Yes,Fiber optic,No,Yes,Yes,No,No,No,One year,No,Mailed check,97.84,4260.12,No,0.2886,No
CUST-10110,Male,1,No,No,49,No,No phone service,Fiber optic,No,Yes,Yes,No,No,No,Month-to-month,Yes,Mailed check,96.12,4504.83,Yes,0.839,Yes
CUST-13770,Male,0,Yes,No,71,Yes,No,Fiber optic,No,No,No,Yes,No,No,Month-to-month,No,Credit card (automatic),82.62,6137.72,No,0.1663,No
CUST-14068,Female,0,Yes,No,10,Yes,Yes,DSL,No,No,No,No,No,Yes,Month-to-month,Yes,Credit card (automatic),73.97,766.23,Yes,0.7808,Yes
CUST-11883,Female,0,No,Yes,15,Yes,No,DSL,Yes,Yes,Yes,No,Yes,No,Month-to-month,No,Credit card (automatic),96.22,1480.05,Yes,0.5583,Yes
CUST-11713,Female,0,Yes,Yes,1,Yes,No,Fiber optic,No,No,No,Yes,Yes,Yes,Month-to-month,Yes,Credit card (automatic),98.15,97.26,Yes,0.8984,Yes
CUST-13982,Female,1,Yes,No,22,Yes,No,No,No internet service,No internet service,No internet service,No internet service,No internet service,No internet service,Month-to-month,Yes,Electronic check,21.99,453.32,No,0.8086,Yes
CUST-14002,Male,0,Yes,Yes,8,Yes,Yes,Fiber optic,Yes,No,No,Yes,No,No,Month-to-month,Yes,Bank transfer (automatic),93.21,740.9,Yes,0.7874,Yes
CUST-10552,Female,0,No,Yes,17,Yes,No,DSL,Yes,No,Yes,No,Yes,No,Month-to-month,Yes,Credit card (automatic),81.07,1400.68,No,0.6608,Yes
CUST-11439,Female,0,No,No,17,Yes,No,Fiber optic,No,No,No,Yes,No,No,Month-to-month,Yes,Credit card (automatic),73.8,1203.27,Yes,0.843,Yes
CUST-12270,Male,0,Yes,Yes,49,Yes,Yes,No,No internet service,No internet service,No internet service,No internet service,No internet service,No internet service,Month-to-month,Yes,Bank transfer (automatic),36.25,1840.27,No,0.2665,No
CUST-13144,Female,0,No,No,3,Yes,No,DSL,No,No,Yes,Yes,Yes,No,One year,No,Mailed check,71.11,219.94,No,0.4283,No
CUST-12821,Female,0,No,No,5,Yes,Yes,No,No internet service,No internet service,No internet service,No internet service,No internet service,No internet service,Month-to-month,Yes,Mailed check,30.85,161.1,Yes,0.8228,Yes
CUST-14796,Female,0,No,No,44,Yes,No,Fiber optic,No,Yes,No,Yes,No,Yes,Two year,No,Electronic check,94.77,4361.7,No,0.2396,No
CUST-11925,Male,0,No,No,21,Yes,No,DSL,No,No,No,Yes,No,No,One year,Yes,Mailed check,49.26,1002.18,No,0.2631,No
CUST-10634,Male,0,Yes,Yes,18,Yes,No,No,No internet service,No internet service,No internet service,No internet service,No internet service,No internet service,Two year,Yes,Electronic check,53.83,988.31,No,0.2835,No
CUST-14820,Female,0,Yes,Yes,11,Yes,No,DSL,No,Yes,No,Yes,No,Yes,One year,Yes,Mailed check,53.13,541.55,No,0.2659,No
CUST-10316,Female,0,No,No,3,Yes,Yes,Fiber optic,Yes,Yes,No,Yes,No,No,Month-to-month,No,Credit card (automatic),103.04,324.43,Yes,0.8248,Yes
CUST-14230,Male,0,No,Yes,27,Yes,Yes,Fiber optic,Yes,Yes,Yes,Yes,No,Yes,Month-to-month,No,Credit card (automatic),94.17,2422.85,No,0.5903,Yes
CUST-14714,Male,0,No,Yes,51,Yes,No,Fiber optic,Yes,Yes,No,No,No,No,Month-to-month,Yes,Mailed check,85.54,4266.95,Yes,0.5347,Yes
CUST-11328,Female,1,Yes,No,25,Yes,Yes,Fiber optic,No,No,Yes,No,No,No,One year,Yes,Electronic check,85.9,1995.3,Yes,0.8368,Yes
CUST-10427,Female,0,Yes,Yes,37,Yes,Yes,DSL,Yes,Yes,No,No,Yes,Yes,Month-to-month,No,Mailed check,82.07,3089.12,Yes,0.2504,No
CUST-13438,Female,0,Yes,No,22,Yes,No,Fiber optic,Yes,No,No,No,No,No,Month-to-month,Yes,Bank transfer (automatic),71.25,1627.15,Yes,0.7895,Yes
CUST-10105,Female,0,No,No,26,Yes,No,DSL,Yes,Yes,No,No,Yes,No,Two year,Yes,Mailed check,70.08,1885.28,Yes,0.2177,No
CUST-13041,Male,0,Yes,No,62,Yes,No,Fiber optic,No,Yes,No,No,No,Yes,Two year,Yes,Electronic check,81.13,4954.78,No,0.239,No
CUST-10142,Male,0,Yes,No,8,Yes,No,Fiber optic,No,No,Yes,No,No,Yes,Month-to-month,Yes,Credit card (automatic),90.34,743.9,Yes,0.9522,Yes
CUST-12169,Female,0,No,Yes,30,Yes,No,No,No internet service,No internet service,No internet service,No internet service,No internet service,No internet service,Two year,No,Bank transfer (automatic),42.29,1177.6,No,0.0976,No
CUST-13350,Male,1,Yes,No,22,Yes,No,Fiber optic,No,No,No,Yes,No,No,Month-to-month,No,Electronic check,79.46,1608.94,Yes,0.8619,Yes
CUST-10089,Female,0,Yes,No,45,Yes,Yes,DSL,Yes,Yes,Yes,No,No,Yes,One year,No,Bank transfer (automatic),86.83,3975.18,No,0.0626,No
CUST-12918,Female,0,Yes,No,35,Yes,No,DSL,No,No,Yes,No,No,Yes,One year,Yes,Bank transfer (automatic),56.23,1956.3,No,0.2479,No
CUST-13237,Female,0,Yes,No,48,Yes,No,Fiber optic,No,No,Yes,Yes,No,No,Two year,No,Bank transfer (automatic),91.07,4105.62,No,0.1245,No
CUST-12241,Female,0,Yes,No,13,Yes,No,Fiber optic,No,Yes,No,No,No,No,Month-to-month,Yes,Bank transfer (automatic),94.87,1190.69,Yes,0.8988,Yes
CUST-13174,Female,0,No,Yes,35,Yes,No,Fiber optic,No,Yes,Yes,No,Yes,No,Month-to-month,Yes,Electronic check,96.87,3509.87,Yes,0.9059,Yes
CUST-13433,Male,0,No,No,67,Yes,No,Fiber optic,Yes,No,No,Yes,No,Yes,Month-to-month,No,Bank transfer (automatic),107.15,6666.73,No,0.1358,No
CUST-12163,Female,0,No,No,56,Yes,No,DSL,No,Yes,Yes,No,Yes,No,One year,Yes,Mailed check,78.13,4481.28,Yes,0.1465,No
CUST-12636,Male,0,No,Yes,10,Yes,No,Fiber optic,No,Yes,No,No,Yes,No,One year,Yes,Bank transfer (automatic),93.44,935.63,Yes,0.7648,Yes
CUST-11949,Male,0,Yes,No,46,Yes,Yes,No,No internet service,No internet service,No internet service,No internet service,No internet service,No internet service,Two year,Yes,Credit card (automatic),30.09,1430.39,Yes,0.0971,No
CUST-11768,Male,0,No,No,30,No,No phone service,No,No internet service,No internet service,No internet service,No internet service,No internet service,No internet service,Two year,Yes,Mailed check,26.54,796.44,No,0.2096,No
CUST-14862,Female,1,Yes,Yes,18,Yes,Yes,Fiber optic,No,Yes,Yes,No,Yes,No,One year,No,Electronic check,100.36,1847.23,Yes,0.7795,Yes
CUST-12272,Male,0,No,No,50,Yes,Yes,DSL,No,No,No,Yes,No,No,Month-to-month,No,Electronic check,52.71,2684.04,Yes,0.2971,No
CUST-10001,Female,0,No,Yes,33,No,No phone service,DSL,No,No,Yes,No,No,No,Two year,Yes,Bank transfer (automatic),60.73,1901.31,No,0.2039,No
CUST-13303,Male,0,Yes,No,59,Yes,Yes,Fiber optic,Yes,No,No,Yes,Yes,No,Two year,No,Electronic check,94.88,5485.49,No,0.0608,No
CUST-14972,Female,0,Yes,No,31,No,No phone service,No,No internet service,No internet service,No internet service,No internet service,No internet service,No internet service,Month-to-month,No,Mailed check,40.02,1275.84,No,0.3687,No
CUST-11951,Female,1,Yes,No,17,Yes,No,Fiber optic,No,Yes,Yes,No,No,No,Month-to-month,No,Bank transfer (automatic),95.19,1601.6,Yes,0.9146,Yes
CUST-10935,Female,0,No,No,40,Yes,No,Fiber optic,No,No,Yes,No,No,No,Month-to-month,Yes,Electronic check,78.46,3188.7,Yes,0.9043,Yes
CUST-14310,Female,0,No,No,48,Yes,No,DSL,No,Yes,No,No,Yes,No,Month-to-month,Yes,Credit card (automatic),60.7,2688.67,Yes,0.4689,No
CUST-12720,Female,0,No,Yes,19,Yes,No,Fiber optic,No,No,Yes,Yes,No,No,Month-to-month,Yes,Electronic check,95.26,1739.72,Yes,0.9035,Yes
CUST-13508,Male,0,Yes,No,41,Yes,No,No,No internet service,No internet service,No internet service,No internet service,No internet service,No internet service,Month-to-month,No,Bank transfer (automatic),35.0,1358.93,No,0.2915,No
CUST-11109,Male,0,Yes,Yes,8,Yes,Yes,No,No internet service,No internet service,No internet service,No internet service,No internet service,No internet service,One year,Yes,Credit card (automatic),54.35,438.51,Yes,0.3252,No
CUST-13611,Female,0,No,No,22,Yes,Yes,DSL,No,Yes,No,Yes,No,Yes,One year,Yes,Credit card (automatic),79.96,1631.69,No,0.2095,No
CUST-10591,Female,1,Yes,No,37,Yes,No,Fiber optic,Yes,No,No,No,No,No,Month-to-month,Yes,Bank transfer (automatic),97.86,3401.9,Yes,0.7599,Yes
CUST-11695,Female,0,Yes,No,53,Yes,No,No,No internet service,No internet service,No internet service,No internet service,No internet service,No internet service,Two year,No,Mailed check,26.28,1305.32,No,0.0457,No
CUST-13471,Female,0,No,No,2,Yes,No,Fiber optic,No,Yes,No,Yes,Yes,No,Month-to-month,No,Mailed check,72.94,138.71,Yes,0.9009,Yes
CUST-12936,Female,0,Yes,No,58,Yes,Yes,No,No internet service,No internet service,No internet service,No internet service,No internet service,No internet service,Month-to-month,Yes,Bank transfer (automatic),45.3,2447.3,No,0.2228,No
CUST-14217,Male,1,No,Yes,15,Yes,No,DSL,No,Yes,No,No,No,Yes,One year,Yes,Bank transfer (automatic),66.72,1031.64,No,0.5149,Yes
CUST-14769,Male,0,Yes,No,23,Yes,No,DSL,Yes,Yes,No,Yes,No,Yes,One year,Yes,Bank transfer (automatic),84.64,1893.64,No,0.1075,No
CUST-11576,Female,0,No,Yes,72,Yes,No,DSL,No,No,No,No,Yes,No,Month-to-month,No,Bank transfer (automatic),69.96,4651.42,No,0.1085,No
CUST-13978,Female,0,No,No,32,Yes,Yes,No,No internet service,No internet service,No internet service,No internet service,No internet service,No internet service,One year,No,Bank transfer (automatic),38.81,1173.56,No,0.1374,No
CUST-10213,Male,0,Yes,No,61,No,No phone service,No,No internet service,No internet service,No internet service,No internet service,No internet service,No internet service,One year,Yes,Electronic check,20.43,1277.38,No,0.0997,No
CUST-10778,Male,0,No,No,0,Yes,Yes,No,No internet service,No internet service,No internet service,No internet service,No internet service,No internet service,One year,Yes,Credit card (automatic),31.67,0.0,Yes,0.5152,Yes
CUST-11415,Female,0,Yes,No,67,Yes,Yes,DSL,No,No,No,No,No,No,Two year,Yes,Bank transfer (automatic),58.62,3617.54,No,0.0427,No
CUST-13783,Female,0,Yes,No,9,No,No phone service,DSL,Yes,No,No,Yes,Yes,Yes,One year,No,Bank transfer (automatic),92.12,830.78,Yes,0.1244,No
CUST-12043,Female,0,No,No,6,Yes,Yes,No,No internet service,No internet service,No internet service,No internet service,No internet service,No internet service,Two year,No,Electronic check,32.73,194.97,No,0.4114,No
CUST-12848,Male,0,Yes,No,51,Yes,Yes,Fiber optic,Yes,No,Yes,Yes,Yes,No,One year,Yes,Mailed check,85.85,4460.05,No,0.1586,No
CUST-14945,Female,0,Yes,No,66,Yes,No,DSL,No,No,Yes,No,No,No,One year,Yes,Bank transfer (automatic),52.09,3279.39,No,0.0753,No
CUST-13527,Male,0,No,No,23,Yes,No,Fiber optic,No,Yes,No,No,No,Yes,One year,No,Credit card (automatic),92.91,2149.52,No,0.5095,Yes
CUST-13837,Female,0,Yes,No,24,Yes,No,DSL,No,Yes,Yes,Yes,No,Yes,Month-to-month,No,Mailed check,68.54,1647.24,No,0.4538,No
CUST-11567,Female,0,No,No,27,Yes,No,No,No internet service,No internet service,No internet service,No internet service,No internet service,No internet service,One year,Yes,Credit card (automatic),38.2,1021.86,No,0.2455,No
CUST-10165,Female,0,Yes,No,29,Yes,No,No,No internet service,No internet service,No internet service,No internet service,No internet service,No internet service,Month-to-month,Yes,Mailed check,34.39,931.37,Yes,0.5512,Yes
CUST-14729,Female,1,No,No,62,Yes,Yes,DSL,No,No,Yes,Yes,Yes,No,Month-to-month,No,Mailed check,59.67,3678.06,No,0.2861,No
CUST-13607,Female,0,Yes,No,67,Yes,No,DSL,No,Yes,Yes,Yes,Yes,Yes,One year,Yes,Electronic check,80.9,5211.01,No,0.0612,No
CUST-14941,Male,0,No,Yes,65,Yes,Yes,Fiber optic,No,Yes,Yes,Yes,Yes,No,Month-to-month,Yes,Credit card (automatic),103.01,6319.94,No,0.3724,No
CUST-11343,Female,0,No,No,54,Yes,No,DSL,No,Yes,No,No,No,No,Month-to-month,No,Credit card (automatic),68.05,3490.45,No,0.2365,No
CUST-12013,Female,0,No,No,54,Yes,No,Fiber optic,No,No,Yes,Yes,No,No,Month-to-month,Yes,Bank transfer (automatic),91.66,4845.56,No,0.5453,Yes
CUST-10273,Female,0,No,Yes,14,Yes,No,DSL,No,Yes,No,Yes,No,No,Two year,No,Bank transfer (automatic),59.42,790.3,No,0.1262,No
CUST-10071,Male,0,No,No,55,No,No phone service,DSL,No,No,No,No,Yes,Yes,Month-to-month,Yes,Bank transfer (automatic),57.27,2968.65,No,0.3528,No
CUST-13911,Female,0,Yes,No,65,No,No phone service,DSL,No,Yes,No,Yes,Yes,No,Month-to-month,Yes,Electronic check,71.3,4712.3,No,0.1827,No
CUST-11087,Female,0,Yes,No,19,Yes,Yes,DSL,No,No,No,No,Yes,No,Two year,Yes,Electronic check,68.41,1232.41,No,0.3955,No
CUST-10394,Female,1,Yes,No,8,No,No phone service,Fiber optic,No,No,No,No,Yes,No,Month-to-month,No,Credit card (automatic),77.34,643.97,Yes,0.9307,Yes
CUST-10583,Male,0,No,No,3,Yes,No,Fiber optic,No,No,No,No,No,No,Month-to-month,Yes,Electronic check,78.72,245.47,Yes,0.9774,Yes
CUST-11367,Male,0,Yes,No,60,Yes,Yes,Fiber optic,No,Yes,No,Yes,Yes,No,Two year,Yes,Electronic check,105.04,5843.62,No,0.1407,No
CUST-14657,Female,1,No,No,27,Yes,No,DSL,No,No,No,No,Yes,No,One year,No,Electronic check,56.52,1551.42,No,0.4717,No
CUST-12548,Male,0,No,No,42,Yes,Yes,DSL,No,No,No,No,No,No,Month-to-month,Yes,Mailed check,56.43,2356.86,No,0.5761,Yes
CUST-11013,Male,1,No,No,66,Yes,No,Fiber optic,Yes,Yes,No,No,No,Yes,Month-to-month,No,Credit card (automatic),96.47,6103.53,No,0.374,No
CUST-14912,Male,0,No,Yes,38,Yes,Yes,Fiber optic,No,Yes,Yes,No,No,Yes,Month-to-month,No,Mailed check,81.35,2997.21,No,0.771,Yes
CUST-13003,Female,0,No,No,71,Yes,No,DSL,No,No,Yes,No,No,Yes,Two year,Yes,Bank transfer (automatic),70.78,5051.21,No,0.0578,No
CUST-14803,Female,0,Yes,No,28,Yes,Yes,No,No internet service,No internet service,No internet service,No internet service,No internet service,No internet service,Month-to-month,Yes,Bank transfer (automatic),29.67,797.87,No,0.5281,Yes
CUST-14024,Male,0,No,No,69,Yes,No,No,No internet service,No internet service,No internet service,No internet service,No internet service,No internet service,One year,No,Credit card (automatic),43.56,2940.02,No,0.0323,No
CUST-13554,Male,0,Yes,No,44,Yes,Yes,Fiber optic,No,Yes,Yes,No,No,Yes,One year,No,Credit card (automatic),92.19,3806.97,Yes,0.2936,No
CUST-11763,Female,0,No,Yes,5,Yes,Yes,Fiber optic,No,No,No,Yes,No,Yes,Month-to-month,Yes,Mailed check,83.1,400.33,No,0.9133,Yes
CUST-11875,Male,0,Yes,No,66,No,No phone service,DSL,No,No,Yes,No,Yes,No,Month-to-month,Yes,Electronic check,67.18,4547.69,No,0.3642,No
CUST-11259,Female,0,Yes,No,39,Yes,No,Fiber optic,No,Yes,Yes,No,Yes,No,One year,Yes,Bank transfer (automatic),98.84,3774.07,Yes,0.4677,No
CUST-14544,Male,1,Yes,No,43,Yes,No,No,No internet service,No internet service,No internet service,No internet service,No internet service,No internet service,Two year,Yes,Mailed check,29.54,1266.03,No,0.2011,No
CUST-12253,Female,0,Yes,No,31,Yes,No,No,No internet service,No internet service,No internet service,No internet service,No internet service,No internet service,Two year,Yes,Bank transfer (automatic),31.02,939.35,No,0.1492,No
CUST-12781,Female,0,No,Yes,4,Yes,No,Fiber optic,Yes,No,Yes,Yes,Yes,No,Month-to-month,Yes,Credit card (automatic),104.51,392.74,Yes,0.8857,Yes
CUST-13616,Male,0,Yes,Yes,17,Yes,No,Fiber optic,No,No,Yes,Yes,Yes,Yes,One year,Yes,Credit card (automatic),107.63,1810.45,No,0.5179,Yes
CUST-10526,Female,0,Yes,No,44,Yes,Yes,Fiber optic,No,No,No,No,No,No,Month-to-month,No,Credit card (automatic),93.72,3949.85,No,0.564,Yes
CUST-13442,Male,0,Yes,Yes,58,No,No phone service,Fiber optic,No,Yes,No,Yes,No,Yes,One year,No,Credit card (automatic),92.96,5536.6,No,0.0497,No
CUST-12946,Female,0,No,No,16,Yes,Yes,DSL,Yes,No,No,No,Yes,Yes,Month-to-month,Yes,Credit card (automatic),75.47,1248.72,Yes,0.663,Yes
CUST-10377,Female,0,No,Yes,58,Yes,No,No,No internet service,No internet service,No internet service,No internet service,No internet service,No internet service,Month-to-month,No,Credit card (automatic),37.0,2077.03,No,0.1577,No
CUST-11559,Female,0,No,Yes,19,Yes,No,DSL,Yes,Yes,Yes,Yes,Yes,Yes,Two year,No,Electronic check,106.03,2060.99,No,0.1553,No
CUST-13844,Female,0,No,No,59,Yes,Yes,DSL,No,Yes,No,No,No,No,Month-to-month,No,Mailed check,69.12,3938.4,No,0.2302,No
CUST-11963,Female,1,Yes,Yes,26,Yes,No,DSL,No,No,No,No,No,No,Month-to-month,Yes,Credit card (automatic),60.36,1468.09,No,0.6831,Yes
CUST-14747,Male,0,No,Yes,17,Yes,No,DSL,Yes,Yes,No,Yes,Yes,No,One year,No,Credit card (automatic),81.81,1375.03,Yes,0.0943,No
CUST-10348,Male,0,Yes,Yes,58,Yes,Yes,No,No internet service,No internet service,No internet service,No internet service,No internet service,No internet service,Month-to-month,Yes,Mailed check,39.63,2208.43,No,0.2279,No
CUST-12434,Male,0,No,No,38,Yes,Yes,DSL,Yes,No,No,Yes,No,Yes,Two year,Yes,Mailed check,66.94,2639.68,No,0.0835,No
CUST-12246,Female,0,No,No,52,Yes,No,No,No internet service,No internet service,No internet service,No internet service,No internet service,No internet service,Two year,Yes,Bank transfer (automatic),29.71,1421.74,No,0.0857,No
CUST-14179,Male,0,Yes,No,32,Yes,No,Fiber optic,No,Yes,Yes,No,No,Yes,Two year,Yes,Bank transfer (automatic),92.52,2920.67,No,0.5041,Yes
CUST-11709,Male,0,No,Yes,23,Yes,No,Fiber optic,No,No,No,No,No,No,Month-to-month,Yes,Bank transfer (automatic),78.33,1735.96,No,0.8642,Yes
CUST-11050,Female,1,No,Yes,0,Yes,No,DSL,No,No,No,No,No,No,One year,Yes,Credit card (automatic),46.06,0.0,No,0.6736,Yes
CUST-10590,Female,1,Yes,No,47,Yes,No,No,No internet service,No internet service,No internet service,No internet service,No internet service,No internet service,Month-to-month,No,Credit card (automatic),29.53,1450.77,Yes,0.368,No
CUST-10519,Female,0,No,Yes,2,Yes,Yes,Fiber optic,No,No,Yes,No,No,Yes,Month-to-month,Yes,Electronic check,87.93,162.42,Yes,0.9779,Yes
CUST-14507,Female,0,No,No,65,Yes,No,Fiber optic,No,No,No,No,Yes,Yes,Two year,Yes,Bank transfer (automatic),116.44,7727.35,No,0.1318,No
CUST-14442,Female,0,Yes,Yes,54,Yes,No,DSL,Yes,No,Yes,Yes,Yes,No,Month-to-month,No,Bank transfer (automatic),75.05,3935.75,No,0.0773,No
CUST-12477,Male,0,No,No,23,Yes,Yes,Fiber optic,Yes,Yes,No,No,No,Yes,Two year,No,Bank transfer (automatic),103.61,2461.25,No,0.3392,No
CUST-11083,Female,0,Yes,No,67,Yes,No,Fiber optic,Yes,No,No,No,No,Yes,Month-to-month,Yes,Credit card (automatic),81.0,5153.54,No,0.3067,No
CUST-13612,Female,0,Yes,No,11,Yes,Yes,No,No internet service,No internet service,No internet service,No internet service,No internet service,No internet service,Month-to-month,Yes,Bank transfer (automatic),33.31,370.49,Yes,0.7018,Yes
CUST-14793,Male,0,No,Yes,49,Yes,No,DSL,No,No,Yes,No,No,No,Month-to-month,Yes,Mailed check,63.56,3166.23,No,0.4752,No
CUST-14523,Female,0,Yes,No,41,No,No phone service,No,No internet service,No internet service,No internet service,No internet service,No internet service,No internet service,Month-to-month,Yes,Electronic check,31.23,1310.15,No,0.5189,Yes
CUST-11294,Female,0,No,Yes,69,Yes,No,Fiber optic,Yes,No,No,No,Yes,Yes,Month-to-month,Yes,Bank transfer (automatic),103.55,7007.92,No,0.2737,No
CUST-11809,Female,0,No,No,15,Yes,Yes,DSL,Yes,No,No,Yes,Yes,No,Month-to-month,Yes,Mailed check,66.88,1015.44,No,0.5637,Yes
CUST-10791,Male,0,No,No,68,Yes,No,DSL,No,No,No,Yes,Yes,No,Two year,No,Bank transfer (automatic),75.89,5142.52,No,0.017,No
CUST-10792,Female,0,Yes,No,71,Yes,Yes,Fiber optic,No,Yes,Yes,No,No,No,Month-to-month,No,Mailed check,103.24,7193.1,No,0.3213,No
CUST-14127,Male,0,No,No,34,Yes,No,Fiber optic,No,No,Yes,No,Yes,Yes,Two year,Yes,Mailed check,105.53,3553.11,Yes,0.5947,Yes
CUST-11855,Female,0,Yes,No,68,Yes,Yes,DSL,Yes,No,Yes,Yes,Yes,Yes,Month-to-month,Yes,Bank transfer (automatic),83.96,5441.88,No,0.0847,No
CUST-14772,Male,0,Yes,No,63,Yes,No,No,No internet service,No internet service,No internet service,No internet service,No internet service,No internet service,One year,No,Bank transfer (automatic),33.83,1983.93,No,0.0334,No
CUST-11980,Female,0,No,No,59,Yes,No,DSL,No,No,No,Yes,Yes,No,Two year,No,Mailed check,70.13,3841.81,No,0.029,No
CUST-13233,Male,1,No,No,49,Yes,No,DSL,Yes,No,Yes,No,No,Yes,Month-to-month,No,Bank transfer (automatic),63.14,3148.65,No,0.382,No
CUST-13932,Female,0,No,No,30,Yes,Yes,No,No internet service,No internet service,No internet service,No internet service,No internet service,No internet service,Month-to-month,No,Credit card (automatic),36.37,1061.07,No,0.4415,No
CUST-13406,Male,0,No,No,21,Yes,Yes,DSL,No,No,Yes,No,No,No,Month-to-month,Yes,Bank transfer (automatic),55.1,1175.07,No,0.7795,Yes
CUST-13328,Male,0,No,No,58,Yes,No,DSL,No,No,No,No,No,No,Month-to-month,Yes,Mailed check,60.49,3458.06,Yes,0.3681,No
CUST-11530,Male,0,Yes,No,44,No,No phone service,Fiber optic,Yes,Yes,Yes,No,No,No,Month-to-month,No,Electronic check,106.59,4627.73,No,0.6202,Yes
CUST-11410,Male,0,Yes,No,66,No,No phone service,DSL,Yes,Yes,No,Yes,No,No,Month-to-month,No,Credit card (automatic),70.93,4665.97,No,0.039,No
CUST-14308,Female,0,Yes,No,11,Yes,No,Fiber optic,No,No,No,No,No,No,Month-to-month,Yes,Credit card (automatic),77.95,822.19,No,0.9187,Yes
CUST-14663,Male,0,No,Yes,68,Yes,No,Fiber optic,No,Yes,Yes,No,Yes,Yes,Two year,No,Mailed check,116.03,7367.78,No,0.0941,No
CUST-10083,Female,0,No,No,13,Yes,Yes,DSL,No,Yes,Yes,No,Yes,No,Month-to-month,Yes,Mailed check,80.43,1026.45,Yes,0.8529,Yes
CUST-10868,Male,0,Yes,No,30,Yes,No,Fiber optic,No,Yes,Yes,Yes,No,No,One year,Yes,Credit card (automatic),104.48,2906.7,No,0.4036,No
CUST-12350,Female,0,Yes,No,55,Yes,Yes,DSL,Yes,Yes,No,No,No,No,Month-to-month,Yes,Credit card (automatic),86.46,4984.05,No,0.1695,No
CUST-10020,Female,0,Yes,No,66,Yes,Yes,Fiber optic,No,Yes,No,Yes,No,No,Month-to-month,No,Mailed check,110.97,7174.85,No,0.1841,No
CUST-14357,Male,0,No,No,45,Yes,No,Fiber optic,No,No,No,No,Yes,No,One year,Yes,Bank transfer (automatic),80.67,3650.15,No,0.4282,No
CUST-12795,Female,0,No,Yes,65,Yes,No,DSL,Yes,No,No,No,No,Yes,Month-to-month,No,Mailed check,60.81,3944.51,No,0.1059,No
CUST-14586,Male,0,No,No,72,Yes,Yes,DSL,No,No,No,No,No,No,Month-to-month,No,Mailed check,54.04,4012.95,Yes,0.1708,No
CUST-11562,Male,0,Yes,No,29,Yes,Yes,DSL,No,No,No,No,No,No,One year,No,Electronic check,56.56,1641.46,No,0.2531,No
CUST-13093,Male,0,Yes,No,42,Yes,Yes,DSL,Yes,No,No,Yes,No,Yes,Month-to-month,No,Mailed check,75.68,3007.93,No,0.1508,No
CUST-13155,Female,0,Yes,No,53,Yes,No,No,No internet service,No internet service,No internet service,No internet service,No internet service,No internet service,One year,No,Bank transfer (automatic),28.88,1552.48,No,0.0472,No
CUST-10973,Male,0,Yes,Yes,1,Yes,No,DSL,No,Yes,No,No,No,Yes,Month-to-month,Yes,Mailed check,58.59,56.34,No,0.8295,Yes
CUST-11710,Male,0,No,No,29,Yes,Yes,DSL,Yes,Yes,No,Yes,No,No,Month-to-month,No,Bank transfer (automatic),68.5,2072.05,No,0.272,No
CUST-13201,Female,0,Yes,No,3,Yes,No,Fiber optic,No,No,No,Yes,No,No,Two year,Yes,Mailed check,75.51,224.96,Yes,0.6533,Yes
CUST-14005,Female,0,Yes,No,42,Yes,Yes,No,No internet service,No internet service,No internet service,No internet service,No internet service,No internet service,One year,Yes,Credit card (automatic),37.68,1474.47,Yes,0.1221,No
CUST-14834,Female,0,Yes,Yes,21,Yes,Yes,No,No internet service,No internet service,No internet service,No internet service,No internet service,No internet service,Two year,No,Credit card (automatic),48.5,1019.56,No,0.0989,No
CUST-11098,Male,1,Yes,No,39,Yes,Yes,Fiber optic,No,Yes,Yes,No,No,No,One year,No,Mailed check,104.45,4157.1,Yes,0.5159,Yes
CUST-14174,Male,0,Yes,No,11,Yes,No,Fiber optic,No,No,No,No,No,No,Month-to-month,Yes,Bank transfer (automatic),75.49,779.44,Yes,0.9218,Yes
CUST-12844,Male,0,Yes,No,31,Yes,Yes,No,No internet service,No internet service,No internet service,No internet service,No internet service,No internet service,One year,No,Electronic check,21.82,667.18,Yes,0.1992,No
CUST-10886,Male,0,No,Yes,40,Yes,Yes,DSL,Yes,Yes,Yes,No,Yes,No,Month-to-month,Yes,Mailed check,96.2,3893.77,No,0.4638,No
CUST-14946,Male,0,No,No,16,Yes,Yes,DSL,No,Yes,Yes,No,Yes,Yes,Month-to-month,Yes,Electronic check,67.6,1020.08,Yes,0.8912,Yes
CUST-13702,Male,0,No,No,48,Yes,No,No,No internet service,No internet service,No internet service,No internet service,No internet service,No internet service,Month-to-month,Yes,Mailed check,22.21,981.8,Yes,0.4783,No
CUST-14594,Female,0,No,No,9,Yes,No,Fiber optic,Yes,Yes,No,No,No,Yes,Month-to-month,Yes,Credit card (automatic),80.8,717.96,Yes,0.9119,Yes
CUST-13589,Female,0,No,Yes,11,Yes,Yes,Fiber optic,Yes,No,No,No,No,Yes,Month-to-month,Yes,Mailed check,87.01,995.22,Yes,0.9033,Yes
CUST-14415,Male,1,No,No,59,Yes,Yes,DSL,No,No,No,No,No,No,One year,Yes,Bank transfer (automatic),47.91,2759.18,No,0.1718,No
CUST-10515,Male,0,Yes,Yes,64,Yes,Yes,No,No internet service,No internet service,No internet service,No internet service,No internet service,No internet service,Two year,No,Mailed check,33.42,2146.32,No,0.0251,No
CUST-14635,Female,0,No,No,27,Yes,No,Fiber optic,Yes,Yes,No,No,Yes,No,Two year,Yes,Credit card (automatic),93.83,2463.4,No,0.4247,No
CUST-10737,Male,0,No,No,50,Yes,Yes,No,No internet service,No internet service,No internet service,No internet service,No internet service,No internet service,One year,Yes,Electronic check,34.49,1699.89,No,0.187,No
CUST-11453,Male,0,No,No,3,Yes,Yes,DSL,No,No,Yes,Yes,Yes,No,Month-to-month,No,Credit card (automatic),75.27,237.08,No,0.7581,Yes
CUST-13995,Male,0,Yes,Yes,61,Yes,No,Fiber optic,Yes,No,No,No,No,Yes,Month-to-month,No,Bank transfer (automatic),90.66,5553.9,No,0.2094,No
CUST-14715,Female,0,Yes,No,54,Yes,No,Fiber optic,No,Yes,No,No,Yes,Yes,Month-to-month,No,Mailed check,97.01,5489.13,Yes,0.4746,No
CUST-12506,Male,0,Yes,No,7,Yes,No,DSL,No,Yes,No,No,No,No,Month-to-month,No,Electronic check,64.93,466.46,Yes,0.8134,Yes
CUST-12994,Female,1,No,Yes,51,Yes,Yes,Fiber optic,Yes,Yes,No,Yes,Yes,Yes,One year,Yes,Electronic check,117.89,5974.8,No,0.2431,No
CUST-12126,Male,1,Yes,No,17,Yes,No,No,No internet service,No internet service,No internet service,No internet service,No internet service,No internet service,Month-to-month,No,Bank transfer (automatic),36.61,625.6,Yes,0.6325,Yes
CUST-12926,Female,1,Yes,No,44,Yes,No,No,No internet service,No internet service,No internet service,No internet service,No internet service,No internet service,Month-to-month,No,Mailed check,35.81,1486.47,Yes,0.4241,No
CUST-14760,Female,1,Yes,No,55,Yes,No,Fiber optic,Yes,Yes,Yes,Yes,Yes,No,One year,Yes,Credit card (automatic),102.94,5232.46,Yes,0.1643,No
CUST-10906,Male,0,Yes,Yes,16,Yes,Yes,No,No internet service,No internet service,No internet service,No internet service,No internet service,No internet service,One year,Yes,Mailed check,31.26,511.14,No,0.2627,No
CUST-13671,Male,0,No,Yes,11,Yes,Yes,DSL,No,No,Yes,No,Yes,Yes,Month-to-month,Yes,Credit card (automatic),76.15,838.79,No,0.844,Yes
CUST-11030,Male,0,No,No,65,No,No phone service,No,No internet service,No internet service,No internet service,No internet service,No internet service,No internet service,Month-to-month,Yes,Electronic check,28.51,1814.03,No,0.3538,No
CUST-12507,Female,0,No,No,1,Yes,No,Fiber optic,Yes,No,Yes,Yes,No,No,Month-to-month,Yes,Bank transfer (automatic),90.49,93.19,Yes,0.9189,Yes
CUST-12428,Female,0,No,No,38,Yes,Yes,Fiber optic,No,Yes,No,Yes,No,Yes,One year,Yes,Bank transfer (automatic),83.86,2945.13,No,0.3321,No
CUST-10947,Male,0,No,Yes,64,Yes,Yes,DSL,No,No,No,Yes,Yes,No,Month-to-month,No,Mailed check,62.19,3838.49,No,0.1104,No
CUST-13830,Female,0,No,Yes,43,Yes,No,Fiber optic,No,No,Yes,No,Yes,No,Month-to-month,No,Electronic check,91.57,4032.19,Yes,0.7954,Yes
CUST-14091,Male,0,Yes,No,63,Yes,Yes,DSL,Yes,Yes,Yes,No,No,Yes,Month-to-month,No,Bank transfer (automatic),69.07,4331.39,No,0.1226,No
CUST-10715,Female,0,Yes,Yes,46,Yes,Yes,Fiber optic,No,Yes,No,Yes,Yes,Yes,Month-to-month,Yes,Credit card (automatic),105.02,4923.98,Yes,0.4812,No
CUST-14563,Male,0,No,No,51,Yes,No,DSL,Yes,No,No,No,No,Yes,Month-to-month,Yes,Bank transfer (automatic),72.97,3598.04,Yes,0.2703,No
CUST-10686,Male,0,Yes,Yes,31,No,No phone service,Fiber optic,Yes,No,Yes,Yes,No,No,Month-to-month,Yes,Bank transfer (automatic),105.09,3169.31,No,0.557,Yes
CUST-10703,Male,0,No,Yes,46,Yes,Yes,DSL,No,No,No,Yes,Yes,Yes,Two year,Yes,Electronic check,74.77,3534.13,No,0.1189,No
CUST-13341,Male,0,No,No,57,Yes,No,DSL,No,No,No,No,No,No,Month-to-month,No,Mailed check,48.62,2853.76,No,0.2807,No
CUST-12353,Male,0,Yes,Yes,45,Yes,No,No,No internet service,No internet service,No internet service,No internet service,No internet service,No internet service,One year,Yes,Electronic check,22.93,1023.2,No,0.169,No
CUST-12257,Female,1,No,No,13,Yes,Yes,DSL,Yes,No,Yes,No,Yes,No,Two year,No,Credit card (automatic),78.35,1039.61,No,0.3555,No
CUST-13573,Male,0,Yes,No,50,Yes,Yes,Fiber optic,No,No,No,No,Yes,Yes,One year,Yes,Bank transfer (automatic),102.8,5327.66,Yes,0.2591,No
CUST-10473,Male,1,Yes,No,8,No,No phone service,DSL,No,Yes,Yes,Yes,Yes,No,One year,Yes,Electronic check,77.19,603.28,Yes,0.6527,Yes
CUST-10021,Male,0,Yes,No,59,Yes,Yes,Fiber optic,No,No,No,No,Yes,Yes,Month-to-month,No,Electronic check,77.67,4724.1,Yes,0.5681,Yes
CUST-12752,Female,0,No,No,8,Yes,Yes,DSL,No,No,No,Yes,No,No,Month-to-month,No,Electronic check,64.73,533.57,No,0.7441,Yes
CUST-10885,Female,0,Yes,No,0,Yes,No,Fiber optic,No,Yes,No,No,Yes,Yes,Month-to-month,No,Bank transfer (automatic),111.8,0.0,Yes,0.9295,Yes
CUST-12448,Female,0,No,No,21,Yes,Yes,DSL,Yes,Yes,Yes,Yes,No,No,Month-to-month,Yes,Credit card (automatic),83.49,1714.75,No,0.508,Yes
CUST-10917,Female,0,No,No,56,Yes,No,DSL,No,No,Yes,No,Yes,Yes,One year,No,Electronic check,73.7,3891.17,No,0.1366,No
CUST-13781,Male,0,No,No,22,Yes,Yes,Fiber optic,No,No,Yes,No,No,No,One year,No,Bank transfer (automatic),85.3,1779.87,Yes,0.5887,Yes
CUST-14441,Male,0,Yes,No,33,Yes,Yes,Fiber optic,Yes,No,No,Yes,Yes,No,Month-to-month,Yes,Electronic check,96.78,3250.4,No,0.7124,Yes
CUST-12239,Female,0,No,No,59,Yes,Yes,Fiber optic,Yes,No,No,No,No,Yes,Month-to-month,Yes,Mailed check,96.55,5848.99,No,0.4738,No
CUST-13868,Male,0,No,No,58,Yes,Yes,Fiber optic,No,No,Yes,Yes,No,No,Two year,Yes,Mailed check,98.16,5410.77,No,0.1726,No
CUST-13395,Female,0,No,No,44,Yes,No,DSL,Yes,Yes,Yes,No,No,Yes,One year,Yes,Mailed check,74.62,3177.16,No,0.1628,No
CUST-11265,Male,0,Yes,No,13,Yes,Yes,DSL,No,No,No,Yes,No,No,One year,No,Credit card (automatic),67.72,889.2,No,0.1569,No
CUST-10483,Female,0,No,No,52,Yes,No,No,No internet service,No internet service,No internet service,No internet service,No internet service,No internet service,Month-to-month,Yes,Credit card (automatic),38.28,2061.49,No,0.3331,No
CUST-14351,Female,0,Yes,No,12,Yes,Yes,DSL,No,Yes,No,No,No,Yes,One year,Yes,Mailed check,66.1,809.22,No,0.4581,No
CUST-12963,Male,0,No,Yes,42,Yes,No,Fiber optic,No,No,No,No,Yes,Yes,Month-to-month,No,Mailed check,99.81,4197.14,No,0.6666,Yes
CUST-11219,Male,0,Yes,Yes,60,Yes,Yes,Fiber optic,Yes,No,No,No,Yes,Yes,Month-to-month,Yes,Electronic check,92.33,5195.0,No,0.4745,No
CUST-10277,Female,0,No,Yes,70,Yes,No,DSL,No,Yes,Yes,No,Yes,No,One year,No,Bank transfer (automatic),78.29,5282.75,No,0.0353,No
CUST-10988,Male,0,No,No,66,Yes,Yes,Fiber optic,Yes,No,No,No,No,No,One year,Yes,Mailed check,91.09,6296.98,No,0.1317,No
CUST-12084,Male,0,No,No,52,Yes,Yes,No,No internet service,No internet service,No internet service,No internet service,No internet service,No internet service,One year,Yes,Credit card (automatic),34.52,1679.77,No,0.1052,No
CUST-11245,Female,0,Yes,No,37,Yes,Yes,DSL,No,No,Yes,Yes,No,No,Two year,Yes,Bank transfer (automatic),75.6,2598.61,No,0.1072,No
CUST-12382,Female,0,No,Yes,46,Yes,No,DSL,No,No,No,Yes,No,No,Two year,No,Bank transfer (automatic),65.36,2922.27,No,0.0381,No
CUST-10571,Male,1,No,Yes,16,Yes,No,Fiber optic,Yes,No,Yes,Yes,No,Yes,Month-to-month,Yes,Electronic check,94.08,1504.77,Yes,0.9269,Yes
CUST-11435,Male,0,No,No,11,Yes,No,Fiber optic,Yes,No,Yes,No,Yes,No,Month-to-month,Yes,Mailed check,93.23,956.42,Yes,0.9406,Yes
CUST-10993,Male,0,No,No,46,Yes,Yes,No,No internet service,No internet service,No internet service,No internet service,No internet service,No internet service,Month-to-month,Yes,Credit card (automatic),31.81,1525.88,Yes,0.4453,No
CUST-13473,Female,1,Yes,No,49,No,No phone service,Fiber optic,Yes,No,No,No,Yes,No,One year,Yes,Electronic check,83.6,3938.02,Yes,0.3852,No
CUST-13955,Female,0,Yes,No,36,Yes,No,No,No internet service,No internet service,No internet service,No internet service,No internet service,No internet service,One year,Yes,Bank transfer (automatic),28.06,1003.04,No,0.1544,No
CUST-10585,Female,0,No,No,21,Yes,Yes,Fiber optic,No,No,Yes,No,Yes,Yes,Two year,No,Bank transfer (automatic),90.43,1754.23,No,0.5525,Yes
CUST-13682,Male,0,No,No,18,Yes,Yes,No,No internet service,No internet service,No internet service,No internet service,No internet service,No internet service,One year,Yes,Electronic check,35.99,657.93,No,0.4557,No
CUST-12514,Male,0,No,No,29,Yes,No,Fiber optic,No,No,No,No,No,No,Two year,Yes,Bank transfer (automatic),79.74,2391.89,No,0.5416,Yes
CUST-11349,Female,0,No,Yes,27,Yes,Yes,Fiber optic,Yes,No,No,Yes,No,Yes,Month-to-month,No,Credit card (automatic),93.19,2441.08,No,0.5035,Yes
CUST-11007,Female,0,Yes,No,26,No,No phone service,Fiber optic,No,Yes,No,No,No,No,Month-to-month,Yes,Credit card (automatic),79.36,2129.79,No,0.827,Yes
CUST-10674,Female,0,Yes,Yes,42,Yes,No,DSL,Yes,No,Yes,Yes,No,No,Month-to-month,Yes,Credit card (automatic),72.66,2906.82,No,0.2069,No
CUST-12412,Female,0,No,No,8,Yes,Yes,DSL,No,Yes,No,No,Yes,Yes,One year,Yes,Electronic check,73.83,609.14,Yes,0.6889,Yes
CUST-12903,Female,0,No,No,28,Yes,No,Fiber optic,No,No,No,No,No,No,Two year,Yes,Bank transfer (automatic),79.12,2086.43,Yes,0.5303,Yes
CUST-10447,Female,0,Yes,No,22,Yes,Yes,Fiber optic,No,Yes,No,Yes,No,No,Month-to-month,Yes,Bank transfer (automatic),86.01,1839.29,No,0.7672,Yes
CUST-13494,Female,0,No,No,6,Yes,Yes,DSL,Yes,Yes,No,No,Yes,Yes,One year,No,Electronic check,74.59,464.37,No,0.4597,No
CUST-13782,Male,0,No,No,34,Yes,Yes,Fiber optic,Yes,Yes,No,No,Yes,No,Month-to-month,Yes,Credit card (automatic),85.04,2973.4,Yes,0.7719,Yes
CUST-13727,Female,0,No,No,16,Yes,No,DSL,No,No,Yes,No,No,Yes,One year,No,Electronic check,76.25,1193.21,Yes,0.4798,No
CUST-10359,Female,0,No,No,37,Yes,Yes,DSL,No,Yes,Yes,Yes,No,No,One year,Yes,Bank transfer (automatic),61.46,2230.8,No,0.1776,No
CUST-12064,Female,0,No,No,12,Yes,No,DSL,Yes,Yes,No,No,No,No,Month-to-month,Yes,Electronic check,62.31,711.34,Yes,0.8142,Yes
CUST-14463,Female,0,Yes,No,15,Yes,Yes,Fiber optic,No,Yes,No,No,Yes,Yes,Month-to-month,Yes,Credit card (automatic),88.47,1233.2,Yes,0.8968,Yes
CUST-13834,Male,0,Yes,No,68,Yes,Yes,Fiber optic,No,Yes,No,Yes,Yes,Yes,Month-to-month,No,Bank transfer (automatic),88.33,6181.66,No,0.1969,No
CUST-11690,Female,0,Yes,Yes,49,Yes,Yes,DSL,No,No,No,Yes,No,No,Month-to-month,Yes,Mailed check,54.23,2453.19,No,0.2156,No
CUST-14340,Male,0,No,No,16,No,No phone service,No,No internet service,No internet service,No internet service,No internet service,No internet service,No internet service,One year,No,Bank transfer (automatic),47.34,740.43,No,0.1991,No
CUST-11548,Male,0,No,No,67,Yes,Yes,No,No internet service,No internet service,No internet service,No internet service,No internet service,No internet service,Month-to-month,No,Electronic check,33.79,2179.04,No,0.2483,No
CUST-11247,Male,1,No,No,15,Yes,Yes,Fiber optic,Yes,Yes,No,No,No,Yes,One year,Yes,Bank transfer (automatic),93.08,1390.22,No,0.7363,Yes
CUST-11985,Female,0,Yes,No,0,Yes,Yes,Fiber optic,Yes,No,No,Yes,Yes,No,Two year,Yes,Credit card (automatic),95.77,0.0,No,0.5504,Yes
CUST-10294,Female,1,No,Yes,67,Yes,Yes,DSL,No,No,No,No,Yes,Yes,Month-to-month,No,Credit card (automatic),71.1,4712.76,No,0.2141,No
CUST-11547,Female,0,Yes,No,27,Yes,Yes,Fiber optic,No,No,No,No,Yes,No,Two year,Yes,Credit card (automatic),97.45,2515.26,No,0.4763,No
CUST-12012,Male,1,Yes,No,71,Yes,No,DSL,Yes,No,No,No,No,No,One year,No,Mailed check,57.58,3876.73,No,0.0347,No
CUST-10588,Female,0,Yes,No,58,Yes,No,Fiber optic,No,No,No,No,Yes,Yes,Two year,No,Mailed check,82.25,4754.6,No,0.1266,No
CUST-13329,Female,0,Yes,Yes,50,Yes,Yes,No,No internet service,No internet service,No internet service,No internet service,No internet service,No internet service,Two year,No,Mailed check,32.64,1534.67,No,0.0397,No
CUST-12403,Female,1,No,No,50,Yes,Yes,DSL,No,No,No,Yes,Yes,No,Month-to-month,No,Bank transfer (automatic),64.89,3048.87,Yes,0.2831,No
CUST-12129,Male,0,No,No,44,Yes,Yes,No,No internet service,No internet service,No internet service,No internet service,No internet service,No internet service,Two year,Yes,Electronic check,35.15,1436.53,No,0.2116,No
CUST-14402,Male,0,Yes,No,58,Yes,No,No,No internet service,No internet service,No internet service,No internet service,No internet service,No internet service,Month-to-month,Yes,Credit card (automatic),42.64,2328.02,No,0.231,No
CUST-12410,Female,0,Yes,Yes,48,Yes,No,DSL,Yes,Yes,Yes,No,Yes,No,Two year,Yes,Mailed check,72.82,3309.98,No,0.0775,No
CUST-12719,Male,0,No,No,58,Yes,No,DSL,Yes,Yes,Yes,No,Yes,Yes,Month-to-month,Yes,Mailed check,91.16,5027.15,No,0.2917,No
CUST-14568,Male,0,Yes,Yes,30,Yes,Yes,DSL,No,Yes,Yes,No,Yes,No,Month-to-month,Yes,Credit card (automatic),67.47,1982.17,Yes,0.6132,Yes
CUST-10425,Male,0,Yes,Yes,71,Yes,Yes,DSL,No,Yes,Yes,No,No,Yes,Month-to-month,No,Electronic check,60.82,4069.93,No,0.2053,No
CUST-12582,Male,0,Yes,No,42,No,No phone service,No,No internet service,No internet service,No internet service,No internet service,No internet service,No internet service,Month-to-month,No,Credit card (automatic),35.91,1562.64,Yes,0.2568,No
CUST-11054,Male,0,No,No,0,Yes,No,DSL,No,No,Yes,No,No,Yes,Month-to-month,Yes,Electronic check,74.56,0.0,Yes,0.9481,Yes
CUST-13990,Female,0,Yes,No,48,Yes,No,Fiber optic,No,Yes,No,No,Yes,No,Month-to-month,Yes,Bank transfer (automatic),102.2,4810.54,Yes,0.6546,Yes
CUST-14576,Male,0,Yes,Yes,61,Yes,No,Fiber optic,No,Yes,Yes,No,No,Yes,Month-to-month,No,Bank transfer (automatic),99.96,5773.05,Yes,0.3601,No
CUST-10556,Female,0,No,Yes,13,Yes,No,DSL,No,No,No,No,Yes,Yes,Month-to-month,Yes,Bank transfer (automatic),85.42,1078.49,No,0.741,Yes
CUST-14372,Male,0,No,No,7,Yes,Yes,DSL,No,No,No,No,No,Yes,Month-to-month,No,Electronic check,51.04,335.03,Yes,0.8486,Yes
CUST-14050,Male,1,Yes,Yes,24,Yes,Yes,No,No internet service,No internet service,No internet service,No internet service,No internet service,No internet service,Month-to-month,Yes,Electronic check,42.22,976.18,No,0.7616,Yes
CUST-14727,Female,0,No,No,70,Yes,No,Fiber optic,No,Yes,Yes,No,Yes,No,Month-to-month,Yes,Mailed check,91.59,6681.98,Yes,0.5714,Yes
CUST-12469,Male,0,No,No,67,Yes,Yes,Fiber optic,Yes,No,Yes,No,No,No,Month-to-month,Yes,Credit card (automatic),81.55,5307.13,No,0.4531,No
CUST-14725,Male,0,Yes,Yes,63,Yes,No,DSL,Yes,No,No,No,Yes,No,Month-to-month,Yes,Electronic check,67.48,4288.14,No,0.2072,No
CUST-10355,Female,1,No,No,42,Yes,Yes,Fiber optic,No,No,No,No,Yes,No,Two year,Yes,Bank transfer (automatic),92.22,3722.58,Yes,0.5277,Yes
CUST-11193,Female,0,Yes,Yes,16,Yes,No,DSL,No,No,Yes,Yes,Yes,No,Month-to-month,Yes,Bank transfer (automatic),71.14,1057.42,Yes,0.5741,Yes
CUST-11716,Female,0,No,No,59,Yes,No,No,No internet service,No internet service,No internet service,No internet service,No internet service,No internet service,Month-to-month,No,Electronic check,38.16,2272.42,Yes,0.2886,No
CUST-13416,Female,0,Yes,No,55,Yes,Yes,DSL,Yes,Yes,Yes,Yes,Yes,Yes,Month-to-month,No,Mailed check,91.59,4911.39,No,0.0988,No
CUST-12604,Female,0,No,No,16,Yes,Yes,No,No internet service,No internet service,No internet service,No internet service,No internet service,No internet service,Month-to-month,No,Bank transfer (automatic),37.49,623.14,No,0.5649,Yes
CUST-14668,Female,0,Yes,No,32,Yes,No,Fiber optic,Yes,No,No,Yes,Yes,No,Month-to-month,No,Credit card (automatic),96.0,3078.83,Yes,0.4412,No
CUST-12828,Female,0,Yes,No,8,Yes,No,Fiber optic,Yes,Yes,No,Yes,No,Yes,Month-to-month,Yes,Electronic check,94.56,718.9,No,0.8862,Yes
CUST-11704,Female,0,Yes,No,12,Yes,No,No,No internet service,No internet service,No internet service,No internet service,No internet service,No internet service,Two year,No,Credit card (automatic),36.64,413.72,No,0.1839,No
CUST-12863,Female,1,No,No,42,Yes,No,Fiber optic,No,No,No,Yes,Yes,No,One year,Yes,Bank transfer (automatic),85.73,3751.15,No,0.4409,No
CUST-12618,Female,0,Yes,No,67,Yes,Yes,DSL,No,No,No,No,No,Yes,Month-to-month,Yes,Mailed check,50.95,3582.1,No,0.2445,No
CUST-12400,Male,0,Yes,No,24,Yes,No,Fiber optic,No,Yes,Yes,No,No,No,Month-to-month,Yes,Credit card (automatic),91.85,2098.21,Yes,0.8823,Yes
CUST-12139,Male,0,Yes,No,35,Yes,No,DSL,No,No,No,No,No,Yes,Month-to-month,Yes,Bank transfer (automatic),55.05,1928.0,No,0.5394,Yes
CUST-13239,Male,0,Yes,No,21,Yes,No,Fiber optic,No,No,Yes,No,No,No,One year,Yes,Credit card (automatic),100.44,1973.93,Yes,0.6433,Yes
CUST-12383,Male,0,Yes,Yes,23,Yes,No,DSL,Yes,No,No,No,No,No,Two year,Yes,Electronic check,50.36,1150.33,No,0.2123,No
CUST-13218,Female,0,Yes,No,15,No,No phone service,DSL,Yes,Yes,Yes,Yes,Yes,No,Month-to-month,No,Mailed check,95.49,1443.5,Yes,0.3978,No
CUST-13768,Female,0,Yes,No,12,Yes,No,DSL,Yes,Yes,No,No,No,Yes,Month-to-month,Yes,Credit card (automatic),67.84,843.48,No,0.6603,Yes
CUST-11285,Male,1,Yes,No,69,Yes,Yes,DSL,No,Yes,Yes,No,Yes,No,One year,Yes,Credit card (automatic),65.01,4702.49,No,0.1153,No
CUST-13820,Male,0,Yes,No,46,Yes,No,Fiber optic,Yes,Yes,No,No,Yes,Yes,Two year,Yes,Electronic check,102.97,4594.04,No,0.2954,No
CUST-13864,Female,1,No,No,38,No,No phone service,No,No internet service,No internet service,No internet service,No internet service,No internet service,No internet service,Two year,No,Electronic check,32.15,1181.13,No,0.2279,No
CUST-14482,Female,0,Yes,Yes,60,Yes,No,Fiber optic,Yes,No,No,No,No,Yes,Month-to-month,Yes,Credit card (automatic),92.73,5413.41,No,0.3052,No
CUST-12087,Female,1,No,Yes,39,Yes,No,DSL,Yes,No,No,Yes,Yes,No,Month-to-month,Yes,Bank transfer (automatic),79.77,2907.17,No,0.3514,No
CUST-11889,Male,0,Yes,Yes,60,Yes,No,DSL,No,No,Yes,No,No,No,One year,Yes,Electronic check,68.42,3946.65,No,0.1199,No
CUST-13528,Male,1,No,No,18,Yes,No,DSL,No,No,No,No,Yes,No,Two year,Yes,Electronic check,73.61,1223.55,Yes,0.6226,Yes
CUST-11591,Male,0,No,No,68,Yes,No,DSL,No,No,No,No,No,Yes,Month-to-month,Yes,Bank transfer (automatic),60.89,3843.94,No,0.25,No
CUST-11346,Female,0,No,No,57,Yes,No,Fiber optic,Yes,No,Yes,Yes,Yes,No,Two year,Yes,Credit card (automatic),89.86,5295.46,Yes,0.1069,No
CUST-14445,Male,0,No,No,23,Yes,No,Fiber optic,No,No,No,No,No,No,Month-to-month,Yes,Electronic check,81.56,1942.66,Yes,0.9366,Yes
CUST-12162,Male,0,Yes,No,28,Yes,Yes,DSL,No,Yes,No,No,Yes,No,One year,No,Credit card (automatic),57.37,1485.64,No,0.1704,No
CUST-12396,Female,0,No,Yes,47,Yes,No,Fiber optic,No,No,No,Yes,Yes,Yes,Two year,Yes,Bank transfer (automatic),110.12,5156.48,No,0.1653,No
CUST-13667,Male,0,No,No,29,Yes,Yes,DSL,No,No,Yes,No,No,No,Month-to-month,Yes,Mailed check,48.11,1353.71,No,0.7616,Yes
CUST-12271,Male,0,No,No,57,Yes,Yes,DSL,No,Yes,No,No,Yes,No,Month-to-month,Yes,Electronic check,60.28,3403.79,No,0.5046,Yes
CUST-14504,Male,1,Yes,No,1,Yes,No,Fiber optic,Yes,No,No,No,Yes,Yes,One year,Yes,Mailed check,87.18,90.14,No,0.8576,Yes
CUST-13111,Female,0,Yes,No,39,Yes,No,Fiber optic,No,No,No,Yes,No,No,One year,No,Bank transfer (automatic),79.83,3099.95,No,0.1732,No
CUST-11137,Male,0,Yes,Yes,67,No,No phone service,DSL,No,No,Yes,No,No,No,One year,Yes,Bank transfer (automatic),48.34,3366.54,No,0.0558,No
CUST-13919,Female,0,No,Yes,21,Yes,No,DSL,No,Yes,Yes,Yes,Yes,No,Month-to-month,Yes,Electronic check,73.43,1608.17,No,0.7362,Yes
CUST-10972,Male,0,Yes,Yes,22,Yes,Yes,No,No internet service,No internet service,No internet service,No internet service,No internet service,No internet service,Month-to-month,Yes,Credit card (automatic),29.63,647.22,Yes,0.5235,Yes
CUST-10795,Male,1,Yes,Yes,10,Yes,No,No,No internet service,No internet service,No internet service,No internet service,No internet service,No internet service,Month-to-month,Yes,Mailed check,31.25,316.25,Yes,0.8095,Yes
CUST-13020,Male,0,No,Yes,65,Yes,No,DSL,Yes,No,Yes,No,Yes,Yes,Month-to-month,No,Electronic check,73.1,4508.84,No,0.1982,No
CUST-11711,Male,0,Yes,No,0,Yes,Yes,Fiber optic,Yes,No,No,Yes,No,Yes,Two year,Yes,Bank transfer (automatic),98.99,0.0,No,0.5533,Yes
CUST-13387,Female,0,No,Yes,60,Yes,No,DSL,Yes,No,No,Yes,Yes,No,Month-to-month,Yes,Mailed check,79.43,4653.08,No,0.1093,No
CUST-10036,Female,0,No,Yes,22,Yes,No,DSL,No,Yes,No,No,No,No,One year,No,Mailed check,62.39,1320.18,No,0.2165,No
CUST-10453,Male,1,Yes,No,15,Yes,Yes,Fiber optic,No,Yes,No,Yes,No,No,Month-to-month,No,Electronic check,78.99,1110.95,Yes,0.8977,Yes
CUST-10913,Female,0,Yes,Yes,48,Yes,No,Fiber optic,Yes,No,No,No,No,Yes,One year,Yes,Electronic check,93.08,4142.88,No,0.2574,No
CUST-14102,Male,0,Yes,Yes,14,Yes,No,Fiber optic,No,No,No,Yes,Yes,Yes,Month-to-month,Yes,Electronic check,95.76,1324.0,No,0.8841,Yes
CUST-11199,Female,0,Yes,Yes,30,Yes,No,DSL,No,Yes,Yes,Yes,Yes,Yes,Month-to-month,No,Mailed check,76.37,2243.44,No,0.36,No
CUST-11274,Female,0,No,No,15,Yes,Yes,Fiber optic,No,Yes,No,Yes,No,No,Month-to-month,No,Credit card (automatic),99.56,1399.74,Yes,0.7709,Yes
CUST-12375,Female,0,Yes,No,52,Yes,Yes,Fiber optic,Yes,No,No,Yes,Yes,Yes,One year,No,Bank transfer (automatic),89.28,4306.04,No,0.0581,No
CUST-10037,Female,0,No,No,27,Yes,Yes,Fiber optic,No,Yes,Yes,No,No,Yes,Two year,No,Bank transfer (automatic),97.3,2501.8,No,0.4836,No
CUST-10974,Male,0,Yes,No,62,No,No phone service,DSL,Yes,No,No,No,Yes,Yes,Month-to-month,No,Electronic check,73.97,4372.72,No,0.1441,No
CUST-13195,Male,0,Yes,No,35,Yes,Yes,DSL,No,No,No,No,No,Yes,Month-to-month,No,Mailed check,52.04,1756.22,No,0.4502,No
CUST-10983,Female,0,No,Yes,15,Yes,No,DSL,No,Yes,Yes,No,Yes,No,Two year,Yes,Mailed check,72.01,1073.0,No,0.4292,No
CUST-13928,Female,0,Yes,Yes,27,Yes,No,No,No internet service,No internet service,No internet service,No internet service,No internet service,No internet service,Month-to-month,Yes,Credit card (automatic),32.16,834.48,No,0.4741,No
CUST-14093,Male,0,No,Yes,43,Yes,Yes,No,No internet service,No internet service,No internet service,No internet service,No internet service,No internet service,Month-to-month,Yes,Bank transfer (automatic),23.52,1011.73,No,0.4289,No
CUST-11418,Female,0,No,No,16,Yes,No,No,No internet service,No internet service,No internet service,No internet service,No internet service,No internet service,Two year,No,Credit card (automatic),27.14,429.94,No,0.1829,No
CUST-13332,Male,0,Yes,No,7,Yes,Yes,Fiber optic,No,No,Yes,No,Yes,Yes,One year,No,Mailed check,103.62,707.05,Yes,0.7672,Yes
CUST-11560,Male,1,No,Yes,63,Yes,No,No,No internet service,No internet service,No internet service,No internet service,No internet service,No internet service,Month-to-month,No,Electronic check,25.51,1511.93,No,0.3673,No
CUST-10039,Female,0,Yes,No,60,Yes,No,DSL,No,Yes,Yes,Yes,No,Yes,One year,No,Credit card (automatic),78.88,4583.04,No,0.0266,No
CUST-11486,Male,0,Yes,Yes,59,Yes,No,Fiber optic,No,No,No,No,No,Yes,Month-to-month,Yes,Mailed check,88.83,5331.8,No,0.498,No
CUST-13907,Female,0,Yes,No,13,Yes,Yes,DSL,Yes,Yes,No,No,No,Yes,One year,Yes,Credit card (automatic),56.98,742.79,Yes,0.2548,No
CUST-10169,Male,0,No,No,12,Yes,No,DSL,Yes,No,No,No,Yes,Yes,Month-to-month,Yes,Electronic check,70.79,857.38,Yes,0.8366,Yes
CUST-11355,Male,0,Yes,No,32,Yes,No,DSL,Yes,No,No,Yes,Yes,No,Two year,Yes,Bank transfer (automatic),72.51,2290.18,No,0.0699,No
CUST-12785,Male,0,Yes,Yes,57,Yes,No,DSL,Yes,No,Yes,No,Yes,Yes,Month-to-month,No,Credit card (automatic),82.13,4837.17,No,0.1201,No
CUST-13656,Female,0,No,Yes,15,Yes,Yes,Fiber optic,Yes,No,Yes,Yes,Yes,No,Two year,Yes,Mailed check,104.38,1607.07,No,0.4709,No
CUST-14763,Male,0,Yes,No,22,Yes,No,Fiber optic,Yes,No,No,No,Yes,Yes,Two year,Yes,Electronic check,101.95,2154.53,No,0.5519,Yes
CUST-14028,Female,0,No,Yes,57,Yes,Yes,DSL,Yes,No,Yes,No,No,No,Two year,Yes,Credit card (automatic),61.92,3386.3,No,0.0531,No
CUST-12682,Male,0,Yes,No,66,Yes,No,Fiber optic,No,No,Yes,Yes,Yes,Yes,Two year,Yes,Electronic check,117.41,7798.06,No,0.1299,No
CUST-14719,Male,0,No,No,20,Yes,Yes,DSL,Yes,No,No,Yes,No,No,Two year,Yes,Electronic check,64.63,1318.88,No,0.2172,No
CUST-14049,Male,0,No,No,58,Yes,No,Fiber optic,No,Yes,No,No,No,Yes,Month-to-month,No,Credit card (automatic),97.37,5510.33,No,0.4469,No
CUST-11640,Female,0,Yes,No,3,Yes,Yes,No,No internet service,No internet service,No internet service,No internet service,No internet service,No internet service,Month-to-month,Yes,Electronic check,38.78,117.54,Yes,0.8513,Yes
CUST-11290,Male,0,No,No,18,Yes,No,No,No internet service,No internet service,No internet service,No internet service,No internet service,No internet service,Month-to-month,No,Mailed check,42.66,786.56,No,0.592,Yes
CUST-11380,Female,0,No,No,69,Yes,No,Fiber optic,No,Yes,Yes,No,Yes,No,Month-to-month,No,Electronic check,95.67,6186.3,Yes,0.547,Yes
CUST-11933,Female,0,Yes,No,19,Yes,No,DSL,No,No,Yes,Yes,No,No,One year,Yes,Bank transfer (automatic),63.21,1135.82,No,0.2364,No
CUST-10579,Male,0,No,No,8,Yes,No,No,No internet service,No internet service,No internet service,No internet service,No internet service,No internet service,Month-to-month,No,Electronic check,48.55,382.82,No,0.7919,Yes
CUST-14233,Male,0,Yes,No,64,Yes,Yes,Fiber optic,No,No,No,No,No,No,Month-to-month,No,Bank transfer (automatic),82.8,5127.02,No,0.3387,No
CUST-13160,Male,0,Yes,No,54,Yes,No,Fiber optic,No,No,Yes,No,Yes,No,Two year,No,Credit card (automatic),76.81,3906.55,No,0.1737,No
CUST-12030,Female,0,No,Yes,59,Yes,No,No,No internet service,No internet service,No internet service,No internet service,No internet service,No internet service,Month-to-month,Yes,Bank transfer (automatic),32.33,1856.83,No,0.2436,No
CUST-10892,Female,1,Yes,No,10,Yes,No,Fiber optic,No,Yes,No,No,No,Yes,Month-to-month,Yes,Credit card (automatic),85.44,802.67,Yes,0.9555,Yes
CUST-13975,Female,0,Yes,No,48,Yes,No,DSL,Yes,No,No,No,No,No,Month-to-month,Yes,Bank transfer (automatic),64.0,2931.29,No,0.266,No
CUST-10780,Female,0,Yes,No,52,Yes,Yes,Fiber optic,Yes,No,No,No,Yes,Yes,Month-to-month,Yes,Bank transfer (automatic),111.8,5453.65,No,0.4319,No
CUST-10159,Female,0,No,Yes,29,Yes,No,Fiber optic,No,No,No,No,No,No,Month-to-month,Yes,Electronic check,78.49,2237.01,Yes,0.8993,Yes
CUST-10002,Female,1,Yes,Yes,50,Yes,No,Fiber optic,No,Yes,No,Yes,No,Yes,Month-to-month,No,Credit card (automatic),100.62,5102.37,No,0.3945,No
CUST-12263,Female,0,Yes,Yes,53,Yes,No,DSL,No,No,Yes,Yes,No,Yes,Month-to-month,Yes,Credit card (automatic),84.86,4286.25,No,0.1802,No
CUST-13216,Male,0,No,Yes,31,Yes,No,Fiber optic,No,No,No,No,No,No,Month-to-month,Yes,Bank transfer (automatic),91.9,2978.16,No,0.8252,Yes
CUST-12109,Male,1,Yes,No,61,Yes,No,DSL,Yes,Yes,No,No,No,No,One year,Yes,Electronic check,60.09,3632.81,No,0.1224,No
CUST-10849,Female,0,Yes,No,70,Yes,Yes,Fiber optic,Yes,No,Yes,No,No,Yes,Month-to-month,No,Mailed check,100.24,7197.58,No,0.2348,No
CUST-12737,Male,0,Yes,No,7,Yes,Yes,No,No internet service,No internet service,No internet service,No internet service,No internet service,No internet service,Month-to-month,No,Bank transfer (automatic),38.82,256.17,Yes,0.6214,Yes
CUST-12466,Male,0,Yes,No,62,Yes,Yes,Fiber optic,No,No,Yes,No,No,No,Two year,Yes,Electronic check,86.97,5320.59,No,0.2851,No
CUST-13720,Female,0,Yes,Yes,49,Yes,No,Fiber optic,No,No,Yes,Yes,Yes,Yes,Month-to-month,No,Credit card (automatic),99.19,4986.31,No,0.3574,No
CUST-13674,Female,0,No,No,68,Yes,Yes,Fiber optic,No,Yes,Yes,Yes,Yes,No,Two year,No,Bank transfer (automatic),106.35,7162.15,No,0.0587,No
CUST-11596,Female,0,Yes,No,1,Yes,Yes,DSL,Yes,Yes,No,Yes,No,Yes,Month-to-month,No,Mailed check,87.77,86.36,No,0.5432,Yes
CUST-11776,Male,0,No,No,37,Yes,Yes,Fiber optic,No,No,Yes,Yes,No,Yes,Month-to-month,Yes,Electronic check,104.5,3614.94,Yes,0.846,Yes
CUST-11913,Female,0,No,No,54,Yes,No,DSL,No,No,Yes,Yes,Yes,No,Month-to-month,Yes,Mailed check,74.96,4086.5,No,0.3211,No
CUST-11043,Male,0,No,Yes,60,Yes,No,No,No internet service,No internet service,No internet service,No internet service,No internet service,No internet service,Two year,No,Bank transfer (automatic),27.79,1543.54,No,0.0338,No
CUST-14728,Male,0,No,No,40,Yes,Yes,DSL,No,No,No,No,Yes,No,Month-to-month,No,Bank transfer (automatic),58.69,2457.64,No,0.4414,No
CUST-11544,Male,0,Yes,No,10,Yes,No,DSL,No,No,No,No,No,No,Two year,Yes,Mailed check,69.16,645.14,No,0.415,No
CUST-12736,Female,0,No,No,2,Yes,Yes,No,No internet service,No internet service,No internet service,No internet service,No internet service,No internet service,One year,Yes,Mailed check,25.55,52.34,No,0.5272,Yes
CUST-14619,Female,0,Yes,No,34,Yes,Yes,Fiber optic,No,No,No,Yes,Yes,No,Month-to-month,Yes,Credit card (automatic),93.67,3289.48,Yes,0.6802,Yes
CUST-14632,Male,0,Yes,No,43,Yes,No,DSL,Yes,No,No,No,No,Yes,Two year,Yes,Bank transfer (automatic),67.35,3034.94,No,0.0783,No
CUST-10053,Male,1,Yes,No,68,Yes,No,Fiber optic,Yes,No,No,No,No,Yes,One year,Yes,Credit card (automatic),85.64,6069.03,No,0.1421,No
CUST-11796,Female,0,Yes,Yes,27,Yes,No,Fiber optic,No,No,Yes,Yes,Yes,Yes,Two year,No,Bank transfer (automatic),103.84,2823.38,No,0.2459,No
CUST-13588,Female,0,No,No,37,Yes,Yes,Fiber optic,Yes,No,No,No,No,Yes,Month-to-month,Yes,Bank transfer (automatic),81.82,2856.09,Yes,0.7237,Yes
CUST-11911,Female,0,Yes,Yes,67,Yes,No,No,No internet service,No internet service,No internet service,No internet service,No internet service,No internet service,Month-to-month,No,Mailed check,37.27,2302.76,No,0.106,No
CUST-12306,Male,0,No,No,12,Yes,No,DSL,No,Yes,Yes,No,No,No,One year,No,Electronic check,66.48,773.38,Yes,0.5741,Yes
CUST-12553,Male,0,Yes,No,10,Yes,No,Fiber optic,No,No,No,No,No,No,Two year,No,Bank transfer (automatic),81.26,814.91,Yes,0.5723,Yes
CUST-12800,Female,0,Yes,Yes,25,Yes,Yes,No,No internet service,No internet service,No internet service,No internet service,No internet service,No internet service,Month-to-month,Yes,Mailed check,46.12,1119.05,No,0.5301,Yes
CUST-10936,Male,0,Yes,No,20,Yes,Yes,No,No internet service,No internet service,No internet service,No internet service,No internet service,No internet service,Month-to-month,Yes,Mailed check,35.35,686.94,Yes,0.6337,Yes
CUST-14140,Female,0,No,No,56,Yes,Yes,DSL,No,No,No,No,No,Yes,Month-to-month,No,Bank transfer (automatic),63.72,3455.1,No,0.2327,No
CUST-10824,Female,0,No,No,53,Yes,Yes,Fiber optic,No,No,No,No,No,No,Month-to-month,Yes,Credit card (automatic),83.16,4133.82,No,0.6414,Yes
CUST-14748,Female,0,No,No,1,Yes,No,Fiber optic,Yes,No,No,No,Yes,No,One year,Yes,Electronic check,85.78,89.82,Yes,0.8659,Yes
CUST-13178,Male,0,Yes,No,62,No,No phone service,Fiber optic,No,Yes,No,Yes,No,Yes,Month-to-month,Yes,Bank transfer (automatic),90.52,5836.13,No,0.304,No
CUST-13401,Female,0,Yes,No,54,Yes,Yes,Fiber optic,No,Yes,No,No,No,No,One year,Yes,Electronic check,80.61,4320.92,No,0.345,No
CUST-11389,Female,0,Yes,Yes,21,Yes,Yes,Fiber optic,Yes,No,No,No,Yes,No,One year,Yes,Electronic check,90.31,1931.16,Yes,0.5613,Yes
CUST-13564,Female,0,Yes,No,69,Yes,No,DSL,Yes,No,No,No,Yes,No,Two year,No,Electronic check,65.09,4656.93,No,0.025,No
CUST-14891,Female,0,No,No,47,Yes,No,Fiber optic,No,Yes,No,Yes,Yes,No,Month-to-month,No,Mailed check,88.91,4371.8,No,0.5233,Yes
CUST-10884,Female,0,Yes,No,11,Yes,Yes,DSL,No,Yes,Yes,Yes,Yes,No,Two year,No,Bank transfer (automatic),86.18,913.25,No,0.2107,No
CUST-13829,Male,0,No,Yes,18,Yes,No,Fiber optic,Yes,Yes,Yes,No,Yes,No,Two year,No,Bank transfer (automatic),114.1,2021.16,No,0.4123,No
CUST-11607,Female,0,Yes,Yes,36,No,No phone service,Fiber optic,Yes,No,Yes,No,Yes,Yes,Month-to-month,Yes,Credit card (automatic),99.23,3404.77,No,0.6553,Yes
CUST-11594,Female,0,Yes,Yes,41,Yes,Yes,Fiber optic,No,Yes,Yes,No,No,No,One year,Yes,Credit card (automatic),70.96,3014.08,No,0.4108,No
CUST-10771,Female,0,Yes,No,34,Yes,Yes,Fiber optic,No,No,Yes,No,Yes,Yes,Month-to-month,No,Bank transfer (automatic),84.59,2893.86,No,0.7654,Yes
CUST-12611,Female,0,Yes,No,39,Yes,No,No,No internet service,No internet service,No internet service,No internet service,No internet service,No internet service,Month-to-month,No,Bank transfer (automatic),44.51,1690.04,No,0.289,No
CUST-13878,Male,0,No,Yes,26,Yes,No,Fiber optic,No,Yes,Yes,No,No,No,Month-to-month,Yes,Electronic check,91.41,2489.21,Yes,0.9366,Yes
CUST-12273,Male,0,No,Yes,58,Yes,Yes,Fiber optic,No,Yes,Yes,Yes,Yes,No,One year,Yes,Bank transfer (automatic),110.94,6013.17,No,0.1462,No
CUST-11868,Male,0,No,No,63,Yes,No,Fiber optic,No,No,No,No,Yes,Yes,Two year,No,Bank transfer (automatic),89.35,5508.35,No,0.1146,No
CUST-11085,Female,0,Yes,No,41,Yes,Yes,Fiber optic,Yes,No,Yes,Yes,No,No,Two year,No,Bank transfer (automatic),110.14,4433.32,No,0.0986,No
CUST-10010,Female,0,No,Yes,60,Yes,Yes,No,No internet service,No internet service,No internet service,No internet service,No internet service,No internet service,One year,Yes,Mailed check,41.24,2394.03,No,0.0698,No
CUST-13635,Male,0,No,No,11,Yes,Yes,DSL,No,No,No,No,Yes,Yes,Month-to-month,Yes,Credit card (automatic),77.82,848.06,Yes,0.8319,Yes
CUST-11325,Male,0,No,No,72,Yes,No,Fiber optic,No,Yes,Yes,No,No,No,Month-to-month,No,Credit card (automatic),90.47,6414.01,No,0.3731,No
CUST-13390,Male,1,Yes,No,15,Yes,Yes,Fiber optic,No,Yes,No,Yes,No,No,Month-to-month,Yes,Electronic check,88.55,1288.94,Yes,0.9381,Yes
CUST-11463,Male,0,No,No,24,No,No phone service,No,No internet service,No internet service,No internet service,No internet service,No internet service,No internet service,Month-to-month,Yes,Credit card (automatic),30.83,681.14,Yes,0.5906,Yes
CUST-10806,Female,0,No,No,39,Yes,Yes,No,No internet service,No internet service,No internet service,No internet service,No internet service,No internet service,One year,No,Mailed check,39.04,1543.72,No,0.127,No
CUST-13759,Female,0,Yes,No,56,Yes,Yes,Fiber optic,Yes,No,No,No,Yes,Yes,Month-to-month,No,Credit card (automatic),102.35,5445.82,No,0.281,No
CUST-14009,Male,0,Yes,Yes,67,Yes,Yes,Fiber optic,No,Yes,No,Yes,Yes,No,One year,Yes,Credit card (automatic),104.45,7189.81,No,0.0603,No
CUST-13795,Male,0,No,No,6,Yes,Yes,DSL,No,Yes,No,No,No,No,Month-to-month,No,Credit card (automatic),64.46,376.4,Yes,0.7663,Yes
CUST-12108,Male,0,No,No,1,Yes,No,Fiber optic,Yes,Yes,Yes,No,Yes,Yes,One year,No,Mailed check,116.87,111.49,Yes,0.7764,Yes
CUST-14639,Female,0,No,Yes,68,Yes,Yes,Fiber optic,Yes,Yes,Yes,Yes,Yes,Yes,One year,Yes,Credit card (automatic),116.49,7355.03,No,0.0546,No
CUST-14971,Male,0,Yes,Yes,31,Yes,No,DSL,Yes,No,No,No,Yes,Yes,Two year,No,Mailed check,69.51,2052.46,No,0.0745,No
CUST-12234,Female,1,Yes,No,23,Yes,No,DSL,No,Yes,No,No,No,No,One year,No,Bank transfer (automatic),60.17,1396.15,No,0.2799,No
CUST-13211,Male,0,Yes,No,8,Yes,No,DSL,Yes,Yes,No,No,Yes,No,One year,No,Mailed check,78.28,586.82,No,0.2656,No
CUST-10963,Male,0,No,Yes,40,Yes,Yes,Fiber optic,Yes,No,No,No,No,No,One year,Yes,Credit card (automatic),82.07,3124.44,No,0.2896,No
CUST-13415,Male,0,No,Yes,59,Yes,No,No,No internet service,No internet service,No internet service,No internet service,No internet service,No internet service,Two year,Yes,Electronic check,38.18,2087.87,No,0.0927,No
CUST-14774,Male,0,No,Yes,55,Yes,Yes,Fiber optic,Yes,No,Yes,No,No,No,Month-to-month,No,Credit card (automatic),101.48,5378.64,Yes,0.3643,No
CUST-10398,Male,0,No,No,44,Yes,No,Fiber optic,No,Yes,No,No,No,No,Month-to-month,Yes,Credit card (automatic),76.72,3351.94,Yes,0.7735,Yes
CUST-12632,Female,0,No,No,63,Yes,No,DSL,Yes,No,No,No,No,No,Two year,Yes,Mailed check,60.66,3544.64,No,0.0455,No
CUST-14866,Male,0,No,No,9,Yes,Yes,No,No internet service,No internet service,No internet service,No internet service,No internet service,No internet service,Month-to-month,No,Credit card (automatic),28.28,246.13,No,0.6698,Yes
CUST-12996,Male,1,Yes,No,7,Yes,No,DSL,Yes,No,No,Yes,Yes,Yes,Month-to-month,Yes,Electronic check,97.71,691.13,No,0.8264,Yes
CUST-10704,Male,1,Yes,No,47,Yes,No,DSL,Yes,No,No,No,No,No,One year,Yes,Mailed check,62.12,2788.62,No,0.1554,No
CUST-10431,Female,0,No,No,49,Yes,Yes,DSL,No,No,Yes,No,Yes,Yes,Month-to-month,Yes,Credit card (automatic),68.62,3281.78,Yes,0.4927,No
CUST-10292,Female,0,Yes,No,32,Yes,Yes,DSL,No,No,No,No,Yes,Yes,Month-to-month,No,Bank transfer (automatic),71.26,2231.79,Yes,0.4298,No
CUST-14882,Male,1,No,No,27,Yes,Yes,Fiber optic,Yes,No,No,No,No,Yes,Two year,No,Electronic check,101.89,2638.12,No,0.5755,Yes
CUST-10145,Female,1,Yes,No,42,Yes,Yes,Fiber optic,No,No,No,No,No,No,One year,Yes,Electronic check,66.73,2781.18,Yes,0.6653,Yes
CUST-14159,Male,0,No,No,21,Yes,Yes,DSL,Yes,Yes,Yes,No,Yes,No,Month-to-month,No,Mailed check,79.39,1538.18,No,0.5904,Yes
CUST-12033,Female,0,No,Yes,52,Yes,Yes,DSL,No,No,No,Yes,No,No,Two year,Yes,Bank transfer (automatic),55.09,2754.47,No,0.0467,No
CUST-14219,Male,0,No,No,13,Yes,Yes,Fiber optic,Yes,No,No,Yes,Yes,Yes,Month-to-month,Yes,Bank transfer (automatic),93.23,1170.43,Yes,0.8156,Yes
CUST-11165,Male,0,No,No,70,Yes,Yes,Fiber optic,No,No,No,Yes,No,No,Month-to-month,Yes,Mailed check,78.51,5528.31,Yes,0.3727,No
CUST-13500,Male,0,No,No,31,Yes,No,No,No internet service,No internet service,No internet service,No internet service,No internet service,No internet service,One year,Yes,Credit card (automatic),38.97,1249.55,No,0.2278,No
CUST-12050,Male,0,No,Yes,0,Yes,No,No,No internet service,No internet service,No internet service,No internet service,No internet service,No internet service,Month-to-month,Yes,Electronic check,31.55,0.0,Yes,0.8742,Yes
CUST-12624,Female,0,Yes,No,20,Yes,No,No,No internet service,No internet service,No internet service,No internet service,No internet service,No internet service,Month-to-month,Yes,Credit card (automatic),32.89,688.67,No,0.5846,Yes
CUST-14392,Male,0,No,No,35,Yes,No,DSL,No,No,No,Yes,Yes,Yes,Month-to-month,No,Credit card (automatic),64.98,2320.97,No,0.3394,No
CUST-10339,Female,0,Yes,No,48,Yes,Yes,DSL,No,Yes,No,No,No,No,Two year,Yes,Electronic check,48.42,2166.16,No,0.178,No
CUST-13903,Male,0,Yes,No,3,Yes,Yes,DSL,No,Yes,Yes,No,No,No,One year,Yes,Electronic check,62.34,195.3,Yes,0.7272,Yes
CUST-14854,Male,0,Yes,No,32,No,No phone service,DSL,No,Yes,Yes,Yes,Yes,Yes,Month-to-month,No,Credit card (automatic),57.63,1847.84,No,0.3483,No
CUST-12973,Female,0,No,No,5,Yes,No,DSL,No,Yes,No,No,No,Yes,Two year,No,Credit card (automatic),73.1,368.42,Yes,0.3756,No
CUST-10265,Female,1,Yes,Yes,13,No,No phone service,Fiber optic,No,No,No,No,No,No,Month-to-month,Yes,Electronic check,80.89,978.61,Yes,0.9508,Yes
CUST-12424,Male,0,Yes,Yes,10,Yes,No,No,No internet service,No internet service,No internet service,No internet service,No internet service,No internet service,Month-to-month,Yes,Credit card (automatic),25.79,267.02,Yes,0.6676,Yes
CUST-11262,Male,0,Yes,Yes,17,Yes,No,Fiber optic,No,Yes,No,No,Yes,Yes,Month-to-month,Yes,Mailed check,102.13,1821.54,Yes,0.8938,Yes
CUST-11771,Male,0,No,No,19,Yes,Yes,No,No internet service,No internet service,No internet service,No internet service,No internet service,No internet service,Month-to-month,No,Electronic check,29.03,525.75,No,0.6828,Yes
CUST-13511,Female,0,No,No,0,Yes,No,Fiber optic,No,Yes,No,No,Yes,No,Month-to-month,Yes,Mailed check,80.64,0.0,Yes,0.9703,Yes
CUST-10271,Male,0,Yes,Yes,48,Yes,No,DSL,Yes,Yes,Yes,Yes,Yes,Yes,Month-to-month,No,Credit card (automatic),88.47,3912.48,No,0.1097,No
CUST-10696,Female,0,No,No,35,Yes,No,DSL,No,No,No,Yes,No,No,Two year,Yes,Credit card (automatic),56.1,1997.43,No,0.1228,No
CUST-10747,Male,0,Yes,Yes,44,Yes,Yes,DSL,No,No,Yes,Yes,No,No,Month-to-month,Yes,Bank transfer (automatic),60.3,2676.55,No,0.3173,No
CUST-10244,Female,0,No,No,27,Yes,No,No,No internet service,No internet service,No internet service,No internet service,No internet service,No internet service,Two year,Yes,Bank transfer (automatic),25.97,688.02,No,0.2154,No
CUST-10317,Female,0,No,No,19,Yes,Yes,DSL,Yes,Yes,Yes,Yes,No,Yes,Month-to-month,Yes,Bank transfer (automatic),82.73,1511.53,No,0.5353,Yes
CUST-10476,Female,0,No,No,71,No,No phone service,Fiber optic,No,No,Yes,No,Yes,No,Month-to-month,Yes,Electronic check,93.9,6135.77,No,0.6225,Yes
CUST-12032,Male,0,No,No,27,Yes,No,Fiber optic,Yes,No,No,Yes,No,No,Two year,No,Electronic check,87.2,2247.38,No,0.2938,No
CUST-10957,Female,1,No,No,63,Yes,Yes,DSL,No,No,No,No,Yes,Yes,Month-to-month,Yes,Bank transfer (automatic),58.96,3831.99,No,0.4362,No
CUST-14909,Female,0,No,No,52,Yes,No,Fiber optic,No,Yes,No,No,Yes,No,Month-to-month,Yes,Credit card (automatic),77.16,3882.52,Yes,0.6772,Yes
CUST-10813,Male,0,Yes,No,45,Yes,No,Fiber optic,Yes,Yes,No,No,Yes,No,Month-to-month,No,Credit card (automatic),85.39,3717.3,No,0.4652,No
CUST-14184,Male,0,No,No,68,Yes,No,Fiber optic,No,No,Yes,Yes,No,No,Month-to-month,Yes,Bank transfer (automatic),89.71,5641.39,No,0.4012,No
CUST-11914,Male,0,No,Yes,36,Yes,No,Fiber optic,No,No,No,No,Yes,No,Two year,Yes,Mailed check,74.41,2504.72,No,0.4606,No
CUST-14617,Female,0,No,Yes,9,Yes,Yes,No,No internet service,No internet service,No internet service,No internet service,No internet service,No internet service,One year,Yes,Mailed check,38.18,326.07,Yes,0.4045,No
CUST-13487,Female,0,No,No,56,Yes,No,Fiber optic,Yes,No,Yes,No,No,No,Two year,Yes,Credit card (automatic),81.0,4663.34,No,0.1861,No
CUST-11297,Female,0,No,No,61,Yes,No,DSL,No,No,No,No,Yes,No,Two year,Yes,Credit card (automatic),69.68,3927.79,No,0.0678,No
CUST-14054,Male,0,No,No,44,No,No phone service,Fiber optic,No,No,Yes,No,Yes,Yes,Month-to-month,No,Electronic check,103.86,4414.95,Yes,0.7988,Yes
CUST-11804,Male,0,Yes,No,3,Yes,No,DSL,No,Yes,No,No,No,No,Month-to-month,No,Electronic check,66.54,195.67,No,0.8339,Yes
CUST-10758,Male,0,No,Yes,37,Yes,Yes,DSL,Yes,Yes,Yes,No,Yes,No,Month-to-month,No,Mailed check,69.88,2656.7,Yes,0.3961,No
CUST-10250,Male,0,No,No,6,Yes,No,Fiber optic,No,No,No,No,No,No,Month-to-month,No,Mailed check,76.95,461.31,Yes,0.9337,Yes
CUST-12461,Male,0,Yes,Yes,65,Yes,Yes,DSL,No,No,No,No,No,No,Month-to-month,Yes,Electronic check,43.65,2654.02,No,0.3185,No
CUST-10545,Male,1,Yes,No,47,Yes,No,Fiber optic,No,No,Yes,Yes,Yes,Yes,Two year,No,Mailed check,100.5,4693.32,No,0.2566,No
CUST-13241,Male,0,No,No,22,Yes,Yes,DSL,No,No,No,No,Yes,Yes,Month-to-month,No,Mailed check,62.53,1439.32,No,0.6535,Yes
CUST-10738,Female,0,No,Yes,36,Yes,Yes,No,No internet service,No internet service,No internet service,No internet service,No internet service,No internet service,Month-to-month,Yes,Credit card (automatic),33.31,1253.77,No,0.4687,No
CUST-10310,Female,0,Yes,No,33,Yes,Yes,Fiber optic,Yes,Yes,Yes,No,No,No,Month-to-month,No,Bank transfer (automatic),107.0,3462.82,No,0.6319,Yes
CUST-13804,Male,0,No,No,19,Yes,No,No,No internet service,No internet service,No internet service,No internet service,No internet service,No internet service,Two year,No,Electronic check,34.92,622.99,No,0.2709,No
CUST-12941,Female,0,Yes,No,32,Yes,Yes,Fiber optic,Yes,Yes,No,No,No,No,Month-to-month,Yes,Credit card (automatic),82.48,2748.71,Yes,0.7154,Yes
CUST-11131,Female,1,No,No,53,Yes,No,Fiber optic,Yes,Yes,No,Yes,No,No,One year,No,Electronic check,84.51,4533.96,No,0.1951,No
CUST-11449,Male,0,Yes,No,33,Yes,No,No,No internet service,No internet service,No internet service,No internet service,No internet service,No internet service,Month-to-month,No,Credit card (automatic),38.78,1189.63,No,0.3501,No
CUST-14934,Male,0,No,Yes,33,No,No phone service,Fiber optic,No,No,Yes,No,Yes,No,Month-to-month,No,Mailed check,96.12,3284.46,Yes,0.7867,Yes
CUST-10015,Female,0,No,No,17,Yes,No,DSL,No,No,Yes,No,No,No,Month-to-month,No,Mailed check,55.49,956.14,Yes,0.73,Yes
CUST-13232,Female,0,No,Yes,25,No,No phone service,DSL,No,Yes,No,No,No,Yes,Month-to-month,Yes,Credit card (automatic),71.95,1686.69,Yes,0.5935,Yes
CUST-12769,Female,0,Yes,Yes,25,Yes,No,Fiber optic,Yes,No,No,No,No,No,Month-to-month,Yes,Bank transfer (automatic),100.37,2519.07,No,0.7193,Yes
CUST-13468,Female,0,No,Yes,70,Yes,No,Fiber optic,No,No,Yes,Yes,Yes,No,Month-to-month,No,Credit card (automatic),96.73,7072.77,No,0.2126,No
CUST-10920,Female,1,Yes,No,12,Yes,No,No,No internet service,No internet service,No internet service,No internet service,No internet service,No internet service,Two year,Yes,Electronic check,39.81,468.25,No,0.5576,Yes
CUST-13029,Female,0,No,Yes,13,Yes,No,DSL,No,Yes,No,Yes,No,Yes,Two year,Yes,Electronic check,72.68,874.98,No,0.3141,No
CUST-11372,Male,0,Yes,No,37,Yes,Yes,No,No internet service,No internet service,No internet service,No internet service,No internet service,No internet service,Month-to-month,Yes,Bank transfer (automatic),33.44,1295.8,No,0.4574,No
CUST-13587,Female,0,No,Yes,3,Yes,Yes,Fiber optic,No,No,Yes,Yes,No,Yes,Month-to-month,Yes,Bank transfer (automatic),89.86,265.91,Yes,0.9319,Yes
CUST-12544,Female,0,Yes,No,17,Yes,No,DSL,No,No,Yes,No,No,Yes,Two year,Yes,Electronic check,78.37,1367.11,No,0.4852,No
CUST-13598,Male,0,Yes,No,21,Yes,Yes,DSL,No,Yes,No,No,No,No,Month-to-month,Yes,Mailed check,59.71,1254.06,No,0.6961,Yes
CUST-10038,Male,0,Yes,No,60,Yes,Yes,Fiber optic,No,Yes,No,No,No,No,Month-to-month,Yes,Mailed check,88.26,5432.64,No,0.5446,Yes
CUST-10363,Female,0,No,Yes,30,Yes,Yes,Fiber optic,Yes,Yes,Yes,No,No,No,One year,No,Electronic check,90.53,2621.53,No,0.4641,No
CUST-14114,Male,1,No,No,68,Yes,No,DSL,No,No,No,No,No,No,Month-to-month,Yes,Mailed check,46.93,3303.33,No,0.4387,No
CUST-10182,Male,0,Yes,Yes,15,Yes,Yes,No,No internet service,No internet service,No internet service,No internet service,No internet service,No internet service,Month-to-month,Yes,Bank transfer (automatic),40.88,642.52,Yes,0.5913,Yes
CUST-13033,Male,0,No,No,45,Yes,No,Fiber optic,No,No,Yes,Yes,No,No,Month-to-month,Yes,Credit card (automatic),92.38,4291.69,No,0.6898,Yes
CUST-12983,Female,0,No,Yes,38,Yes,Yes,Fiber optic,No,No,Yes,Yes,Yes,No,Month-to-month,Yes,Credit card (automatic),95.28,3344.1,No,0.7068,Yes
CUST-11194,Female,0,No,Yes,6,Yes,No,No,No internet service,No internet service,No internet service,No internet service,No internet service,No internet service,Two year,No,Bank transfer (automatic),33.71,206.42,No,0.2371,No
CUST-12852,Male,0,No,No,50,Yes,Yes,Fiber optic,No,No,Yes,Yes,Yes,No,One year,No,Mailed check,97.77,4622.07,Yes,0.1904,No
CUST-13790,Male,0,No,No,0,Yes,Yes,Fiber optic,Yes,No,No,No,Yes,No,One year,No,Electronic check,98.61,0.0,Yes,0.8046,Yes
CUST-11121,Male,0,No,No,54,Yes,Yes,DSL,No,No,Yes,No,Yes,No,Two year,No,Electronic check,53.59,2906.22,No,0.1444,No
CUST-12235,Female,0,No,Yes,42,Yes,Yes,DSL,No,No,No,No,No,Yes,Two year,Yes,Bank transfer (automatic),66.97,2930.38,No,0.1327,No
CUST-12667,Female,0,No,No,38,Yes,No,DSL,No,No,Yes,Yes,Yes,Yes,Month-to-month,No,Mailed check,76.62,2793.71,Yes,0.3933,No
CUST-14800,Female,0,Yes,Yes,72,Yes,No,DSL,No,Yes,Yes,No,No,Yes,Month-to-month,Yes,Electronic check,84.58,6271.08,No,0.2388,No
CUST-13223,Female,1,Yes,No,26,Yes,No,Fiber optic,No,Yes,Yes,No,No,No,One year,Yes,Mailed check,103.33,2521.84,Yes,0.7546,Yes
CUST-11182,Female,0,No,Yes,18,Yes,Yes,DSL,No,No,Yes,Yes,No,Yes,Month-to-month,No,Mailed check,79.21,1395.68,No,0.5273,Yes
CUST-14197,Male,0,No,Yes,41,Yes,No,Fiber optic,No,No,No,Yes,Yes,Yes,Month-to-month,Yes,Credit card (automatic),90.25,3693.78,No,0.6326,Yes
CUST-14307,Female,1,No,Yes,66,No,No phone service,No,No internet service,No internet service,No internet service,No internet service,No internet service,No internet service,Month-to-month,Yes,Bank transfer (automatic),35.56,2287.7,No,0.2742,No
CUST-10614,Female,0,Yes,Yes,72,Yes,No,DSL,Yes,Yes,No,No,Yes,Yes,Month-to-month,Yes,Electronic check,65.07,4855.93,No,0.152,No
CUST-14923,Female,0,Yes,Yes,12,Yes,Yes,Fiber optic,No,Yes,No,No,No,Yes,Month-to-month,Yes,Mailed check,90.01,1108.25,Yes,0.9182,Yes
CUST-11466,Female,0,No,No,48,Yes,Yes,DSL,Yes,No,Yes,Yes,No,No,One year,No,Mailed check,66.11,3198.23,No,0.0516,No
CUST-10401,Female,1,No,No,56,Yes,Yes,Fiber optic,No,No,No,No,No,No,Month-to-month,Yes,Mailed check,75.26,3931.27,Yes,0.779,Yes
CUST-13042,Male,0,Yes,Yes,17,Yes,Yes,No,No internet service,No internet service,No internet service,No internet service,No internet service,No internet service,Month-to-month,Yes,Electronic check,41.88,690.09,Yes,0.7003,Yes
CUST-10934,Male,0,No,No,24,Yes,No,DSL,Yes,No,Yes,Yes,No,Yes,One year,No,Credit card (automatic),69.49,1661.13,No,0.1114,No
CUST-12419,Male,0,No,No,58,Yes,No,Fiber optic,Yes,No,No,Yes,Yes,Yes,Month-to-month,No,Electronic check,120.66,6834.41,No,0.2968,No
CUST-14053,Female,0,Yes,No,13,Yes,No,No,No internet service,No internet service,No internet service,No internet service,No internet service,No internet service,Two year,Yes,Bank transfer (automatic),34.29,415.19,No,0.2399,No
CUST-14528,Male,0,Yes,No,56,Yes,Yes,DSL,No,Yes,Yes,Yes,Yes,Yes,Month-to-month,Yes,Mailed check,66.03,3610.59,No,0.2742,No
CUST-12641,Male,0,No,No,20,Yes,No,No,No internet service,No internet service,No internet service,No internet service,No internet service,No internet service,Month-to-month,Yes,Credit card (automatic),32.3,627.62,Yes,0.6588,Yes
CUST-14041,Female,0,Yes,No,14,Yes,Yes,Fiber optic,No,No,No,Yes,No,Yes,Month-to-month,Yes,Bank transfer (automatic),106.11,1545.99,Yes,0.8335,Yes
CUST-10726,Female,0,No,No,4,Yes,No,No,No internet service,No internet service,No internet service,No internet service,No internet service,No internet service,Month-to-month,No,Bank transfer (automatic),29.37,112.56,Yes,0.6977,Yes
CUST-10826,Female,0,No,No,4,Yes,Yes,No,No internet service,No internet service,No internet service,No internet service,No internet service,No internet service,Month-to-month,Yes,Bank transfer (automatic),27.87,110.16,Yes,0.8006,Yes
CUST-11521,Female,0,No,Yes,50,No,No phone service,No,No internet service,No internet service,No internet service,No internet service,No internet service,No internet service,One year,Yes,Mailed check,33.76,1741.59,No,0.0909,No
CUST-14759,Female,0,No,No,46,Yes,No,No,No internet service,No internet service,No internet service,No internet service,No internet service,No internet service,Two year,No,Credit card (automatic),50.14,2212.24,No,0.0655,No
CUST-12930,Male,0,Yes,No,8,Yes,Yes,Fiber optic,Yes,No,Yes,No,No,No,Month-to-month,Yes,Electronic check,97.22,728.31,Yes,0.9517,Yes
CUST-10136,Female,0,No,Yes,54,Yes,No,DSL,No,No,No,No,No,No,Month-to-month,No,Mailed check,54.58,3018.63,No,0.2434,No
CUST-13590,Male,0,No,Yes,61,Yes,No,Fiber optic,No,No,No,No,Yes,Yes,Month-to-month,No,Bank transfer (automatic),74.85,4309.9,No,0.4179,No
CUST-10628,Female,0,No,No,44,Yes,Yes,DSL,Yes,Yes,Yes,No,No,No,One year,Yes,Mailed check,72.52,3058.94,No,0.163,No
CUST-10334,Male,0,No,Yes,70,Yes,Yes,Fiber optic,No,Yes,No,No,No,Yes,Month-to-month,No,Bank transfer (automatic),100.95,6909.03,No,0.2657,No
CUST-10390,Female,0,No,No,43,Yes,No,Fiber optic,Yes,Yes,No,Yes,No,No,Month-to-month,No,Mailed check,99.79,4287.69,No,0.4068,No
CUST-14401,Male,0,Yes,Yes,14,Yes,No,Fiber optic,Yes,No,Yes,No,Yes,Yes,Month-to-month,Yes,Bank transfer (automatic),104.99,1418.58,Yes,0.8605,Yes
CUST-14890,Female,0,Yes,No,47,Yes,Yes,Fiber optic,No,No,Yes,No,Yes,Yes,Month-to-month,No,Mailed check,108.7,4771.37,Yes,0.6429,Yes
CUST-13856,Male,0,No,No,43,Yes,Yes,Fiber optic,Yes,No,Yes,No,Yes,No,Month-to-month,Yes,Credit card (automatic),103.13,4177.15,No,0.7262,Yes
CUST-11817,Male,0,Yes,No,7,Yes,Yes,Fiber optic,Yes,Yes,Yes,Yes,Yes,No,Month-to-month,Yes,Electronic check,115.93,800.29,No,0.9281,Yes
CUST-10400,Female,0,Yes,Yes,1,Yes,Yes,Fiber optic,Yes,Yes,No,Yes,Yes,No,One year,Yes,Credit card (automatic),99.49,95.1,No,0.5276,Yes
CUST-10710,Female,0,Yes,No,10,Yes,No,DSL,Yes,Yes,No,Yes,No,No,Month-to-month,Yes,Electronic check,76.71,804.94,No,0.6751,Yes
CUST-11039,Female,0,Yes,No,39,Yes,Yes,DSL,Yes,No,No,Yes,Yes,No,One year,No,Mailed check,86.77,3140.26,No,0.04,No
CUST-14013,Male,0,Yes,No,49,Yes,Yes,DSL,Yes,No,Yes,No,No,No,One year,Yes,Credit card (automatic),76.27,3784.67,No,0.0804,No
CUST-13359,Female,0,No,No,16,Yes,No,Fiber optic,No,Yes,No,No,No,Yes,One year,No,Electronic check,82.38,1301.76,Yes,0.7126,Yes
CUST-10046,Male,1,No,No,43,Yes,No,Fiber optic,Yes,No,No,Yes,Yes,No,One year,No,Credit card (automatic),79.18,3196.08,No,0.2152,No
CUST-11561,Male,0,No,Yes,7,Yes,No,DSL,Yes,No,No,No,Yes,No,Month-to-month,No,Bank transfer (automatic),58.02,399.33,Yes,0.6136,Yes
CUST-14814,Female,0,No,No,71,Yes,No,Fiber optic,Yes,No,No,Yes,No,No,One year,Yes,Bank transfer (automatic),93.64,6626.42,No,0.0488,No
CUST-13642,Female,0,No,Yes,55,No,No phone service,DSL,No,Yes,Yes,No,Yes,No,Month-to-month,No,Mailed check,75.81,4076.4,No,0.2533,No
CUST-13726,Male,0,Yes,No,56,Yes,No,DSL,Yes,Yes,No,No,No,Yes,One year,Yes,Credit card (automatic),77.19,4088.78,No,0.0452,No
CUST-14858,Male,0,No,No,69,Yes,Yes,DSL,Yes,No,No,No,Yes,Yes,Month-to-month,Yes,Electronic check,78.33,5082.26,No,0.2398,No
CUST-11112,Male,0,No,No,18,Yes,Yes,Fiber optic,No,No,No,No,No,No,Month-to-month,No,Mailed check,73.02,1232.83,Yes,0.873,Yes
CUST-12513,Female,0,Yes,No,35,Yes,No,DSL,No,Yes,No,No,Yes,Yes,Month-to-month,Yes,Mailed check,72.34,2586.79,No,0.5733,Yes
CUST-13608,Female,0,Yes,No,50,Yes,Yes,DSL,No,No,No,No,Yes,No,Month-to-month,No,Bank transfer (automatic),66.39,3098.39,No,0.2307,No
CUST-11223,Female,0,No,No,68,No,No phone service,No,No internet service,No internet service,No internet service,No internet service,No internet service,No internet service,Two year,Yes,Mailed check,52.77,3573.91,No,0.0417,No
CUST-14084,Female,0,No,No,14,Yes,Yes,DSL,No,No,Yes,Yes,No,Yes,Month-to-month,No,Mailed check,73.76,1057.35,Yes,0.6325,Yes
CUST-13023,Male,0,No,Yes,48,Yes,Yes,No,No internet service,No internet service,No internet service,No internet service,No internet service,No internet service,One year,Yes,Mailed check,36.45,1701.74,No,0.1296,No
CUST-12421,Female,0,No,No,36,Yes,No,Fiber optic,No,No,No,Yes,Yes,Yes,Month-to-month,Yes,Mailed check,115.82,4023.6,Yes,0.7313,Yes
CUST-11508,Female,0,No,No,63,Yes,No,Fiber optic,Yes,No,No,No,Yes,No,Month-to-month,Yes,Credit card (automatic),97.76,5710.18,No,0.3906,No
CUST-11750,Female,0,Yes,No,24,No,No phone service,Fiber optic,No,No,No,Yes,Yes,Yes,One year,No,Electronic check,97.64,2313.11,No,0.3876,No
CUST-14852,Male,1,Yes,No,29,Yes,Yes,No,No internet service,No internet service,No internet service,No internet service,No internet service,No internet service,One year,No,Electronic check,28.86,856.09,No,0.3202,No
CUST-14109,Male,0,Yes,No,15,Yes,Yes,Fiber optic,No,No,No,No,No,No,Month-to-month,Yes,Mailed check,68.21,974.67,Yes,0.9102,Yes
CUST-11799,Female,0,Yes,No,32,Yes,Yes,No,No internet service,No internet service,No internet service,No internet service,No internet service,No internet service,One year,No,Credit card (automatic),30.47,1005.87,No,0.1102,No
CUST-10338,Male,0,No,No,25,Yes,No,Fiber optic,No,No,Yes,Yes,No,No,Two year,No,Bank transfer (automatic),96.05,2393.94,No,0.3674,No
CUST-10215,Male,0,Yes,Yes,9,Yes,No,Fiber optic,No,Yes,Yes,No,Yes,Yes,Month-to-month,No,Bank transfer (automatic),96.35,834.64,Yes,0.902,Yes
CUST-13663,Female,0,No,Yes,47,Yes,No,DSL,No,No,Yes,No,Yes,No,Month-to-month,Yes,Credit card (automatic),67.27,3074.07,Yes,0.4893,No
CUST-11341,Male,0,Yes,No,53,Yes,Yes,Fiber optic,No,No,No,No,No,Yes,Two year,No,Bank transfer (automatic),83.24,4402.08,No,0.1317,No
CUST-10011,Female,0,No,Yes,47,Yes,No,Fiber optic,No,Yes,No,No,Yes,No,Month-to-month,Yes,Electronic check,92.01,4216.12,No,0.801,Yes
CUST-11520,Female,0,Yes,No,41,Yes,Yes,Fiber optic,Yes,No,No,No,No,No,Month-to-month,Yes,Bank transfer (automatic),98.21,3996.6,No,0.6022,Yes
CUST-13640,Female,0,Yes,No,50,Yes,No,DSL,No,No,No,No,Yes,No,One year,Yes,Electronic check,77.44,3715.26,No,0.1562,No
CUST-13961,Female,0,Yes,No,57,Yes,Yes,DSL,Yes,No,No,No,No,No,One year,No,Mailed check,52.47,2811.53,No,0.0344,No
CUST-13799,Male,1,No,No,31,Yes,No,DSL,No,No,Yes,No,No,Yes,One year,No,Credit card (automatic),75.11,2155.94,No,0.3398,No
CUST-13004,Female,1,No,Yes,46,Yes,Yes,Fiber optic,No,Yes,No,No,No,No,Month-to-month,No,Credit card (automatic),86.62,3822.79,Yes,0.7035,Yes
CUST-12864,Male,1,Yes,No,8,Yes,Yes,Fiber optic,No,Yes,No,No,Yes,Yes,One year,Yes,Bank transfer (automatic),107.86,887.59,Yes,0.8653,Yes
CUST-13115,Male,0,Yes,No,24,No,No phone service,DSL,Yes,No,Yes,Yes,No,No,Month-to-month,Yes,Mailed check,75.34,1831.0,No,0.4261,No
CUST-14855,Female,0,Yes,No,40,Yes,Yes,No,No internet service,No internet service,No internet service,No internet service,No internet service,No internet service,One year,Yes,Mailed check,29.46,1106.3,No,0.1564,No
CUST-12322,Male,0,No,No,51,Yes,Yes,No,No internet service,No internet service,No internet service,No internet service,No internet service,No internet service,Month-to-month,Yes,Mailed check,41.23,2002.07,No,0.3884,No
CUST-12571,Female,0,No,No,11,Yes,Yes,DSL,No,No,No,No,No,No,Month-to-month,No,Electronic check,60.38,683.52,Yes,0.8241,Yes
CUST-12913,Male,0,No,No,31,No,No phone service,DSL,No,No,No,Yes,Yes,Yes,Month-to-month,Yes,Electronic check,71.15,2051.83,No,0.6078,Yes
CUST-10101,Male,0,No,No,28,No,No phone service,Fiber optic,Yes,Yes,No,No,Yes,No,Month-to-month,Yes,Electronic check,92.62,2540.32,Yes,0.8688,Yes
CUST-13549,Female,0,Yes,No,13,Yes,Yes,Fiber optic,No,Yes,Yes,No,No,Yes,One year,No,Mailed check,85.21,1074.02,No,0.6541,Yes
CUST-11458,Male,0,Yes,No,13,Yes,Yes,DSL,No,No,No,Yes,No,No,One year,No,Electronic check,62.04,816.54,No,0.2524,No
CUST-10171,Male,0,Yes,No,72,No,No phone service,No,No internet service,No internet service,No internet service,No internet service,No internet service,No internet service,Month-to-month,Yes,Credit card (automatic),40.16,2701.01,No,0.1359,No
CUST-10107,Female,0,Yes,No,29,Yes,Yes,DSL,No,No,Yes,Yes,Yes,Yes,One year,No,Credit card (automatic),77.49,2214.67,No,0.1193,No
CUST-14209,Female,0,No,No,4,Yes,Yes,DSL,No,Yes,Yes,Yes,No,Yes,Month-to-month,Yes,Bank transfer (automatic),80.43,300.18,Yes,0.813,Yes
CUST-13569,Male,0,Yes,Yes,17,Yes,Yes,Fiber optic,Yes,Yes,No,Yes,No,Yes,Month-to-month,Yes,Mailed check,108.3,1742.98,No,0.7023,Yes
CUST-14309,Female,0,No,No,36,Yes,Yes,No,No internet service,No internet service,No internet service,No internet service,No internet service,No internet service,Month-to-month,No,Mailed check,34.42,1268.2,No,0.4324,No
CUST-14087,Female,1,Yes,No,41,Yes,Yes,DSL,Yes,Yes,Yes,No,No,Yes,One year,No,Bank transfer (automatic),85.17,3334.02,No,0.1242,No
CUST-13885,Male,1,Yes,No,24,Yes,Yes,Fiber optic,No,No,Yes,No,No,No,Month-to-month,Yes,Credit card (automatic),92.13,2095.13,Yes,0.9305,Yes
CUST-14135,Female,0,No,No,12,Yes,No,Fiber optic,Yes,No,Yes,Yes,No,Yes,Two year,No,Mailed check,98.83,1241.7,No,0.4614,No
CUST-14094,Female,1,Yes,No,39,Yes,Yes,DSL,No,Yes,No,No,Yes,Yes,Month-to-month,No,Bank transfer (automatic),61.92,2438.4,Yes,0.5156,Yes
CUST-10060,Female,0,No,Yes,53,Yes,No,DSL,Yes,Yes,No,Yes,Yes,No,Two year,Yes,Credit card (automatic),81.22,4306.38,No,0.0245,No
CUST-11240,Female,0,Yes,No,52,Yes,Yes,Fiber optic,Yes,Yes,No,No,No,Yes,Month-to-month,No,Credit card (automatic),95.76,4832.82,No,0.319,No
CUST-14652,Male,1,No,No,11,Yes,No,Fiber optic,No,No,Yes,No,No,No,Two year,No,Mailed check,90.0,1008.87,No,0.8318,Yes
CUST-11040,Female,1,Yes,Yes,20,Yes,Yes,DSL,No,No,No,Yes,No,Yes,Month-to-month,Yes,Mailed check,66.57,1351.46,No,0.6415,Yes
CUST-14200,Female,0,Yes,No,59,No,No phone service,DSL,No,Yes,No,No,No,No,Two year,Yes,Mailed check,52.64,2978.56,No,0.0623,No
CUST-12760,Male,0,No,No,6,Yes,Yes,Fiber optic,Yes,No,No,Yes,No,Yes,Month-to-month,No,Credit card (automatic),95.87,542.49,Yes,0.7936,Yes
CUST-12120,Female,0,Yes,No,38,Yes,No,DSL,No,No,No,Yes,No,No,Month-to-month,No,Electronic check,48.27,1893.67,No,0.3659,No
CUST-11524,Female,0,No,No,53,Yes,No,DSL,Yes,No,No,Yes,Yes,Yes,Month-to-month,No,Mailed check,78.76,3985.43,No,0.1114,No
CUST-13521,Male,1,No,No,37,Yes,No,Fiber optic,No,No,Yes,No,Yes,Yes,One year,Yes,Credit card (automatic),95.33,3362.16,No,0.7079,Yes
CUST-10153,Male,0,Yes,No,61,Yes,Yes,Fiber optic,No,No,No,No,Yes,No,Two year,No,Mailed check,88.79,5668.81,No,0.1114,No
CUST-12248,Male,1,No,No,50,No,No phone service,No,No internet service,No internet service,No internet service,No internet service,No internet service,No internet service,Two year,No,Mailed check,23.24,1144.98,No,0.1063,No
CUST-10481,Female,0,No,Yes,13,Yes,No,Fiber optic,Yes,No,No,No,Yes,Yes,Month-to-month,No,Electronic check,110.1,1399.69,Yes,0.8654,Yes
CUST-14246,Male,0,Yes,Yes,23,Yes,Yes,Fiber optic,Yes,Yes,Yes,No,No,No,Month-to-month,Yes,Bank transfer (automatic),95.35,2049.43,No,0.7893,Yes
CUST-14319,Male,1,Yes,No,8,Yes,Yes,Fiber optic,Yes,No,Yes,No,No,Yes,Two year,No,Bank transfer (automatic),107.13,789.93,Yes,0.6721,Yes
CUST-13578,Female,0,Yes,Yes,23,Yes,Yes,Fiber optic,Yes,Yes,Yes,No,Yes,No,Two year,Yes,Mailed check,101.6,2348.22,Yes,0.4527,No
CUST-14362,Male,0,No,Yes,66,Yes,Yes,Fiber optic,No,No,Yes,No,No,Yes,One year,No,Mailed check,100.04,6793.23,No,0.1321,No
CUST-13562,Male,0,Yes,No,26,Yes,No,Fiber optic,No,No,No,Yes,Yes,No,Month-to-month,Yes,Electronic check,88.18,2351.16,Yes,0.8543,Yes
CUST-13315,Female,0,Yes,No,57,Yes,No,No,No internet service,No internet service,No internet service,No internet service,No internet service,No internet service,One year,No,Mailed check,32.96,1908.57,No,0.0466,No
CUST-11762,Male,0,No,Yes,8,Yes,No,No,No internet service,No internet service,No internet service,No internet service,No internet service,No internet service,Month-to-month,Yes,Mailed check,42.11,339.64,Yes,0.7739,Yes
CUST-13538,Female,0,No,No,62,Yes,No,DSL,No,Yes,No,No,Yes,No,Month-to-month,Yes,Electronic check,80.43,5100.05,No,0.3984,No
CUST-14818,Female,0,Yes,No,34,Yes,Yes,No,No internet service,No internet service,No internet service,No internet service,No internet service,No internet service,Month-to-month,Yes,Electronic check,25.29,822.23,No,0.6213,Yes
CUST-10750,Female,1,Yes,No,47,Yes,Yes,DSL,No,No,Yes,Yes,No,No,Month-to-month,Yes,Credit card (automatic),65.67,3084.98,No,0.4572,No
CUST-13619,Male,0,No,No,49,Yes,No,Fiber optic,No,No,No,No,No,No,Month-to-month,Yes,Bank transfer (automatic),72.2,3444.14,No,0.7065,Yes
CUST-11785,Male,0,Yes,Yes,15,Yes,No,Fiber optic,No,No,No,No,Yes,No,Month-to-month,Yes,Electronic check,94.75,1454.2,Yes,0.9309,Yes
CUST-14284,Male,0,No,No,4,Yes,No,No,No internet service,No internet service,No internet service,No internet service,No internet service,No internet service,One year,Yes,Credit card (automatic),33.38,130.2,Yes,0.4738,No
CUST-13383,Female,1,No,No,38,Yes,Yes,DSL,No,No,Yes,Yes,No,No,One year,No,Credit card (automatic),69.51,2503.84,No,0.1691,No
CUST-14151,Female,1,No,No,8,Yes,Yes,No,No internet service,No internet service,No internet service,No internet service,No internet service,No internet service,One year,Yes,Bank transfer (automatic),43.32,358.21,Yes,0.582,Yes
CUST-10405,Female,0,Yes,No,14,No,No phone service,DSL,No,Yes,Yes,No,No,No,Month-to-month,Yes,Bank transfer (automatic),43.78,639.65,No,0.7486,Yes
CUST-10757,Male,0,Yes,No,11,Yes,Yes,DSL,Yes,No,No,No,No,No,Month-to-month,No,Electronic check,61.57,676.29,Yes,0.6836,Yes
CUST-12711,Male,0,Yes,Yes,36,No,No phone service,DSL,No,No,No,No,Yes,No,One year,Yes,Mailed check,62.45,2333.71,No,0.1718,No
CUST-12670,Female,0,No,No,42,Yes,No,DSL,No,Yes,No,No,Yes,No,One year,No,Bank transfer (automatic),74.61,3071.55,No,0.1209,No
CUST-14295,Female,0,No,No,22,Yes,No,No,No internet service,No internet service,No internet service,No internet service,No internet service,No internet service,Two year,No,Bank transfer (automatic),27.7,601.32,No,0.1537,No
CUST-10097,Female,0,No,No,39,Yes,No,No,No internet service,No internet service,No internet service,No internet service,No internet service,No internet service,Two year,Yes,Bank transfer (automatic),39.67,1435.77,No,0.1425,No
CUST-11333,Female,0,No,No,70,No,No phone service,DSL,Yes,No,Yes,No,No,No,Month-to-month,Yes,Bank transfer (automatic),52.92,3582.63,Yes,0.1797,No
CUST-14666,Male,0,Yes,Yes,57,Yes,Yes,Fiber optic,No,Yes,Yes,No,No,No,Month-to-month,No,Bank transfer (automatic),107.73,5706.97,No,0.388,No
CUST-12791,Male,0,No,Yes,30,Yes,No,Fiber optic,No,No,No,Yes,Yes,No,Month-to-month,Yes,Credit card (automatic),95.72,2847.2,Yes,0.7335,Yes
CUST-12854,Female,1,Yes,Yes,3,Yes,Yes,Fiber optic,No,No,No,No,Yes,No,Month-to-month,Yes,Electronic check,80.07,248.64,Yes,0.9796,Yes
CUST-10186,Male,0,No,No,42,Yes,Yes,No,No internet service,No internet service,No internet service,No internet service,No internet service,No internet service,One year,Yes,Mailed check,42.49,1867.76,No,0.1864,No
CUST-14223,Female,0,Yes,Yes,59,Yes,No,DSL,No,No,No,Yes,Yes,Yes,Month-to-month,No,Bank transfer (automatic),81.31,4420.13,No,0.0744,No
CUST-12723,Male,0,No,No,10,Yes,Yes,Fiber optic,Yes,Yes,No,Yes,Yes,No,Month-to-month,Yes,Credit card (automatic),119.12,1205.69,No,0.861,Yes
CUST-13583,Male,0,No,No,62,Yes,No,DSL,No,Yes,Yes,Yes,Yes,Yes,Month-to-month,Yes,Bank transfer (automatic),77.29,4742.26,No,0.2306,No
CUST-12058,Male,0,No,Yes,19,Yes,Yes,Fiber optic,Yes,No,No,No,No,No,Two year,Yes,Electronic check,76.63,1396.88,No,0.5929,Yes
CUST-11319,Male,1,No,No,29,No,No phone service,No,No internet service,No internet service,No internet service,No internet service,No internet service,No internet service,One year,No,Mailed check,27.97,774.76,No,0.2601,No
CUST-10148,Female,0,Yes,Yes,55,Yes,No,No,No internet service,No internet service,No internet service,No internet service,No internet service,No internet service,Month-to-month,Yes,Mailed check,37.49,1900.89,No,0.2401,No
CUST-10028,Female,0,Yes,No,7,Yes,No,DSL,Yes,No,No,No,Yes,No,One year,Yes,Credit card (automatic),66.22,479.14,Yes,0.3527,No
CUST-14153,Female,0,No,No,54,Yes,No,DSL,Yes,Yes,No,Yes,Yes,Yes,Month-to-month,No,Electronic check,96.39,5233.43,No,0.1417,No
CUST-14189,Female,0,No,No,40,Yes,Yes,Fiber optic,Yes,Yes,No,No,No,No,One year,No,Electronic check,98.19,3615.56,No,0.3229,No
CUST-13363,Female,0,Yes,No,41,No,No phone service,Fiber optic,No,Yes,No,No,Yes,Yes,Two year,No,Bank transfer (automatic),88.13,3791.6,No,0.2121,No
CUST-10692,Female,0,Yes,Yes,11,Yes,No,Fiber optic,Yes,Yes,No,No,Yes,Yes,Month-to-month,No,Electronic check,95.17,1015.83,Yes,0.8639,Yes
CUST-12866,Male,0,No,No,56,Yes,No,Fiber optic,No,Yes,Yes,No,Yes,Yes,One year,Yes,Electronic check,108.6,5718.17,No,0.4436,No
CUST-13776,Female,0,Yes,Yes,49,Yes,Yes,Fiber optic,No,No,No,No,Yes,No,One year,Yes,Bank transfer (automatic),72.59,3593.12,No,0.2469,No
CUST-11386,Female,1,Yes,No,7,Yes,Yes,Fiber optic,No,No,Yes,No,No,No,Month-to-month,No,Mailed check,98.43,678.23,Yes,0.9596,Yes
CUST-11845,Female,1,No,No,50,Yes,No,Fiber optic,No,Yes,Yes,No,Yes,No,Month-to-month,Yes,Electronic check,92.75,4560.94,No,0.9016,Yes
CUST-14745,Male,1,No,No,57,Yes,No,No,No internet service,No internet service,No internet service,No internet service,No internet service,No internet service,Month-to-month,Yes,Mailed check,37.67,2225.38,No,0.4799,No
CUST-10129,Female,0,No,No,44,Yes,No,DSL,No,Yes,No,No,Yes,Yes,Month-to-month,No,Electronic check,61.94,2812.4,No,0.5336,Yes
CUST-11599,Female,1,No,No,14,Yes,Yes,DSL,Yes,No,No,Yes,Yes,No,Two year,Yes,Credit card (automatic),66.16,886.97,No,0.2592,No
CUST-13629,Female,0,No,No,31,Yes,No,Fiber optic,No,No,Yes,Yes,Yes,Yes,Two year,Yes,Credit card (automatic),91.59,2970.65,No,0.4456,No
CUST-14517,Male,0,No,No,51,Yes,No,Fiber optic,No,Yes,No,Yes,Yes,No,Month-to-month,Yes,Electronic check,100.84,5336.16,Yes,0.6637,Yes
CUST-10701,Female,1,No,Yes,34,No,No phone service,DSL,No,No,Yes,No,Yes,No,Two year,Yes,Bank transfer (automatic),61.87,1941.83,No,0.3178,No
CUST-14006,Male,1,No,Yes,50,Yes,Yes,Fiber optic,Yes,No,No,No,Yes,No,Two year,Yes,Mailed check,84.45,4176.28,No,0.2923,No
CUST-13028,Male,1,Yes,No,48,Yes,No,No,No internet service,No internet service,No internet service,No internet service,No internet service,No internet service,Month-to-month,Yes,Mailed check,42.01,1955.85,Yes,0.5227,Yes
CUST-12969,Female,0,Yes,Yes,59,Yes,Yes,DSL,No,No,No,Yes,Yes,Yes,Month-to-month,Yes,Electronic check,73.11,4063.03,No,0.21,No
CUST-14370,Female,0,Yes,No,69,Yes,No,Fiber optic,Yes,No,No,No,No,No,Two year,Yes,Electronic check,87.21,6017.02,No,0.107,No
CUST-11708,Male,0,Yes,Yes,66,Yes,No,Fiber optic,No,No,Yes,Yes,No,No,One year,Yes,Electronic check,100.4,6385.35,No,0.1352,No
CUST-12953,Male,0,Yes,Yes,10,Yes,No,Fiber optic,No,Yes,Yes,No,No,Yes,Month-to-month,Yes,Bank transfer (automatic),87.57,893.11,Yes,0.9361,Yes
CUST-10454,Female,0,No,No,18,Yes,No,DSL,No,No,Yes,No,Yes,Yes,One year,Yes,Electronic check,83.12,1522.23,No,0.6111,Yes
CUST-12868,Female,0,No,Yes,2,Yes,Yes,No,No internet service,No internet service,No internet service,No internet service,No internet service,No internet service,Month-to-month,Yes,Electronic check,39.28,76.66,Yes,0.862,Yes
CUST-12040,Male,0,No,No,50,Yes,No,No,No internet service,No internet service,No internet service,No internet service,No internet service,No internet service,Month-to-month,Yes,Credit card (automatic),40.34,1884.86,No,0.3555,No
CUST-11772,Male,0,No,No,44,Yes,Yes,DSL,No,Yes,No,No,No,No,Month-to-month,Yes,Mailed check,68.89,2997.32,No,0.5421,Yes
CUST-12315,Male,0,Yes,No,5,Yes,No,No,No internet service,No internet service,No internet service,No internet service,No internet service,No internet service,Month-to-month,No,Electronic check,38.14,182.06,No,0.7589,Yes
CUST-10609,Female,1,No,Yes,12,No,No phone service,Fiber optic,Yes,Yes,No,No,Yes,No,One year,No,Bank transfer (automatic),100.69,1193.09,No,0.6039,Yes
CUST-10167,Male,0,Yes,No,24,Yes,No,No,No internet service,No internet service,No internet service,No internet service,No internet service,No internet service,Two year,Yes,Electronic check,33.68,834.13,No,0.2883,No
CUST-10730,Female,0,Yes,No,70,Yes,No,Fiber optic,Yes,Yes,Yes,No,No,No,Two year,No,Electronic check,87.76,5891.95,No,0.0842,No
CUST-14262,Male,1,Yes,No,37,Yes,No,DSL,Yes,No,Yes,No,No,Yes,Two year,No,Mailed check,72.67,2795.69,No,0.1528,No
CUST-13358,Male,0,No,No,34,Yes,Yes,Fiber optic,Yes,No,Yes,No,Yes,Yes,Month-to-month,No,Electronic check,109.6,3631.44,Yes,0.8137,Yes
CUST-12074,Female,1,Yes,No,58,Yes,No,No,No internet service,No internet service,No internet service,No internet service,No internet service,No internet service,One year,No,Bank transfer (automatic),31.96,1791.45,No,0.0672,No
CUST-14063,Female,1,Yes,No,59,Yes,Yes,Fiber optic,Yes,Yes,No,No,No,Yes,Two year,Yes,Credit card (automatic),92.72,5466.05,Yes,0.158,No
CUST-13700,Male,0,No,Yes,28,Yes,No,No,No internet service,No internet service,No internet service,No internet service,No internet service,No internet service,Month-to-month,Yes,Electronic check,41.23,1134.17,Yes,0.6824,Yes
CUST-11622,Female,1,No,No,13,Yes,No,No,No internet service,No internet service,No internet service,No internet service,No internet service,No internet service,One year,Yes,Bank transfer (automatic),29.86,397.87,Yes,0.4885,No
CUST-10587,Male,0,Yes,Yes,10,Yes,No,Fiber optic,No,Yes,No,No,No,No,One year,No,Electronic check,80.07,827.24,Yes,0.7095,Yes
CUST-11401,Male,0,No,No,60,Yes,No,Fiber optic,Yes,No,Yes,Yes,No,Yes,Two year,Yes,Bank transfer (automatic),95.61,5310.4,No,0.09,No
CUST-13045,Female,0,No,Yes,48,No,No phone service,Fiber optic,No,No,No,No,Yes,No,Month-to-month,No,Credit card (automatic),89.83,4019.64,No,0.5182,Yes
CUST-13224,Female,0,No,No,11,Yes,Yes,Fiber optic,Yes,No,Yes,No,Yes,Yes,Two year,Yes,Bank transfer (automatic),106.81,1185.12,Yes,0.7151,Yes
CUST-11700,Male,0,Yes,No,3,Yes,Yes,Fiber optic,Yes,Yes,Yes,Yes,Yes,No,Month-to-month,No,Electronic check,107.42,299.09,Yes,0.8957,Yes
CUST-13088,Male,0,Yes,Yes,32,Yes,Yes,DSL,No,Yes,No,No,No,No,Month-to-month,Yes,Bank transfer (automatic),61.54,1847.9,No,0.5039,Yes
CUST-14404,Male,0,Yes,Yes,48,Yes,Yes,Fiber optic,Yes,No,Yes,No,Yes,No,One year,Yes,Electronic check,99.51,4806.83,No,0.3403,No
CUST-12981,Male,0,Yes,Yes,39,Yes,Yes,DSL,No,No,No,No,Yes,No,One year,Yes,Mailed check,68.04,2660.62,No,0.17,No
CUST-10040,Male,0,No,No,63,Yes,No,No,No internet service,No internet service,No internet service,No internet service,No internet service,No internet service,Month-to-month,No,Electronic check,45.27,2742.25,Yes,0.2556,No
CUST-11379,Female,0,No,No,60,No,No phone service,Fiber optic,No,Yes,No,No,Yes,Yes,One year,Yes,Credit card (automatic),93.6,5309.5,No,0.2007,No
CUST-12089,Male,1,Yes,No,59,Yes,Yes,DSL,Yes,No,Yes,No,No,No,Month-to-month,Yes,Electronic check,68.71,3956.61,Yes,0.4684,No
CUST-12175,Female,0,Yes,Yes,3,Yes,Yes,Fiber optic,No,Yes,No,Yes,No,No,One year,Yes,Credit card (automatic),105.38,294.12,No,0.6083,Yes
CUST-13217,Male,1,No,No,60,Yes,No,Fiber optic,No,No,No,No,Yes,No,One year,No,Credit card (automatic),83.58,4727.21,No,0.2495,No
CUST-12885,Male,0,Yes,No,23,Yes,No,No,No internet service,No internet service,No internet service,No internet service,No internet service,No internet service,Month-to-month,Yes,Mailed check,40.47,876.72,Yes,0.5999,Yes
CUST-10074,Female,0,Yes,No,49,Yes,No,Fiber optic,Yes,Yes,No,No,No,No,Two year,Yes,Mailed check,96.21,4417.42,Yes,0.156,No
CUST-13933,Female,1,No,No,17,Yes,Yes,DSL,No,Yes,No,Yes,Yes,No,Month-to-month,No,Credit card (automatic),78.23,1329.69,Yes,0.6362,Yes
CUST-13914,Female,0,No,No,38,Yes,Yes,Fiber optic,No,Yes,No,Yes,Yes,No,Month-to-month,No,Mailed check,92.44,3306.02,Yes,0.6147,Yes
CUST-12657,Male,0,No,No,49,Yes,No,DSL,Yes,Yes,No,No,Yes,No,One year,No,Mailed check,86.08,4425.44,No,0.0572,No
CUST-13180,Male,1,No,No,71,Yes,No,DSL,Yes,No,No,No,No,Yes,Month-to-month,Yes,Bank transfer (automatic),66.97,4476.42,No,0.229,No
CUST-12076,Male,0,Yes,No,51,Yes,No,No,No internet service,No internet service,No internet service,No internet service,No internet service,No internet service,Month-to-month,Yes,Electronic check,29.12,1541.59,No,0.4389,No
CUST-10441,Male,0,Yes,No,51,Yes,No,DSL,No,No,Yes,Yes,Yes,Yes,Month-to-month,Yes,Electronic check,82.13,4051.35,Yes,0.3844,No
CUST-14075,Male,0,Yes,No,21,Yes,Yes,No,No internet service,No internet service,No internet service,No internet service,No internet service,No internet service,Two year,Yes,Bank transfer (automatic),23.44,504.43,Yes,0.2057,No
CUST-12051,Male,0,Yes,Yes,29,Yes,No,DSL,No,No,No,Yes,No,Yes,One year,No,Bank transfer (automatic),58.63,1694.99,No,0.0761,No
CUST-12541,Female,0,No,No,34,Yes,No,Fiber optic,No,Yes,Yes,No,Yes,Yes,Month-to-month,Yes,Mailed check,101.81,3225.47,Yes,0.8872,Yes
CUST-13306,Male,0,Yes,No,52,Yes,Yes,Fiber optic,Yes,No,Yes,No,No,No,Month-to-month,No,Credit card (automatic),99.61,4836.21,Yes,0.3843,No
CUST-11301,Male,0,Yes,No,52,Yes,No,DSL,Yes,No,Yes,Yes,No,No,Month-to-month,No,Electronic check,81.24,4169.86,No,0.1618,No
CUST-11781,Male,0,No,Yes,7,Yes,No,Fiber optic,Yes,No,No,No,Yes,Yes,Month-to-month,Yes,Electronic check,104.03,751.93,Yes,0.9506,Yes
CUST-14829,Male,0,No,Yes,16,No,No phone service,DSL,Yes,No,Yes,No,No,Yes,Month-to-month,No,Mailed check,76.35,1195.85,No,0.5469,Yes
CUST-13430,Male,1,Yes,No,3,Yes,Yes,Fiber optic,No,Yes,Yes,Yes,Yes,Yes,One year,Yes,Credit card (automatic),106.99,295.84,No,0.8431,Yes
CUST-11304,Female,0,No,No,47,Yes,Yes,DSL,Yes,Yes,No,Yes,Yes,Yes,One year,Yes,Credit card (automatic),82.91,4054.74,No,0.0573,No
CUST-10236,Female,0,No,No,55,Yes,Yes,Fiber optic,No,No,Yes,No,Yes,Yes,One year,Yes,Credit card (automatic),75.42,4290.78,No,0.3627,No
CUST-12599,Male,1,Yes,Yes,27,Yes,Yes,Fiber optic,No,No,No,No,Yes,No,Month-to-month,No,Electronic check,77.8,1944.09,No,0.8948,Yes
CUST-10520,Male,0,Yes,No,32,No,No phone service,No,No internet service,No internet service,No internet service,No internet service,No internet service,No internet service,Month-to-month,Yes,Credit card (automatic),47.02,1555.68,Yes,0.4532,No
CUST-12573,Male,0,No,No,50,Yes,Yes,DSL,No,Yes,No,No,No,Yes,Month-to-month,Yes,Mailed check,56.82,2828.06,No,0.4649,No
CUST-13280,Male,1,Yes,Yes,16,Yes,Yes,DSL,No,No,No,No,No,Yes,Two year,No,Electronic check,60.26,927.88,Yes,0.3871,No
CUST-13186,Female,0,No,No,36,Yes,No,DSL,Yes,Yes,No,No,No,No,Two year,No,Mailed check,75.72,2693.84,No,0.0865,No
CUST-12768,Male,1,No,Yes,55,Yes,No,Fiber optic,No,No,No,Yes,Yes,No,Month-to-month,No,Electronic check,90.15,4691.08,No,0.5886,Yes
CUST-10735,Female,0,Yes,Yes,14,Yes,No,DSL,No,No,Yes,No,Yes,Yes,Month-to-month,Yes,Bank transfer (automatic),79.45,1080.22,Yes,0.7367,Yes
CUST-14718,Male,0,No,Yes,66,Yes,Yes,Fiber optic,Yes,No,Yes,No,Yes,No,One year,No,Mailed check,86.9,5282.0,No,0.0969,No
CUST-14944,Male,0,No,No,32,Yes,Yes,DSL,No,No,No,No,Yes,No,One year,No,Mailed check,64.12,2123.22,No,0.217,No
CUST-12106,Female,1,No,Yes,58,Yes,Yes,DSL,No,Yes,No,No,Yes,Yes,Two year,Yes,Credit card (automatic),62.53,3766.02,Yes,0.1163,No
CUST-12679,Male,0,No,Yes,38,Yes,No,DSL,Yes,No,No,Yes,No,No,Month-to-month,Yes,Bank transfer (automatic),60.87,2217.38,No,0.2535,No
CUST-13229,Female,0,No,No,7,Yes,Yes,Fiber optic,No,No,No,No,No,No,Two year,Yes,Mailed check,87.32,641.24,No,0.8051,Yes
CUST-12761,Male,0,No,No,24,No,No phone service,Fiber optic,No,Yes,No,No,No,Yes,Month-to-month,No,Mailed check,97.61,2382.2,No,0.8241,Yes
CUST-10592,Male,1,Yes,No,16,Yes,No,Fiber optic,No,Yes,No,No,No,No,One year,No,Bank transfer (automatic),89.59,1451.81,No,0.6587,Yes
CUST-11303,Female,0,Yes,No,10,No,No phone service,No,No internet service,No internet service,No internet service,No internet service,No internet service,No internet service,Two year,No,Mailed check,32.05,296.36,Yes,0.2003,No
CUST-11387,Male,1,No,No,28,Yes,No,DSL,No,Yes,Yes,No,No,No,One year,No,Bank transfer (automatic),69.73,1897.36,No,0.3781,No
CUST-14710,Male,0,No,No,20,Yes,Yes,No,No internet service,No internet service,No internet service,No internet service,No internet service,No internet service,Month-to-month,No,Mailed check,29.24,564.83,No,0.577,Yes
CUST-14540,Female,0,Yes,No,24,Yes,Yes,DSL,Yes,No,No,No,No,Yes,Month-to-month,Yes,Electronic check,54.78,1349.26,Yes,0.644,Yes
CUST-13971,Female,0,Yes,No,63,Yes,Yes,No,No internet service,No internet service,No internet service,No internet service,No internet service,No internet service,Two year,No,Credit card (automatic),25.23,1531.01,No,0.0281,No
CUST-11890,Male,0,No,No,1,Yes,No,Fiber optic,No,No,Yes,Yes,No,No,Month-to-month,Yes,Credit card (automatic),94.74,93.22,Yes,0.9499,Yes
CUST-12987,Female,0,Yes,No,59,Yes,No,No,No internet service,No internet service,No internet service,No internet service,No internet service,No internet service,One year,Yes,Credit card (automatic),28.56,1554.48,No,0.063,No
CUST-14939,Male,1,Yes,No,16,Yes,No,Fiber optic,Yes,No,Yes,No,Yes,No,Month-to-month,No,Electronic check,96.53,1615.06,Yes,0.933,Yes
CUST-13297,Female,1,Yes,No,26,Yes,No,No,No internet service,No internet service,No internet service,No internet service,No internet service,No internet service,Month-to-month,No,Mailed check,30.55,830.36,No,0.5983,Yes
CUST-10904,Male,1,No,Yes,72,Yes,Yes,No,No internet service,No internet service,No internet service,No internet service,No internet service,No internet service,Two year,No,Electronic check,27.51,1956.71,No,0.0689,No
CUST-14624,Male,0,No,Yes,64,Yes,Yes,No,No internet service,No internet service,No internet service,No internet service,No internet service,No internet service,Two year,No,Bank transfer (automatic),40.81,2489.57,No,0.0267,No
CUST-11279,Female,1,Yes,No,23,Yes,No,Fiber optic,No,No,No,Yes,Yes,No,Month-to-month,Yes,Bank transfer (automatic),86.19,1874.81,Yes,0.8531,Yes
CUST-10933,Female,0,No,No,66,No,No phone service,No,No internet service,No internet service,No internet service,No internet service,No internet service,No internet service,Two year,Yes,Mailed check,24.61,1529.1,No,0.0572,No
CUST-14914,Female,0,No,No,26,Yes,Yes,No,No internet service,No internet service,No internet service,No internet service,No internet service,No internet service,One year,Yes,Electronic check,39.49,1046.86,No,0.3832,No
CUST-12308,Male,0,Yes,No,66,No,No phone service,DSL,No,No,No,Yes,No,Yes,Two year,Yes,Credit card (automatic),66.66,4473.08,No,0.0211,No
CUST-11555,Male,1,No,Yes,52,Yes,Yes,Fiber optic,No,No,No,No,No,No,Month-to-month,Yes,Credit card (automatic),85.68,4321.41,No,0.7349,Yes
CUST-14547,Female,0,Yes,No,45,Yes,Yes,DSL,Yes,No,No,No,Yes,No,One year,Yes,Credit card (automatic),61.71,2607.03,No,0.0887,No
CUST-13190,Male,0,No,Yes,4,Yes,Yes,Fiber optic,No,Yes,No,No,Yes,No,Month-to-month,Yes,Electronic check,91.61,342.25,Yes,0.9711,Yes
CUST-14455,Male,0,No,Yes,23,Yes,Yes,DSL,No,No,Yes,No,No,No,Month-to-month,Yes,Credit card (automatic),65.17,1403.51,No,0.7096,Yes
CUST-10706,Male,0,Yes,No,52,Yes,No,No,No internet service,No internet service,No internet service,No internet service,No internet service,No internet service,Month-to-month,No,Bank transfer (automatic),39.08,1951.68,No,0.1865,No
CUST-14705,Male,0,No,No,28,Yes,Yes,DSL,Yes,No,Yes,No,No,No,One year,Yes,Mailed check,76.36,2007.14,No,0.282,No
CUST-13070,Male,0,No,Yes,61,Yes,Yes,No,No internet service,No internet service,No internet service,No internet service,No internet service,No internet service,One year,No,Mailed check,38.99,2224.8,No,0.0432,No
CUST-10745,Male,0,Yes,No,24,No,No phone service,Fiber optic,No,Yes,Yes,No,Yes,No,Month-to-month,Yes,Electronic check,104.17,2437.68,Yes,0.926,Yes
CUST-13594,Male,1,Yes,No,9,Yes,No,No,No internet service,No internet service,No internet service,No internet service,No internet service,No internet service,Month-to-month,Yes,Bank transfer (automatic),27.41,230.17,Yes,0.8212,Yes
CUST-11939,Male,0,Yes,No,30,Yes,No,Fiber optic,Yes,Yes,No,No,No,Yes,Month-to-month,No,Credit card (automatic),102.76,3210.67,Yes,0.6168,Yes
CUST-14414,Male,0,No,No,17,Yes,Yes,No,No internet service,No internet service,No internet service,No internet service,No internet service,No internet service,Two year,No,Bank transfer (automatic),47.89,815.85,No,0.1851,No
CUST-12862,Female,0,Yes,No,6,Yes,Yes,Fiber optic,No,No,No,Yes,No,No,Month-to-month,Yes,Electronic check,95.42,565.26,Yes,0.9356,Yes
CUST-14020,Male,1,Yes,No,6,No,No phone service,Fiber optic,No,No,No,No,No,Yes,Two year,No,Mailed check,88.91,526.32,No,0.7486,Yes
CUST-10513,Female,0,Yes,Yes,26,Yes,Yes,Fiber optic,No,No,No,Yes,No,No,One year,No,Electronic check,90.68,2233.93,No,0.3391,No
CUST-10081,Male,0,No,Yes,69,Yes,Yes,Fiber optic,No,No,No,No,No,No,Month-to-month,Yes,Bank transfer (automatic),72.96,5212.04,No,0.4489,No
CUST-14991,Female,1,Yes,No,59,Yes,Yes,DSL,No,Yes,No,No,Yes,Yes,Two year,No,Electronic check,81.54,4591.84,No,0.0971,No
CUST-11308,Male,1,No,No,70,No,No phone service,DSL,Yes,No,Yes,No,Yes,No,One year,Yes,Mailed check,79.82,5159.27,No,0.0806,No
CUST-14562,Male,0,No,No,31,Yes,No,Fiber optic,No,No,No,No,No,Yes,Month-to-month,Yes,Bank transfer (automatic),103.72,3264.39,Yes,0.8511,Yes
CUST-10914,Female,0,Yes,Yes,69,Yes,No,Fiber optic,No,Yes,No,Yes,No,Yes,Month-to-month,No,Credit card (automatic),100.7,6661.91,No,0.1271,No
CUST-13452,Male,0,Yes,No,9,Yes,Yes,No,No internet service,No internet service,No internet service,No internet service,No internet service,No internet service,One year,Yes,Credit card (automatic),42.69,354.97,Yes,0.3578,No
CUST-13695,Female,0,No,No,3,Yes,No,No,No internet service,No internet service,No internet service,No internet service,No internet service,No internet service,Two year,No,Mailed check,49.1,151.9,No,0.3449,No
CUST-14819,Female,0,No,No,24,No,No phone service,Fiber optic,No,No,No,Yes,Yes,Yes,One year,No,Electronic check,96.21,2163.9,No,0.4502,No
CUST-13156,Female,1,No,Yes,59,Yes,No,No,No internet service,No internet service,No internet service,No internet service,No internet service,No internet service,One year,No,Electronic check,36.69,2222.1,No,0.1137,No
CUST-12198,Female,0,Yes,No,44,Yes,No,Fiber optic,No,No,No,No,No,Yes,One year,Yes,Electronic check,82.53,3521.61,No,0.4839,No
CUST-14245,Male,0,No,No,60,Yes,No,No,No internet service,No internet service,No internet service,No internet service,No internet service,No internet service,Month-to-month,Yes,Credit card (automatic),35.62,2226.56,No,0.2826,No
CUST-10774,Female,0,Yes,No,39,Yes,No,Fiber optic,No,No,No,Yes,Yes,No,Month-to-month,Yes,Electronic check,85.55,3218.55,Yes,0.7518,Yes
CUST-10329,Female,0,Yes,Yes,15,Yes,No,No,No internet service,No internet service,No internet service,No internet service,No internet service,No internet service,Month-to-month,No,Credit card (automatic),47.01,709.29,No,0.4378,No
CUST-12054,Female,0,Yes,No,21,No,No phone service,No,No internet service,No internet service,No internet service,No internet service,No internet service,No internet service,Month-to-month,No,Electronic check,42.87,920.64,Yes,0.5514,Yes
CUST-12001,Male,0,No,No,26,Yes,Yes,Fiber optic,No,Yes,Yes,No,No,No,Month-to-month,Yes,Bank transfer (automatic),96.9,2346.36,Yes,0.9055,Yes
CUST-10943,Male,0,Yes,No,45,Yes,Yes,No,No internet service,No internet service,No internet service,No internet service,No internet service,No internet service,Month-to-month,No,Electronic check,32.46,1454.93,No,0.3965,No
CUST-10822,Male,0,Yes,No,10,Yes,Yes,DSL,No,Yes,Yes,No,No,No,Month-to-month,Yes,Credit card (automatic),57.71,550.56,Yes,0.8268,Yes
CUST-14541,Female,0,No,No,12,Yes,Yes,No,No internet service,No internet service,No internet service,No internet service,No internet service,No internet service,Month-to-month,No,Electronic check,20.62,233.5,Yes,0.7585,Yes
CUST-10909,Male,0,No,Yes,72,Yes,Yes,Fiber optic,No,No,No,No,Yes,Yes,Month-to-month,Yes,Bank transfer (automatic),92.04,6378.07,Yes,0.3939,No
CUST-12516,Female,0,No,No,35,Yes,No,DSL,No,No,Yes,No,Yes,No,Month-to-month,No,Mailed check,61.37,2013.54,Yes,0.5839,Yes
CUST-10181,Male,1,No,No,52,Yes,No,DSL,No,No,Yes,No,No,No,One year,Yes,Mailed check,45.47,2235.21,No,0.304,No
CUST-10164,Male,0,Yes,Yes,62,Yes,Yes,Fiber optic,No,Yes,No,No,No,No,One year,Yes,Mailed check,83.96,5274.4,Yes,0.1645,No
CUST-11523,Male,1,No,No,55,No,No phone service,Fiber optic,No,No,No,No,No,No,One year,No,Electronic check,90.18,4756.77,No,0.3688,No
CUST-10451,Female,0,No,Yes,50,Yes,No,DSL,No,No,No,No,No,No,One year,Yes,Bank transfer (automatic),68.48,3308.53,No,0.0981,No
CUST-12538,Female,1,No,No,1,Yes,Yes,Fiber optic,Yes,Yes,No,No,Yes,No,Month-to-month,No,Electronic check,100.22,94.23,Yes,0.967,Yes
CUST-14119,Male,0,Yes,No,2,Yes,No,Fiber optic,No,No,Yes,No,Yes,No,Month-to-month,Yes,Bank transfer (automatic),78.26,148.08,Yes,0.9623,Yes
CUST-14790,Male,0,No,No,30,Yes,No,DSL,No,No,No,Yes,Yes,Yes,Month-to-month,Yes,Mailed check,74.87,2155.51,No,0.5486,Yes
CUST-11311,Male,0,No,No,22,Yes,No,DSL,No,No,No,Yes,No,Yes,Two year,Yes,Mailed check,62.05,1416.98,No,0.2222,No
CUST-13149,Male,0,Yes,Yes,11,Yes,Yes,DSL,No,Yes,No,No,Yes,No,One year,Yes,Mailed check,61.43,697.7,Yes,0.4382,No
CUST-11111,Male,0,No,No,13,Yes,No,Fiber optic,Yes,No,No,No,No,No,Two year,Yes,Mailed check,79.15,950.5,Yes,0.5992,Yes
CUST-14561,Male,0,No,Yes,61,Yes,Yes,DSL,No,Yes,No,No,Yes,Yes,Month-to-month,Yes,Bank transfer (automatic),64.55,3939.61,No,0.2749,No
CUST-13874,Female,0,Yes,No,12,Yes,Yes,DSL,No,No,Yes,Yes,Yes,No,Month-to-month,Yes,Credit card (automatic),63.74,745.83,Yes,0.7101,Yes
CUST-13489,Female,0,No,No,43,Yes,No,Fiber optic,Yes,No,Yes,Yes,Yes,No,Month-to-month,Yes,Bank transfer (automatic),100.54,4061.05,No,0.5824,Yes
CUST-11287,Male,0,No,Yes,6,Yes,No,Fiber optic,Yes,No,No,Yes,Yes,No,Month-to-month,Yes,Mailed check,100.7,585.18,Yes,0.8688,Yes
CUST-14190,Male,0,Yes,Yes,67,Yes,Yes,DSL,Yes,No,No,No,No,No,Month-to-month,Yes,Bank transfer (automatic),49.25,3242.46,No,0.1204,No
CUST-14660,Female,0,Yes,No,53,Yes,Yes,No,No internet service,No internet service,No internet service,No internet service,No internet service,No internet service,Month-to-month,Yes,Electronic check,28.42,1395.91,No,0.4121,No
CUST-13680,Female,0,Yes,No,28,No,No phone service,Fiber optic,No,Yes,No,No,No,No,One year,Yes,Electronic check,83.02,2198.0,Yes,0.6205,Yes
CUST-14377,Male,0,Yes,Yes,9,Yes,Yes,No,No internet service,No internet service,No internet service,No internet service,No internet service,No internet service,Two year,No,Bank transfer (automatic),21.73,197.15,No,0.1796,No
CUST-14181,Male,1,Yes,No,2,Yes,No,DSL,No,No,No,Yes,Yes,Yes,Two year,Yes,Credit card (automatic),67.27,132.7,No,0.4814,No
CUST-13300,Female,0,Yes,No,53,Yes,Yes,No,No internet service,No internet service,No internet service,No internet service,No internet service,No internet service,Month-to-month,Yes,Electronic check,25.16,1347.21,No,0.4187,No
CUST-13310,Female,0,Yes,No,71,Yes,No,No,No internet service,No internet service,No internet service,No internet service,No internet service,No internet service,One year,No,Credit card (automatic),34.71,2282.71,No,0.0236,No
CUST-14570,Female,0,No,No,36,Yes,No,Fiber optic,No,Yes,Yes,No,No,No,One year,No,Bank transfer (automatic),77.8,2929.21,Yes,0.4526,No
CUST-13125,Female,0,No,No,34,Yes,Yes,Fiber optic,No,Yes,Yes,Yes,Yes,No,Two year,Yes,Credit card (automatic),105.33,3635.0,No,0.3961,No
CUST-10327,Male,0,Yes,Yes,53,Yes,Yes,DSL,No,Yes,No,No,No,No,Month-to-month,No,Credit card (automatic),57.8,2841.51,No,0.1801,No
CUST-11790,Female,0,Yes,No,69,Yes,Yes,Fiber optic,Yes,No,Yes,Yes,Yes,Yes,One year,No,Bank transfer (automatic),102.29,6616.59,No,0.0333,No
CUST-12490,Male,0,Yes,No,32,Yes,Yes,DSL,No,No,No,No,Yes,Yes,One year,Yes,Mailed check,75.58,2501.0,Yes,0.2585,No
CUST-12006,Male,0,No,No,10,Yes,No,Fiber optic,No,No,Yes,Yes,No,No,Month-to-month,No,Bank transfer (automatic),106.51,1113.63,Yes,0.8866,Yes
CUST-12007,Male,0,Yes,Yes,8,No,No phone service,DSL,No,Yes,Yes,No,No,No,Month-to-month,Yes,Electronic check,66.63,549.67,No,0.8714,Yes
CUST-11858,Female,0,No,Yes,26,Yes,No,Fiber optic,No,Yes,No,Yes,Yes,No,Two year,No,Credit card (automatic),105.38,2570.71,No,0.2388,No
CUST-14700,Female,0,No,No,46,Yes,No,Fiber optic,Yes,Yes,No,No,No,Yes,Month-to-month,No,Electronic check,98.9,4383.58,No,0.6273,Yes
CUST-10312,Male,0,No,Yes,60,Yes,Yes,Fiber optic,Yes,No,No,Yes,Yes,No,Month-to-month,Yes,Bank transfer (automatic),101.96,6030.8,Yes,0.2503,No
CUST-10832,Male,0,Yes,No,59,Yes,No,No,No internet service,No internet service,No internet service,No internet service,No internet service,No internet service,Month-to-month,Yes,Credit card (automatic),28.5,1673.26,No,0.2445,No
CUST-13079,Male,0,Yes,No,56,Yes,Yes,Fiber optic,No,No,Yes,No,No,No,Two year,Yes,Bank transfer (automatic),81.95,4391.99,No,0.2321,No
CUST-14732,Female,0,Yes,No,63,Yes,Yes,Fiber optic,Yes,No,Yes,Yes,No,Yes,Month-to-month,Yes,Bank transfer (automatic),88.15,5640.11,No,0.2739,No
CUST-13462,Female,0,No,No,3,Yes,Yes,Fiber optic,Yes,No,Yes,No,No,Yes,Month-to-month,No,Mailed check,107.35,327.43,No,0.9317,Yes
CUST-11201,Male,0,No,No,27,Yes,No,Fiber optic,No,No,Yes,Yes,Yes,No,Two year,Yes,Electronic check,92.54,2409.49,No,0.6316,Yes
CUST-14405,Female,0,No,Yes,46,Yes,Yes,DSL,No,Yes,Yes,Yes,Yes,Yes,One year,Yes,Electronic check,78.05,3582.34,No,0.1754,No
CUST-13547,Female,0,Yes,No,16,Yes,Yes,Fiber optic,No,No,No,No,No,Yes,Two year,Yes,Credit card (automatic),86.56,1415.61,Yes,0.5924,Yes
CUST-14017,Male,0,Yes,No,14,Yes,No,Fiber optic,No,Yes,No,Yes,Yes,No,Month-to-month,Yes,Bank transfer (automatic),103.21,1382.79,Yes,0.8366,Yes
CUST-12134,Male,0,No,Yes,64,Yes,Yes,Fiber optic,Yes,No,No,No,No,No,Month-to-month,No,Mailed check,92.52,5772.05,No,0.2605,No
CUST-13451,Male,0,No,Yes,42,Yes,Yes,No,No internet service,No internet service,No internet service,No internet service,No internet service,No internet service,Month-to-month,Yes,Electronic check,26.16,1092.27,No,0.5791,Yes
CUST-12209,Male,0,No,No,35,Yes,Yes,No,No internet service,No internet service,No internet service,No internet service,No internet service,No internet service,Month-to-month,No,Credit card (automatic),30.41,1016.02,No,0.4123,No
CUST-11901,Female,0,No,Yes,10,Yes,Yes,DSL,Yes,No,Yes,No,Yes,Yes,Month-to-month,No,Mailed check,78.46,793.93,No,0.6932,Yes
CUST-11481,Male,0,No,Yes,32,Yes,Yes,Fiber optic,No,Yes,No,No,No,No,Month-to-month,No,Mailed check,88.85,2936.54,Yes,0.7612,Yes
CUST-10777,Male,0,No,No,62,Yes,No,No,No internet service,No internet service,No internet service,No internet service,No internet service,No internet service,Month-to-month,Yes,Electronic check,23.65,1508.21,No,0.4217,No
CUST-10799,Male,0,Yes,No,31,Yes,No,Fiber optic,Yes,Yes,No,No,Yes,No,Month-to-month,Yes,Bank transfer (automatic),92.94,2651.3,No,0.7279,Yes
CUST-13714,Female,0,Yes,No,49,Yes,No,Fiber optic,No,No,No,No,No,No,Two year,No,Bank transfer (automatic),74.27,3559.16,No,0.1503,No
CUST-13942,Female,0,Yes,Yes,13,Yes,No,DSL,No,No,Yes,No,No,Yes,Month-to-month,No,Credit card (automatic),66.23,817.24,Yes,0.612,Yes
CUST-10054,Male,0,No,No,58,Yes,No,DSL,Yes,No,No,No,No,No,Month-to-month,Yes,Mailed check,66.32,3624.18,No,0.2489,No
CUST-12972,Female,1,No,No,1,Yes,No,Fiber optic,Yes,No,No,No,No,No,Month-to-month,Yes,Credit card (automatic),85.61,88.88,Yes,0.9644,Yes
CUST-13335,Male,0,Yes,No,35,Yes,No,Fiber optic,No,No,No,No,Yes,No,Month-to-month,Yes,Mailed check,74.34,2490.87,No,0.8266,Yes
CUST-11920,Male,0,Yes,No,5,Yes,No,DSL,No,No,No,No,Yes,No,Two year,Yes,Mailed check,55.94,259.92,No,0.4827,No
CUST-13715,Male,0,Yes,No,3,Yes,Yes,No,No internet service,No internet service,No internet service,No internet service,No internet service,No internet service,Month-to-month,Yes,Bank transfer (automatic),36.63,107.69,No,0.7672,Yes
CUST-14661,Female,0,No,No,47,Yes,Yes,DSL,Yes,No,No,No,Yes,No,Two year,Yes,Credit card (automatic),59.57,2921.81,No,0.0911,No
CUST-10946,Female,0,Yes,No,33,Yes,Yes,DSL,No,No,Yes,No,Yes,Yes,Two year,No,Mailed check,69.79,2373.01,No,0.1732,No
CUST-11701,Male,0,No,No,29,Yes,Yes,No,No internet service,No internet service,No internet service,No internet service,No internet service,No internet service,Two year,No,Credit card (automatic),19.1,510.3,No,0.1377,No
CUST-13293,Male,0,No,Yes,50,Yes,Yes,DSL,Yes,No,No,No,No,Yes,Month-to-month,Yes,Mailed check,60.2,3140.54,No,0.2877,No
CUST-12161,Male,1,No,No,16,Yes,Yes,Fiber optic,No,No,No,No,No,No,Month-to-month,Yes,Bank transfer (automatic),73.82,1201.49,Yes,0.9533,Yes
CUST-11136,Female,0,Yes,Yes,62,Yes,No,No,No internet service,No internet service,No internet service,No internet service,No internet service,No internet service,Two year,Yes,Mailed check,30.23,1741.68,No,0.0438,No
CUST-10987,Male,0,Yes,Yes,20,Yes,Yes,Fiber optic,Yes,Yes,Yes,Yes,No,No,Month-to-month,Yes,Credit card (automatic),118.36,2363.96,No,0.702,Yes
CUST-12549,Male,1,No,No,43,Yes,No,No,No internet service,No internet service,No internet service,No internet service,No internet service,No internet service,Month-to-month,Yes,Mailed check,35.74,1565.17,Yes,0.6479,Yes
CUST-10193,Male,1,Yes,Yes,3,Yes,No,No,No internet service,No internet service,No internet service,No internet service,No internet service,No internet service,One year,No,Credit card (automatic),40.42,119.45,No,0.3729,No
CUST-13057,Male,0,Yes,Yes,0,Yes,No,Fiber optic,No,No,No,No,No,No,Month-to-month,No,Mailed check,64.48,0.0,Yes,0.915,Yes
CUST-13246,Female,0,No,No,28,Yes,No,DSL,No,Yes,No,No,No,Yes,Two year,No,Credit card (automatic),57.68,1692.34,No,0.1724,No
CUST-11394,Male,1,Yes,Yes,32,Yes,Yes,Fiber optic,No,No,No,Yes,No,No,Month-to-month,Yes,Electronic check,82.3,2556.45,Yes,0.8564,Yes
CUST-12637,Female,0,No,Yes,44,Yes,Yes,Fiber optic,Yes,No,Yes,No,Yes,No,Two year,No,Credit card (automatic),92.94,4210.28,No,0.1792,No
CUST-10768,Male,1,No,No,49,Yes,Yes,DSL,No,No,No,No,Yes,No,Two year,No,Bank transfer (automatic),54.89,2544.7,Yes,0.1299,No
CUST-14717,Female,0,Yes,No,65,Yes,Yes,Fiber optic,No,No,Yes,No,No,No,Two year,Yes,Credit card (automatic),87.21,5239.38,No,0.1547,No
CUST-13090,Male,0,Yes,No,17,Yes,Yes,No,No internet service,No internet service,No internet service,No internet service,No internet service,No internet service,Month-to-month,Yes,Electronic check,47.42,818.69,Yes,0.7473,Yes
CUST-13495,Female,0,No,No,38,Yes,No,Fiber optic,No,No,Yes,No,Yes,No,One year,No,Credit card (automatic),90.13,3154.06,No,0.4173,No
CUST-13215,Male,0,Yes,No,38,Yes,No,DSL,Yes,Yes,No,No,No,Yes,One year,No,Electronic check,55.02,1934.02,No,0.1236,No
CUST-10285,Female,0,No,No,36,Yes,No,Fiber optic,No,No,No,No,Yes,Yes,Month-to-month,No,Electronic check,85.7,3058.48,Yes,0.8367,Yes
CUST-14953,Male,0,No,Yes,51,Yes,Yes,Fiber optic,No,Yes,Yes,No,No,No,One year,Yes,Bank transfer (automatic),90.88,4370.8,No,0.3202,No
CUST-10428,Male,0,Yes,Yes,19,Yes,No,Fiber optic,No,Yes,Yes,No,No,No,Month-to-month,Yes,Credit card (automatic),90.63,1712.74,Yes,0.886,Yes
CUST-14462,Female,0,No,No,1,Yes,No,Fiber optic,No,No,No,Yes,No,Yes,One year,No,Electronic check,93.39,96.68,Yes,0.7678,Yes
CUST-12332,Male,0,No,No,63,Yes,No,DSL,Yes,No,No,No,Yes,No,Month-to-month,No,Bank transfer (automatic),67.21,4432.48,No,0.1252,No
CUST-12717,Female,0,Yes,No,17,Yes,No,DSL,Yes,Yes,No,No,No,Yes,Two year,No,Bank transfer (automatic),72.06,1234.46,No,0.1198,No
CUST-12079,Male,0,Yes,Yes,17,Yes,No,Fiber optic,No,No,No,Yes,Yes,Yes,Month-to-month,No,Credit card (automatic),105.39,1716.3,Yes,0.6745,Yes
CUST-13389,Female,0,Yes,Yes,68,Yes,No,Fiber optic,Yes,No,No,No,Yes,No,Two year,No,Bank transfer (automatic),105.07,7151.85,No,0.0289,No
CUST-10722,Female,0,Yes,No,51,Yes,No,Fiber optic,Yes,No,No,No,Yes,No,Month-to-month,Yes,Bank transfer (automatic),101.79,5447.35,No,0.4594,No
CUST-10951,Male,0,Yes,No,64,No,No phone service,DSL,Yes,Yes,No,No,No,Yes,Month-to-month,No,Bank transfer (automatic),84.55,5232.86,No,0.0691,No
CUST-14397,Male,0,Yes,No,5,Yes,No,Fiber optic,No,No,No,No,Yes,Yes,Month-to-month,Yes,Bank transfer (automatic),91.24,461.61,Yes,0.9473,Yes
CUST-14595,Male,0,Yes,No,13,Yes,Yes,DSL,Yes,Yes,Yes,No,No,Yes,Month-to-month,Yes,Bank transfer (automatic),64.24,858.8,Yes,0.6948,Yes
CUST-12262,Male,1,No,No,31,Yes,Yes,Fiber optic,Yes,No,No,No,Yes,Yes,Month-to-month,Yes,Electronic check,98.82,3156.76,Yes,0.9241,Yes
CUST-10989,Female,0,No,No,10,Yes,Yes,No,No internet service,No internet service,No internet service,No internet service,No internet service,No internet service,Two year,Yes,Electronic check,31.92,314.43,No,0.5064,Yes
CUST-13212,Male,1,No,No,32,Yes,Yes,Fiber optic,Yes,Yes,No,No,Yes,No,Two year,No,Mailed check,99.96,3217.48,Yes,0.4351,No
CUST-11759,Female,0,Yes,No,65,Yes,No,DSL,No,No,Yes,Yes,Yes,Yes,Month-to-month,No,Credit card (automatic),86.08,5856.65,No,0.091,No
CUST-14120,Female,0,No,No,20,Yes,Yes,DSL,No,Yes,No,No,Yes,No,Month-to-month,Yes,Mailed check,66.23,1343.91,Yes,0.7647,Yes
CUST-10326,Male,0,No,No,49,Yes,No,DSL,No,No,No,No,No,Yes,Month-to-month,Yes,Credit card (automatic),57.33,2850.94,No,0.427,No
CUST-12608,Female,0,No,No,27,Yes,Yes,Fiber optic,No,No,No,No,No,Yes,Month-to-month,Yes,Credit card (automatic),87.34,2353.43,Yes,0.8728,Yes
CUST-11383,Female,0,Yes,No,7,Yes,Yes,No,No internet service,No internet service,No internet service,No internet service,No internet service,No internet service,Month-to-month,Yes,Credit card (automatic),41.87,294.26,No,0.7309,Yes
CUST-11724,Female,0,Yes,No,58,Yes,Yes,Fiber optic,No,Yes,Yes,No,Yes,Yes,Month-to-month,Yes,Credit card (automatic),94.68,5758.51,Yes,0.5999,Yes
CUST-11086,Female,0,Yes,No,26,Yes,No,Fiber optic,No,No,No,Yes,No,No,Month-to-month,Yes,Mailed check,92.14,2292.76,Yes,0.7651,Yes
CUST-12523,Male,0,No,No,1,Yes,No,No,No internet service,No internet service,No internet service,No internet service,No internet service,No internet service,One year,Yes,Mailed check,32.13,30.32,No,0.541,Yes
CUST-10341,Male,0,Yes,No,42,Yes,Yes,No,No internet service,No internet service,No internet service,No internet service,No internet service,No internet service,Month-to-month,Yes,Bank transfer (automatic),34.24,1428.58,No,0.4088,No
CUST-13701,Male,0,Yes,No,16,Yes,Yes,DSL,Yes,Yes,No,No,No,No,One year,No,Electronic check,72.77,1093.09,No,0.2385,No
CUST-10147,Male,0,Yes,No,58,Yes,No,Fiber optic,No,No,No,Yes,No,Yes,Month-to-month,Yes,Mailed check,80.05,4598.1,No,0.4306,No
CUST-10688,Male,0,No,Yes,71,Yes,No,No,No internet service,No internet service,No internet service,No internet service,No internet service,No internet service,Two year,Yes,Credit card (automatic),38.48,2541.13,No,0.0347,No
CUST-13432,Male,0,No,Yes,27,No,No phone service,Fiber optic,No,No,No,No,Yes,Yes,Month-to-month,Yes,Mailed check,94.75,2457.23,Yes,0.8578,Yes
CUST-11107,Female,0,No,No,1,Yes,Yes,Fiber optic,No,Yes,No,No,Yes,Yes,One year,No,Electronic check,103.8,107.58,No,0.8719,Yes
CUST-10848,Female,0,Yes,No,12,Yes,No,Fiber optic,No,No,No,No,Yes,Yes,Month-to-month,No,Credit card (automatic),76.57,861.6,Yes,0.8724,Yes
CUST-10966,Female,0,Yes,Yes,29,Yes,No,Fiber optic,No,Yes,No,No,Yes,Yes,Two year,No,Bank transfer (automatic),104.38,2796.1,No,0.2766,No
CUST-14742,Male,0,No,Yes,29,Yes,Yes,Fiber optic,No,No,Yes,No,Yes,Yes,One year,No,Mailed check,95.94,2765.68,No,0.5299,Yes
CUST-11492,Male,0,Yes,No,3,No,No phone service,Fiber optic,No,No,No,Yes,No,Yes,Month-to-month,No,Credit card (automatic),99.15,295.88,Yes,0.8349,Yes
CUST-13953,Male,0,Yes,No,50,No,No phone service,No,No internet service,No internet service,No internet service,No internet service,No internet service,No internet service,One year,No,Credit card (automatic),35.36,1768.65,No,0.0458,No
CUST-12203,Male,0,Yes,Yes,19,Yes,No,Fiber optic,Yes,No,No,No,Yes,No,Month-to-month,No,Bank transfer (automatic),99.59,1938.41,Yes,0.6839,Yes
CUST-12713,Female,1,No,No,40,Yes,No,Fiber optic,Yes,No,No,No,No,Yes,One year,No,Bank transfer (automatic),85.92,3326.16,No,0.3393,No
CUST-10661,Female,1,No,Yes,49,Yes,No,DSL,No,No,Yes,No,No,Yes,Month-to-month,No,Bank transfer (automatic),60.08,2813.36,Yes,0.4433,No
CUST-11002,Female,0,Yes,No,26,Yes,No,Fiber optic,No,Yes,No,No,Yes,No,Two year,Yes,Electronic check,89.79,2375.18,No,0.6459,Yes
CUST-10062,Male,0,Yes,No,0,Yes,No,Fiber optic,No,Yes,No,No,No,No,Two year,No,Bank transfer (automatic),84.94,0.0,No,0.6805,Yes
CUST-10284,Male,0,Yes,No,18,Yes,No,DSL,No,No,No,Yes,Yes,Yes,Month-to-month,Yes,Electronic check,49.23,906.36,Yes,0.7016,Yes
CUST-12224,Male,0,No,Yes,37,Yes,No,Fiber optic,No,No,Yes,No,No,No,Month-to-month,No,Electronic check,89.31,3288.19,No,0.8339,Yes
CUST-14721,Female,0,No,No,4,Yes,No,Fiber optic,No,Yes,No,Yes,No,No,One year,No,Credit card (automatic),90.07,345.8,No,0.5936,Yes
CUST-11879,Male,0,Yes,No,12,Yes,Yes,Fiber optic,Yes,Yes,No,Yes,Yes,Yes,Month-to-month,Yes,Mailed check,95.68,1168.25,Yes,0.8361,Yes
CUST-13572,Female,0,No,No,33,Yes,No,DSL,No,No,No,No,No,Yes,One year,No,Electronic check,55.15,1790.6,No,0.2696,No
CUST-14872,Male,0,Yes,No,13,Yes,Yes,DSL,Yes,No,No,No,Yes,Yes,Month-to-month,No,Electronic check,79.62,1006.01,No,0.642,Yes
CUST-11203,Female,0,Yes,No,47,Yes,Yes,Fiber optic,No,No,No,No,No,Yes,Two year,No,Electronic check,86.47,3798.58,No,0.2764,No
CUST-11990,Female,0,Yes,No,5,Yes,Yes,Fiber optic,Yes,No,No,Yes,No,No,Month-to-month,No,Bank transfer (automatic),86.48,424.17,No,0.7459,Yes
CUST-10024,Female,1,Yes,No,30,Yes,Yes,No,No internet service,No internet service,No internet service,No internet service,No internet service,No internet service,One year,No,Electronic check,24.96,708.11,No,0.3024,No
CUST-14867,Male,0,Yes,Yes,9,Yes,No,DSL,Yes,Yes,No,Yes,No,Yes,Month-to-month,Yes,Mailed check,78.42,666.64,Yes,0.5301,Yes
CUST-14693,Female,0,Yes,No,62,Yes,No,DSL,Yes,No,No,Yes,No,No,Month-to-month,No,Mailed check,72.77,4289.95,No,0.0574,No
CUST-14180,Female,0,Yes,Yes,25,No,No phone service,No,No internet service,No internet service,No internet service,No internet service,No internet service,No internet service,One year,Yes,Mailed check,31.05,801.82,No,0.1824,No
CUST-10762,Female,0,No,Yes,38,Yes,Yes,DSL,Yes,No,No,No,Yes,No,Month-to-month,No,Mailed check,64.74,2462.64,Yes,0.3066,No
CUST-10875,Female,0,No,No,47,Yes,Yes,DSL,No,No,No,No,Yes,No,One year,Yes,Electronic check,59.9,2932.5,Yes,0.2719,No
CUST-14757,Male,1,Yes,No,10,Yes,No,Fiber optic,Yes,Yes,No,No,Yes,No,One year,Yes,Bank transfer (automatic),87.83,880.48,No,0.7655,Yes
CUST-10938,Male,0,No,No,33,Yes,Yes,No,No internet service,No internet service,No internet service,No internet service,No internet service,No internet service,Two year,No,Mailed check,39.92,1317.65,No,0.1338,No
CUST-12687,Female,0,Yes,No,8,No,No phone service,Fiber optic,Yes,Yes,No,No,Yes,No,Month-to-month,Yes,Bank transfer (automatic),79.73,657.47,Yes,0.8857,Yes
CUST-13600,Male,0,No,No,36,No,No phone service,No,No internet service,No internet service,No internet service,No internet service,No internet service,No internet service,Month-to-month,No,Credit card (automatic),21.51,801.42,Yes,0.3791,No
CUST-14581,Female,0,No,No,9,Yes,Yes,No,No internet service,No internet service,No internet service,No internet service,No internet service,No internet service,Two year,No,Electronic check,34.32,316.99,Yes,0.3875,No
CUST-14995,Male,0,No,Yes,61,Yes,No,Fiber optic,No,No,Yes,No,No,Yes,One year,No,Mailed check,96.35,5666.71,No,0.1641,No
CUST-14137,Male,0,No,No,69,Yes,Yes,No,No internet service,No internet service,No internet service,No internet service,No internet service,No internet service,Month-to-month,Yes,Credit card (automatic),26.9,1875.52,Yes,0.2357,No
CUST-10385,Male,0,Yes,No,71,No,No phone service,Fiber optic,Yes,Yes,Yes,No,Yes,Yes,Two year,No,Credit card (automatic),124.27,8301.66,No,0.033,No
CUST-14384,Male,1,Yes,No,6,Yes,No,No,No internet service,No internet service,No internet service,No internet service,No internet service,No internet service,Month-to-month,Yes,Electronic check,30.07,172.31,Yes,0.9023,Yes
CUST-14646,Female,0,Yes,No,33,Yes,No,No,No internet service,No internet service,No internet service,No internet service,No internet service,No internet service,Month-to-month,Yes,Electronic check,35.35,1137.11,Yes,0.6187,Yes
CUST-10536,Male,0,Yes,No,70,Yes,No,Fiber optic,No,No,Yes,No,No,No,Month-to-month,Yes,Mailed check,89.04,6060.06,No,0.4983,No
CUST-14680,Male,0,Yes,No,17,Yes,Yes,Fiber optic,No,Yes,No,No,No,Yes,One year,No,Bank transfer (automatic),99.19,1733.71,Yes,0.5161,Yes
CUST-13507,Female,1,No,Yes,28,Yes,Yes,Fiber optic,No,No,No,No,No,No,Month-to-month,No,Bank transfer (automatic),64.88,1810.35,Yes,0.8526,Yes
CUST-10201,Female,0,No,No,39,Yes,No,DSL,No,Yes,No,Yes,No,Yes,Month-to-month,No,Bank transfer (automatic),64.91,2436.38,No,0.2794,No
CUST-11332,Male,0,Yes,No,42,No,No phone service,DSL,Yes,No,Yes,No,Yes,Yes,Month-to-month,Yes,Mailed check,75.14,3274.04,No,0.418,No
CUST-13502,Male,0,No,Yes,2,Yes,No,No,No internet service,No internet service,No internet service,No internet service,No internet service,No internet service,One year,No,Bank transfer (automatic),49.5,102.43,No,0.3251,No
CUST-12708,Female,0,Yes,No,54,Yes,No,Fiber optic,No,Yes,Yes,Yes,No,No,Month-to-month,No,Bank transfer (automatic),93.85,5067.9,No,0.3453,No
CUST-14021,Male,0,Yes,Yes,24,Yes,No,Fiber optic,No,No,Yes,No,Yes,No,Month-to-month,Yes,Mailed check,97.04,2389.26,Yes,0.8864,Yes
CUST-11854,Male,1,No,No,44,Yes,No,DSL,No,No,Yes,No,Yes,Yes,Month-to-month,No,Mailed check,84.4,3875.07,No,0.6278,Yes
CUST-14483,Male,0,Yes,Yes,58,Yes,Yes,Fiber optic,Yes,Yes,Yes,No,Yes,No,Month-to-month,Yes,Electronic check,108.66,6079.98,No,0.5413,Yes
CUST-12872,Female,0,Yes,No,70,No,No phone service,Fiber optic,No,No,No,Yes,Yes,No,One year,No,Mailed check,85.28,5993.93,No,0.045,No
CUST-13030,Female,0,No,No,55,No,No phone service,No,No internet service,No internet service,No internet service,No internet service,No internet service,No internet service,One year,Yes,Credit card (automatic),44.47,2352.78,No,0.0747,No
CUST-11205,Female,0,Yes,No,11,Yes,No,Fiber optic,Yes,Yes,Yes,No,Yes,No,Month-to-month,No,Electronic check,107.18,1178.98,Yes,0.9157,Yes
CUST-11645,Male,0,No,No,59,Yes,No,Fiber optic,No,Yes,No,Yes,Yes,No,One year,No,Bank transfer (automatic),91.04,5537.41,No,0.0933,No
CUST-13417,Female,0,No,Yes,22,Yes,No,Fiber optic,No,No,No,No,No,No,Month-to-month,No,Electronic check,81.98,1850.92,No,0.873,Yes
CUST-13476,Female,0,Yes,No,69,Yes,No,DSL,No,Yes,Yes,No,Yes,No,Month-to-month,No,Bank transfer (automatic),68.96,4809.85,No,0.1521,No
CUST-12861,Female,0,No,No,63,No,No phone service,DSL,No,Yes,No,No,No,No,Month-to-month,Yes,Bank transfer (automatic),71.65,4456.22,No,0.236,No
CUST-11792,Male,0,No,No,18,Yes,Yes,No,No internet service,No internet service,No internet service,No internet service,No internet service,No internet service,Month-to-month,Yes,Mailed check,24.41,412.4,Yes,0.7148,Yes
CUST-13797,Male,0,No,No,62,Yes,No,Fiber optic,No,No,No,No,No,No,One year,No,Credit card (automatic),79.71,5046.75,No,0.1411,No
CUST-13368,Male,0,No,No,25,No,No phone service,DSL,No,No,No,No,No,Yes,Month-to-month,Yes,Credit card (automatic),54.26,1342.37,No,0.6691,Yes
CUST-13367,Male,0,Yes,Yes,35,Yes,Yes,Fiber optic,No,No,Yes,Yes,No,Yes,One year,No,Mailed check,103.81,3788.09,No,0.2439,No
CUST-13533,Female,0,No,No,69,Yes,No,No,No internet service,No internet service,No internet service,No internet service,No internet service,No internet service,Two year,Yes,Bank transfer (automatic),20.17,1296.76,No,0.0525,No
CUST-13449,Male,0,Yes,No,22,Yes,Yes,Fiber optic,No,No,Yes,Yes,No,Yes,Month-to-month,No,Mailed check,100.59,2151.37,Yes,0.7601,Yes
CUST-10603,Male,0,No,No,60,No,No phone service,DSL,Yes,No,Yes,No,No,Yes,Two year,No,Electronic check,72.38,4180.59,No,0.0527,No
CUST-13056,Female,0,Yes,No,24,Yes,Yes,DSL,No,No,Yes,No,No,Yes,Two year,Yes,Bank transfer (automatic),71.02,1574.56,No,0.2728,No
CUST-14374,Male,0,No,No,57,Yes,No,DSL,Yes,Yes,No,No,No,No,Month-to-month,No,Mailed check,63.94,3722.84,No,0.1737,No
CUST-10126,Male,0,No,No,38,Yes,Yes,DSL,No,No,No,Yes,Yes,No,Month-to-month,Yes,Credit card (automatic),82.36,3179.42,No,0.415,No
CUST-13876,Female,0,No,Yes,11,Yes,Yes,No,No internet service,No internet service,No internet service,No internet service,No internet service,No internet service,Month-to-month,No,Electronic check,24.97,267.21,Yes,0.7229,Yes
CUST-12935,Male,0,No,No,39,Yes,No,Fiber optic,No,No,Yes,No,Yes,No,Two year,Yes,Credit card (automatic),93.46,3439.0,Yes,0.4963,No
CUST-13531,Male,0,Yes,No,67,Yes,No,No,No internet service,No internet service,No internet service,No internet service,No internet service,No internet service,Month-to-month,Yes,Bank transfer (automatic),32.03,2180.77,No,0.1913,No
CUST-12730,Female,0,No,No,15,Yes,No,No,No internet service,No internet service,No internet service,No internet service,No internet service,No internet service,Month-to-month,Yes,Mailed check,42.36,610.9,No,0.7219,Yes
CUST-10827,Female,1,No,Yes,72,Yes,No,No,No internet service,No internet service,No internet service,No internet service,No internet service,No internet service,Month-to-month,Yes,Bank transfer (automatic),39.11,2665.24,No,0.2507,No
CUST-11639,Male,0,Yes,No,0,Yes,No,Fiber optic,Yes,No,Yes,No,Yes,No,Two year,No,Bank transfer (automatic),100.81,0.0,No,0.6533,Yes
CUST-10984,Female,0,No,No,47,Yes,Yes,DSL,Yes,Yes,Yes,No,No,No,Two year,No,Bank transfer (automatic),70.15,3179.64,No,0.0657,No
CUST-13281,Female,1,No,No,51,Yes,No,Fiber optic,No,No,No,Yes,No,Yes,One year,No,Credit card (automatic),98.64,4859.35,No,0.1829,No
CUST-14986,Female,0,Yes,No,8,Yes,No,Fiber optic,No,No,Yes,Yes,No,No,One year,Yes,Credit card (automatic),89.21,699.54,Yes,0.6801,Yes
CUST-12188,Male,1,Yes,No,35,Yes,Yes,Fiber optic,Yes,No,Yes,Yes,Yes,Yes,One year,Yes,Electronic check,95.0,3091.2,No,0.5407,Yes
CUST-14627,Male,0,No,No,6,Yes,No,Fiber optic,No,No,Yes,Yes,Yes,No,Two year,No,Bank transfer (automatic),95.37,570.9,No,0.6308,Yes
CUST-12443,Male,1,No,Yes,57,Yes,Yes,DSL,No,Yes,Yes,No,No,Yes,Two year,Yes,Bank transfer (automatic),82.04,4528.83,No,0.1363,No
CUST-10362,Male,0,Yes,Yes,25,No,No phone service,Fiber optic,No,Yes,Yes,Yes,Yes,No,One year,No,Credit card (automatic),105.99,2612.42,No,0.2805,No
CUST-12349,Female,0,Yes,Yes,70,Yes,No,DSL,No,Yes,Yes,No,Yes,No,Month-to-month,No,Bank transfer (automatic),66.14,4547.81,No,0.1237,No
CUST-10345,Male,0,Yes,No,28,Yes,Yes,No,No internet service,No internet service,No internet service,No internet service,No internet service,No internet service,Month-to-month,Yes,Electronic check,50.58,1367.98,Yes,0.6642,Yes
CUST-10814,Female,0,Yes,Yes,54,Yes,Yes,No,No internet service,No internet service,No internet service,No internet service,No internet service,No internet service,Two year,No,Credit card (automatic),39.52,2011.74,No,0.0279,No
CUST-13205,Female,0,No,Yes,45,Yes,No,No,No internet service,No internet service,No internet service,No internet service,No internet service,No internet service,Two year,No,Credit card (automatic),24.99,1091.96,No,0.063,No
CUST-14173,Male,0,No,No,9,Yes,No,Fiber optic,No,No,No,Yes,Yes,No,One year,Yes,Bank transfer (automatic),101.17,952.18,No,0.7064,Yes
CUST-14810,Male,0,No,No,33,No,No phone service,Fiber optic,Yes,Yes,No,Yes,No,Yes,Month-to-month,Yes,Bank transfer (automatic),96.49,3006.14,Yes,0.5954,Yes
CUST-13325,Female,0,No,No,20,Yes,Yes,Fiber optic,Yes,No,Yes,Yes,No,Yes,One year,Yes,Electronic check,104.15,2171.61,No,0.6123,Yes
CUST-14106,Male,1,No,No,42,Yes,Yes,DSL,Yes,Yes,No,Yes,No,No,Month-to-month,Yes,Bank transfer (automatic),75.23,3027.5,No,0.3803,No
CUST-12116,Female,0,Yes,No,17,Yes,Yes,DSL,Yes,No,Yes,Yes,No,No,Month-to-month,No,Mailed check,72.62,1278.12,No,0.4001,No
CUST-11834,Male,1,No,Yes,25,Yes,Yes,Fiber optic,Yes,Yes,Yes,Yes,No,Yes,Month-to-month,Yes,Mailed check,104.51,2664.81,Yes,0.854,Yes
CUST-10793,Female,0,Yes,Yes,69,Yes,Yes,Fiber optic,Yes,No,Yes,No,Yes,No,Two year,Yes,Bank transfer (automatic),90.23,6192.14,No,0.071,No
CUST-14961,Female,0,Yes,Yes,12,Yes,No,No,No internet service,No internet service,No internet service,No internet service,No internet service,No internet service,One year,Yes,Bank transfer (automatic),25.51,286.08,No,0.2775,No
CUST-12674,Female,0,Yes,Yes,0,Yes,Yes,Fiber optic,No,Yes,Yes,Yes,No,No,Month-to-month,Yes,Mailed check,86.94,0.0,Yes,0.9326,Yes
CUST-10094,Female,0,No,No,14,Yes,Yes,No,No internet service,No internet service,No internet service,No internet service,No internet service,No internet service,Month-to-month,No,Credit card (automatic),33.97,486.31,No,0.5803,Yes
CUST-13756,Female,0,Yes,No,44,Yes,No,Fiber optic,Yes,No,No,No,Yes,No,One year,No,Bank transfer (automatic),94.11,4044.93,No,0.1532,No
CUST-12891,Female,0,No,Yes,60,Yes,Yes,Fiber optic,Yes,Yes,No,No,Yes,No,One year,No,Electronic check,101.69,6384.67,No,0.1204,No
CUST-12371,Female,0,No,No,16,Yes,Yes,Fiber optic,No,Yes,No,Yes,No,No,Month-to-month,Yes,Credit card (automatic),90.59,1374.12,Yes,0.8482,Yes
CUST-14162,Female,0,Yes,Yes,23,Yes,No,DSL,No,No,Yes,No,Yes,Yes,Month-to-month,Yes,Credit card (automatic),74.41,1676.02,Yes,0.6541,Yes
CUST-14446,Male,0,Yes,No,35,Yes,Yes,Fiber optic,No,Yes,No,No,Yes,No,Month-to-month,Yes,Mailed check,96.01,3109.7,Yes,0.8147,Yes
CUST-13228,Female,1,No,No,36,No,No phone service,Fiber optic,No,Yes,Yes,No,No,Yes,One year,Yes,Mailed check,108.52,3988.9,Yes,0.6987,Yes
CUST-12853,Male,0,No,No,67,Yes,No,DSL,No,Yes,No,Yes,Yes,Yes,One year,No,Mailed check,81.34,5563.1,No,0.025,No
CUST-12912,Male,0,Yes,No,2,Yes,No,DSL,No,No,Yes,No,Yes,Yes,Month-to-month,Yes,Credit card (automatic),71.81,142.65,No,0.8805,Yes
CUST-11865,Male,0,Yes,No,39,Yes,Yes,DSL,No,No,No,Yes,No,Yes,Month-to-month,Yes,Mailed check,68.88,2580.51,No,0.3748,No
CUST-11857,Female,0,No,No,37,Yes,Yes,Fiber optic,No,No,No,Yes,Yes,No,One year,No,Credit card (automatic),94.72,3420.38,No,0.234,No
CUST-12645,Male,0,No,Yes,61,No,No phone service,No,No internet service,No internet service,No internet service,No internet service,No internet service,No internet service,Two year,No,Credit card (automatic),37.2,2312.7,No,0.0264,No
CUST-12243,Male,0,No,No,59,Yes,Yes,No,No internet service,No internet service,No internet service,No internet service,No internet service,No internet service,Two year,No,Mailed check,27.71,1566.08,No,0.0513,No
CUST-12336,Male,0,Yes,No,20,Yes,Yes,Fiber optic,No,Yes,Yes,No,No,Yes,Month-to-month,No,Bank transfer (automatic),106.2,2145.9,Yes,0.8488,Yes
CUST-10950,Male,0,No,No,45,No,No phone service,Fiber optic,No,Yes,Yes,No,No,No,Month-to-month,No,Bank transfer (automatic),89.99,3799.03,Yes,0.6766,Yes
CUST-13068,Male,0,Yes,No,2,Yes,No,Fiber optic,No,Yes,Yes,No,No,Yes,Month-to-month,Yes,Credit card (automatic),87.15,163.05,Yes,0.9605,Yes
CUST-11120,Male,0,No,No,14,Yes,No,No,No internet service,No internet service,No internet service,No internet service,No internet service,No internet service,Two year,Yes,Mailed check,31.88,431.37,No,0.3357,No
CUST-12597,Female,0,No,No,68,No,No phone service,Fiber optic,No,No,Yes,No,No,Yes,Month-to-month,Yes,Bank transfer (automatic),95.55,6720.49,No,0.4964,No
CUST-12204,Male,0,Yes,Yes,17,Yes,No,Fiber optic,No,Yes,No,No,No,No,Two year,Yes,Mailed check,83.71,1425.13,Yes,0.5716,Yes
CUST-10419,Female,0,Yes,No,52,No,No phone service,DSL,No,Yes,Yes,No,Yes,No,Month-to-month,No,Electronic check,71.45,3427.98,No,0.3611,No
CUST-10922,Male,0,No,No,21,Yes,No,DSL,Yes,No,Yes,No,Yes,Yes,Month-to-month,No,Mailed check,80.9,1752.88,No,0.6043,Yes
CUST-11254,Female,0,Yes,Yes,15,Yes,Yes,No,No internet service,No internet service,No internet service,No internet service,No internet service,No internet service,Month-to-month,No,Electronic check,18.0,252.64,No,0.5893,Yes
CUST-10477,Male,0,No,No,34,Yes,No,Fiber optic,Yes,Yes,Yes,No,No,Yes,One year,Yes,Bank transfer (automatic),99.82,3199.77,No,0.4634,No
CUST-12035,Female,0,Yes,No,70,Yes,Yes,DSL,Yes,No,Yes,No,Yes,Yes,Month-to-month,Yes,Mailed check,58.42,3888.04,No,0.1888,No
CUST-11202,Female,0,Yes,Yes,68,Yes,No,Fiber optic,No,No,No,Yes,Yes,No,One year,Yes,Mailed check,102.07,6391.27,No,0.0648,No
CUST-12626,Female,0,Yes,No,2,Yes,Yes,DSL,No,No,No,No,Yes,No,One year,Yes,Bank transfer (automatic),57.35,110.06,No,0.5208,Yes
CUST-14833,Male,0,Yes,No,2,Yes,Yes,Fiber optic,Yes,Yes,No,No,No,No,Month-to-month,No,Electronic check,95.22,181.75,No,0.9203,Yes
CUST-11970,Female,1,No,No,0,Yes,Yes,No,No internet service,No internet service,No internet service,No internet service,No internet service,No internet service,One year,Yes,Bank transfer (automatic),34.52,0.0,Yes,0.6482,Yes
CUST-13110,Female,0,Yes,Yes,61,Yes,Yes,Fiber optic,Yes,No,No,No,No,No,Two year,No,Electronic check,73.39,4142.72,No,0.0836,No
CUST-14018,Male,0,Yes,No,68,Yes,No,Fiber optic,Yes,Yes,No,No,Yes,No,One year,No,Electronic check,107.67,7127.0,No,0.0785,No
CUST-12151,Male,0,No,Yes,37,Yes,Yes,No,No internet service,No internet service,No internet service,No internet service,No internet service,No internet service,Two year,No,Mailed check,48.11,1743.86,No,0.0924,No
CUST-13687,Female,0,No,No,63,Yes,No,Fiber optic,No,No,Yes,No,No,No,Month-to-month,Yes,Mailed check,96.21,5971.98,No,0.6213,Yes
CUST-11997,Female,0,Yes,Yes,66,Yes,Yes,Fiber optic,Yes,Yes,No,No,Yes,Yes,One year,No,Mailed check,109.74,7228.36,No,0.0455,No
CUST-14033,Male,0,No,No,0,Yes,No,Fiber optic,Yes,No,Yes,No,Yes,No,Month-to-month,No,Electronic check,82.51,0.0,Yes,0.9609,Yes
CUST-13054,Female,0,No,No,60,Yes,No,No,No internet service,No internet service,No internet service,No internet service,No internet service,No internet service,Two year,No,Electronic check,28.12,1676.72,Yes,0.0697,No
CUST-11248,Male,0,No,Yes,54,Yes,Yes,No,No internet service,No internet service,No internet service,No internet service,No internet service,No internet service,One year,No,Credit card (automatic),20.57,1123.72,No,0.0536,No
CUST-12192,Male,0,No,No,1,Yes,No,DSL,Yes,Yes,Yes,Yes,Yes,No,Month-to-month,Yes,Credit card (automatic),90.42,83.58,Yes,0.7615,Yes
CUST-12712,Female,1,Yes,No,46,Yes,No,Fiber optic,No,Yes,Yes,Yes,No,No,Month-to-month,Yes,Mailed check,106.5,4877.38,Yes,0.7487,Yes
CUST-10992,Male,1,Yes,No,12,Yes,Yes,DSL,Yes,No,No,Yes,Yes,No,Month-to-month,Yes,Credit card (automatic),78.97,964.83,No,0.6741,Yes
CUST-12190,Male,0,Yes,No,18,Yes,Yes,DSL,No,No,No,No,No,No,Month-to-month,Yes,Credit card (automatic),53.69,908.01,Yes,0.6795,Yes
CUST-13762,Female,0,No,No,69,Yes,Yes,Fiber optic,No,Yes,Yes,No,Yes,No,Month-to-month,Yes,Credit card (automatic),99.14,6659.94,No,0.5269,Yes
CUST-13597,Female,0,No,Yes,29,Yes,Yes,No,No internet service,No internet service,No internet service,No internet service,No internet service,No internet service,Month-to-month,No,Bank transfer (automatic),24.78,751.07,No,0.4093,No
CUST-11318,Male,0,No,Yes,25,Yes,Yes,Fiber optic,No,No,No,No,Yes,No,Month-to-month,Yes,Bank transfer (automatic),73.12,1797.77,Yes,0.8725,Yes
CUST-11863,Male,1,No,No,42,Yes,Yes,No,No internet service,No internet service,No internet service,No internet service,No internet service,No internet service,Month-to-month,Yes,Electronic check,45.69,1984.07,Yes,0.7379,Yes
CUST-12343,Female,0,No,No,48,Yes,No,No,No internet service,No internet service,No internet service,No internet service,No internet service,No internet service,Two year,No,Mailed check,32.81,1516.3,No,0.0787,No
CUST-12449,Male,0,No,No,6,Yes,No,No,No internet service,No internet service,No internet service,No internet service,No internet service,No internet service,Two year,No,Electronic check,45.97,255.11,No,0.4148,No
CUST-12136,Female,0,No,No,23,No,No phone service,Fiber optic,Yes,Yes,Yes,Yes,Yes,Yes,Two year,Yes,Mailed check,117.52,2634.91,No,0.3852,No
CUST-11065,Male,0,Yes,No,16,Yes,Yes,Fiber optic,No,No,No,No,No,Yes,Month-to-month,Yes,Mailed check,84.9,1302.16,Yes,0.9071,Yes
CUST-14975,Female,0,No,No,47,No,No phone service,No,No internet service,No internet service,No internet service,No internet service,No internet service,No internet service,Month-to-month,Yes,Mailed check,54.65,2581.59,No,0.397,No
CUST-12621,Male,0,Yes,No,55,Yes,Yes,No,No internet service,No internet service,No internet service,No internet service,No internet service,No internet service,Two year,Yes,Electronic check,38.81,2047.12,No,0.1011,No
CUST-10077,Male,1,Yes,No,39,Yes,Yes,DSL,Yes,No,No,No,Yes,No,Month-to-month,Yes,Mailed check,67.56,2644.35,No,0.5573,Yes
CUST-12898,Female,0,No,No,29,Yes,No,DSL,Yes,No,No,No,Yes,No,Month-to-month,Yes,Credit card (automatic),61.34,1782.76,No,0.5375,Yes
CUST-11314,Female,0,No,No,16,Yes,No,Fiber optic,No,No,Yes,No,No,No,Two year,Yes,Bank transfer (automatic),74.18,1228.41,No,0.7232,Yes
CUST-14386,Male,0,No,No,22,Yes,Yes,DSL,No,Yes,Yes,Yes,Yes,Yes,Month-to-month,Yes,Electronic check,85.2,1862.11,Yes,0.7752,Yes
CUST-10872,Male,1,Yes,Yes,26,Yes,Yes,Fiber optic,No,No,Yes,No,Yes,Yes,Month-to-month,Yes,Bank transfer (automatic),91.43,2190.73,Yes,0.9182,Yes
CUST-13850,Female,0,Yes,Yes,28,Yes,No,No,No internet service,No internet service,No internet service,No internet service,No internet service,No internet service,One year,No,Credit card (automatic),32.58,855.79,No,0.0996,No
CUST-14802,Male,1,No,No,22,Yes,No,DSL,No,No,No,Yes,Yes,Yes,Two year,Yes,Electronic check,72.67,1652.54,No,0.451,No
CUST-12965,Female,0,No,Yes,1,Yes,No,Fiber optic,Yes,No,No,No,No,Yes,Two year,Yes,Bank transfer (automatic),89.77,93.38,Yes,0.69,Yes
CUST-13391,Female,0,Yes,No,34,Yes,No,Fiber optic,No,No,Yes,Yes,No,Yes,Month-to-month,No,Credit card (automatic),96.68,3258.57,Yes,0.6068,Yes
CUST-12560,Female,0,No,Yes,33,Yes,Yes,Fiber optic,No,No,Yes,Yes,Yes,No,Month-to-month,No,Mailed check,96.77,3050.54,Yes,0.6808,Yes
CUST-14947,Female,0,No,Yes,55,Yes,Yes,DSL,No,No,No,No,No,Yes,Month-to-month,No,Bank transfer (automatic),54.15,2746.49,No,0.2122,No
CUST-12635,Male,0,Yes,No,7,Yes,Yes,Fiber optic,Yes,Yes,Yes,Yes,No,Yes,Month-to-month,Yes,Mailed check,106.7,694.13,Yes,0.8832,Yes
CUST-13530,Male,0,Yes,No,40,Yes,No,No,No internet service,No internet service,No internet service,No internet service,No internet service,No internet service,Two year,No,Bank transfer (automatic),20.94,844.63,No,0.0754,No
CUST-10375,Male,0,Yes,No,17,Yes,No,Fiber optic,Yes,Yes,No,Yes,Yes,No,Two year,Yes,Credit card (automatic),106.45,1811.22,Yes,0.3246,No
CUST-11908,Male,1,No,No,60,Yes,No,Fiber optic,No,No,Yes,Yes,Yes,Yes,One year,No,Mailed check,103.99,6039.67,No,0.2025,No
CUST-14346,Male,0,No,Yes,72,Yes,Yes,Fiber optic,No,No,Yes,Yes,No,No,One year,Yes,Mailed check,106.48,7536.98,No,0.0891,No
CUST-14393,Male,0,No,Yes,48,No,No phone service,Fiber optic,Yes,Yes,No,Yes,No,Yes,One year,Yes,Credit card (automatic),90.6,4497.44,No,0.1186,No
CUST-14027,Male,0,No,Yes,62,Yes,No,Fiber optic,Yes,No,Yes,No,No,No,One year,No,Mailed check,87.63,5408.02,No,0.1056,No
CUST-11604,Male,1,No,No,18,Yes,Yes,No,No internet service,No internet service,No internet service,No internet service,No internet service,No internet service,Month-to-month,No,Electronic check,24.59,429.24,No,0.8014,Yes
CUST-11118,Female,0,Yes,Yes,61,Yes,No,No,No internet service,No internet service,No internet service,No internet service,No internet service,No internet service,Month-to-month,Yes,Electronic check,34.28,2123.26,No,0.284,No
CUST-13677,Female,0,No,No,62,Yes,Yes,No,No internet service,No internet service,No internet service,No internet service,No internet service,No internet service,Month-to-month,No,Bank transfer (automatic),36.54,2185.5,No,0.1714,No
CUST-13490,Male,0,No,Yes,20,Yes,Yes,Fiber optic,Yes,No,No,Yes,No,Yes,Month-to-month,Yes,Credit card (automatic),97.64,1823.45,No,0.6961,Yes
CUST-14879,Female,0,Yes,No,28,Yes,Yes,DSL,Yes,No,No,Yes,No,Yes,Month-to-month,Yes,Bank transfer (automatic),63.26,1792.04,No,0.3248,No
CUST-12958,Female,0,Yes,No,10,Yes,No,DSL,Yes,No,Yes,No,No,Yes,One year,Yes,Electronic check,68.63,675.18,Yes,0.5211,Yes
CUST-11994,Female,0,Yes,Yes,43,No,No phone service,Fiber optic,No,No,No,No,Yes,Yes,Month-to-month,No,Credit card (automatic),80.22,3308.15,No,0.523,Yes
CUST-14970,Female,0,No,No,53,Yes,Yes,No,No internet service,No internet service,No internet service,No internet service,No internet service,No internet service,Month-to-month,No,Credit card (automatic),38.46,2067.51,No,0.2215,No
CUST-14369,Female,0,Yes,No,30,Yes,Yes,Fiber optic,No,No,No,No,No,Yes,Month-to-month,No,Mailed check,90.42,2585.56,No,0.7511,Yes
CUST-12376,Female,0,No,No,70,Yes,No,Fiber optic,No,No,Yes,No,No,No,Month-to-month,Yes,Credit card (automatic),91.47,6640.91,No,0.5093,Yes
CUST-11342,Male,0,Yes,No,25,Yes,Yes,DSL,Yes,Yes,No,No,Yes,No,Two year,Yes,Bank transfer (automatic),72.58,1826.91,No,0.1617,No
CUST-10320,Male,0,No,Yes,54,Yes,No,Fiber optic,No,No,Yes,Yes,Yes,Yes,One year,No,Electronic check,98.48,5279.74,No,0.194,No
CUST-11619,Female,0,No,Yes,17,Yes,No,No,No internet service,No internet service,No internet service,No internet service,No internet service,No internet service,Two year,Yes,Bank transfer (automatic),30.84,498.18,Yes,0.2265,No
CUST-13713,Male,0,Yes,Yes,16,No,No phone service,Fiber optic,No,Yes,No,No,No,No,One year,No,Bank transfer (automatic),88.03,1306.62,No,0.4142,No
CUST-12060,Female,1,No,No,1,Yes,No,Fiber optic,No,No,No,Yes,Yes,Yes,One year,Yes,Bank transfer (automatic),84.72,80.14,No,0.8456,Yes
CUST-12219,Male,0,Yes,No,68,Yes,Yes,Fiber optic,Yes,Yes,Yes,No,Yes,No,Month-to-month,Yes,Credit card (automatic),100.96,6780.95,No,0.3499,No
CUST-11673,Female,0,Yes,No,22,Yes,No,DSL,Yes,No,No,No,Yes,No,One year,Yes,Mailed check,78.27,1600.07,No,0.2102,No
CUST-10260,Female,0,Yes,No,59,Yes,No,DSL,Yes,No,No,Yes,No,Yes,One year,Yes,Electronic check,74.01,4345.25,No,0.0383,No
CUST-14431,Male,0,No,Yes,18,Yes,Yes,Fiber optic,No,No,No,No,No,Yes,Two year,No,Bank transfer (automatic),81.94,1487.65,No,0.4654,No
CUST-12039,Male,0,Yes,No,22,No,No phone service,DSL,Yes,No,No,Yes,No,No,Month-to-month,No,Bank transfer (automatic),68.38,1532.78,No,0.232,No
CUST-10901,Male,0,Yes,No,70,Yes,Yes,DSL,No,Yes,No,No,No,Yes,Two year,No,Mailed check,64.55,4603.82,No,0.027,No
CUST-13744,Male,0,No,Yes,32,Yes,No,DSL,No,Yes,No,Yes,Yes,No,Two year,Yes,Bank transfer (automatic),77.67,2415.56,No,0.1169,No
CUST-12026,Female,0,No,No,39,Yes,No,No,No internet service,No internet service,No internet service,No internet service,No internet service,No internet service,Month-to-month,No,Electronic check,35.39,1293.73,No,0.502,Yes
CUST-14234,Male,0,No,No,12,Yes,Yes,DSL,No,Yes,No,No,No,Yes,One year,Yes,Mailed check,71.75,853.67,Yes,0.5369,Yes
CUST-11917,Male,0,No,No,60,Yes,Yes,No,No internet service,No internet service,No internet service,No internet service,No internet service,No internet service,Month-to-month,Yes,Bank transfer (automatic),25.94,1609.56,No,0.3027,No
CUST-11828,Female,1,Yes,No,41,Yes,No,DSL,No,No,No,Yes,No,No,Month-to-month,Yes,Bank transfer (automatic),43.87,1780.33,No,0.4693,No
CUST-11573,Female,0,No,No,32,Yes,No,DSL,No,Yes,Yes,No,Yes,No,One year,No,Bank transfer (automatic),77.26,2478.95,Yes,0.2242,No
CUST-14408,Male,1,Yes,No,59,Yes,No,DSL,Yes,Yes,No,No,Yes,Yes,Two year,No,Bank transfer (automatic),83.18,5013.07,No,0.0355,No
CUST-14208,Male,0,Yes,No,56,Yes,No,DSL,No,Yes,No,Yes,No,No,Month-to-month,No,Bank transfer (automatic),74.92,3915.47,No,0.1045,No
CUST-10224,Female,0,No,Yes,26,Yes,No,No,No internet service,No internet service,No internet service,No internet service,No internet service,No internet service,One year,Yes,Mailed check,37.26,976.33,No,0.2437,No
CUST-10723,Male,0,No,Yes,59,Yes,Yes,Fiber optic,No,No,No,No,No,No,One year,Yes,Bank transfer (automatic),84.33,4996.86,No,0.2012,No
CUST-14791,Female,0,No,Yes,60,Yes,Yes,DSL,No,Yes,No,No,No,Yes,One year,No,Credit card (automatic),61.41,3773.91,No,0.0439,No
CUST-11141,Male,0,No,No,52,No,No phone service,DSL,No,Yes,Yes,No,No,No,Month-to-month,Yes,Credit card (automatic),65.68,3526.68,No,0.4234,No
CUST-12762,Male,0,Yes,No,2,Yes,No,No,No internet service,No internet service,No internet service,No internet service,No internet service,No internet service,Month-to-month,Yes,Mailed check,34.8,72.62,Yes,0.8023,Yes
CUST-10846,Male,0,No,No,49,Yes,No,DSL,No,Yes,Yes,Yes,No,Yes,Month-to-month,No,Mailed check,61.74,3134.98,No,0.2751,No
CUST-12551,Male,0,Yes,No,30,Yes,No,No,No internet service,No internet service,No internet service,No internet service,No internet service,No internet service,Month-to-month,Yes,Bank transfer (automatic),29.9,911.18,No,0.5208,Yes
CUST-12928,Male,1,Yes,Yes,41,Yes,No,No,No internet service,No internet service,No internet service,No internet service,No internet service,No internet service,Two year,Yes,Bank transfer (automatic),36.72,1511.46,Yes,0.151,No
CUST-10117,Male,1,No,No,0,Yes,Yes,DSL,Yes,No,Yes,No,Yes,Yes,Two year,Yes,Credit card (automatic),82.31,0.0,Yes,0.6779,Yes
CUST-10645,Male,0,No,Yes,29,Yes,No,Fiber optic,No,No,No,No,Yes,No,One year,Yes,Electronic check,83.11,2248.79,Yes,0.678,Yes
CUST-10003,Male,0,Yes,No,70,Yes,No,No,No internet service,No internet service,No internet service,No internet service,No internet service,No internet service,Two year,Yes,Bank transfer (automatic),31.72,2179.76,No,0.0363,No
CUST-14170,Male,0,Yes,No,25,Yes,No,Fiber optic,No,No,No,Yes,Yes,Yes,Month-to-month,Yes,Credit card (automatic),99.49,2367.53,Yes,0.7631,Yes
CUST-10467,Female,0,No,Yes,11,Yes,No,DSL,No,Yes,No,Yes,Yes,Yes,Month-to-month,No,Electronic check,74.6,757.92,No,0.676,Yes
CUST-10005,Female,0,No,Yes,8,Yes,No,No,No internet service,No internet service,No internet service,No internet service,No internet service,No internet service,Two year,Yes,Mailed check,28.07,222.46,No,0.3637,No
CUST-10919,Female,1,Yes,No,44,Yes,No,Fiber optic,No,Yes,No,No,No,Yes,Two year,No,Credit card (automatic),94.85,4231.87,No,0.2978,No
CUST-12595,Male,0,No,No,25,Yes,Yes,No,No internet service,No internet service,No internet service,No internet service,No internet service,No internet service,Two year,Yes,Electronic check,43.6,1103.16,No,0.3518,No
CUST-11063,Female,0,Yes,No,71,Yes,Yes,DSL,No,No,No,No,No,No,One year,Yes,Electronic check,60.76,4445.1,No,0.0755,No
CUST-12590,Male,0,No,No,52,Yes,No,Fiber optic,Yes,Yes,Yes,No,No,Yes,Two year,Yes,Mailed check,107.38,5341.19,No,0.2249,No
CUST-10242,Male,0,No,Yes,53,Yes,No,DSL,Yes,No,No,No,Yes,Yes,One year,No,Bank transfer (automatic),84.0,4453.62,No,0.0336,No
CUST-11160,Female,0,Yes,No,54,Yes,No,No,No internet service,No internet service,No internet service,No internet service,No internet service,No internet service,Month-to-month,Yes,Electronic check,38.77,2162.15,No,0.3849,No
CUST-12870,Male,0,Yes,No,21,No,No phone service,Fiber optic,Yes,No,Yes,Yes,Yes,No,Two year,Yes,Bank transfer (automatic),86.66,1809.16,No,0.3243,No
CUST-13735,Male,0,No,Yes,65,Yes,No,Fiber optic,Yes,No,Yes,Yes,No,Yes,Month-to-month,Yes,Electronic check,106.62,6813.31,No,0.3662,No
CUST-12397,Male,0,No,Yes,26,Yes,No,Fiber optic,No,No,Yes,No,No,No,One year,No,Mailed check,84.37,2122.97,No,0.5434,Yes
CUST-13517,Female,0,Yes,No,67,Yes,No,Fiber optic,No,Yes,Yes,Yes,Yes,Yes,Two year,Yes,Mailed check,109.36,7612.63,No,0.0881,No
CUST-13421,Female,0,No,No,55,Yes,Yes,DSL,Yes,No,No,No,Yes,Yes,One year,Yes,Credit card (automatic),86.85,4899.2,No,0.06,No
CUST-12563,Male,0,Yes,Yes,69,Yes,Yes,DSL,No,No,Yes,Yes,Yes,No,Two year,No,Mailed check,74.84,5156.76,No,0.0159,No
CUST-11605,Female,0,No,No,15,Yes,No,Fiber optic,No,Yes,No,No,Yes,No,Month-to-month,No,Electronic check,74.62,1107.48,Yes,0.9263,Yes
CUST-14997,Female,0,Yes,No,48,Yes,No,DSL,Yes,Yes,No,No,No,No,One year,No,Mailed check,69.22,3382.69,No,0.0514,No
CUST-12324,Female,0,Yes,No,20,Yes,No,Fiber optic,Yes,No,No,Yes,Yes,Yes,Month-to-month,Yes,Mailed check,90.2,1761.08,No,0.7292,Yes
CUST-12709,Female,0,Yes,No,57,Yes,Yes,Fiber optic,Yes,Yes,No,No,Yes,No,Month-to-month,Yes,Credit card (automatic),98.9,5496.65,No,0.3937,No
CUST-14412,Male,0,No,No,69,Yes,No,Fiber optic,No,Yes,Yes,No,No,Yes,One year,Yes,Electronic check,90.64,6327.44,No,0.3191,No
CUST-11312,Female,0,No,No,5,Yes,No,DSL,No,Yes,No,Yes,No,Yes,One year,No,Electronic check,85.06,409.41,Yes,0.4162,No
CUST-13448,Female,0,Yes,Yes,20,Yes,Yes,No,No internet service,No internet service,No internet service,No internet service,No internet service,No internet service,Month-to-month,No,Electronic check,35.13,671.74,Yes,0.5403,Yes
CUST-13812,Female,1,No,No,55,Yes,No,Fiber optic,No,No,Yes,Yes,No,Yes,Month-to-month,Yes,Credit card (automatic),95.93,5369.13,No,0.6694,Yes
CUST-14670,Male,0,No,No,30,Yes,Yes,Fiber optic,No,No,No,No,No,Yes,Month-to-month,Yes,Mailed check,86.95,2579.35,No,0.8811,Yes
CUST-12362,Female,0,Yes,No,60,Yes,Yes,Fiber optic,Yes,No,Yes,No,Yes,No,One year,No,Electronic check,94.67,5801.31,No,0.154,No
CUST-11975,Male,0,No,No,15,Yes,No,Fiber optic,No,No,No,No,Yes,Yes,One year,Yes,Credit card (automatic),91.92,1349.19,Yes,0.728,Yes
CUST-13514,Male,0,No,No,32,Yes,Yes,Fiber optic,Yes,No,Yes,Yes,Yes,No,Two year,Yes,Bank transfer (automatic),115.52,3582.78,No,0.2975,No
CUST-11761,Male,1,Yes,No,10,No,No phone service,No,No internet service,No internet service,No internet service,No internet service,No internet service,No internet service,Month-to-month,No,Electronic check,36.66,361.66,Yes,0.8047,Yes
CUST-12739,Male,0,Yes,Yes,8,Yes,Yes,DSL,No,Yes,Yes,No,No,Yes,Month-to-month,Yes,Bank transfer (automatic),76.62,641.5,Yes,0.8201,Yes
CUST-14674,Female,0,No,No,21,Yes,No,DSL,No,No,No,No,Yes,Yes,Two year,No,Credit card (automatic),49.15,969.78,No,0.2133,No
CUST-12472,Male,0,No,No,31,Yes,No,DSL,No,No,No,No,No,Yes,Month-to-month,Yes,Credit card (automatic),60.99,1836.04,Yes,0.6387,Yes
CUST-14007,Female,0,Yes,Yes,71,Yes,Yes,Fiber optic,Yes,Yes,Yes,Yes,No,No,Month-to-month,No,Bank transfer (automatic),102.36,6991.53,No,0.0957,No
CUST-11493,Male,0,Yes,No,51,No,No phone service,Fiber optic,No,No,Yes,No,No,No,Month-to-month,Yes,Bank transfer (automatic),76.83,3832.79,Yes,0.6559,Yes
CUST-14206,Female,0,No,No,30,Yes,Yes,Fiber optic,Yes,Yes,No,Yes,No,No,Month-to-month,Yes,Credit card (automatic),75.91,2372.02,No,0.6711,Yes
CUST-12158,Female,0,No,No,29,Yes,No,Fiber optic,Yes,No,Yes,No,No,No,One year,Yes,Credit card (automatic),90.04,2664.62,No,0.519,Yes
CUST-11169,Female,0,No,No,70,Yes,No,Fiber optic,No,No,No,No,Yes,Yes,One year,Yes,Credit card (automatic),84.36,6130.38,No,0.1633,No
CUST-14530,Male,0,Yes,No,28,Yes,No,DSL,Yes,Yes,Yes,No,Yes,No,Month-to-month,Yes,Mailed check,81.62,2297.46,Yes,0.5953,Yes
CUST-10232,Male,0,Yes,Yes,3,Yes,No,Fiber optic,No,No,Yes,Yes,No,Yes,Month-to-month,No,Mailed check,110.32,316.93,No,0.8789,Yes
CUST-10066,Female,0,Yes,No,39,Yes,Yes,Fiber optic,No,No,No,No,No,Yes,Month-to-month,Yes,Bank transfer (automatic),90.46,3480.08,Yes,0.7462,Yes
CUST-11603,Male,0,No,No,9,Yes,No,Fiber optic,Yes,No,No,No,No,No,Month-to-month,Yes,Mailed check,94.82,795.65,Yes,0.9225,Yes
CUST-13283,Male,1,Yes,Yes,68,Yes,No,No,No internet service,No internet service,No internet service,No internet service,No internet service,No internet service,Month-to-month,Yes,Mailed check,40.01,2817.81,No,0.2626,No
CUST-13596,Male,0,Yes,No,13,Yes,Yes,DSL,Yes,No,No,No,No,No,Month-to-month,No,Electronic check,52.25,684.65,No,0.6286,Yes
CUST-10125,Female,0,Yes,No,64,No,No phone service,No,No internet service,No internet service,No internet service,No internet service,No internet service,No internet service,Two year,Yes,Electronic check,36.9,2224.76,No,0.0628,No
CUST-11296,Male,0,Yes,Yes,16,Yes,Yes,Fiber optic,No,No,No,No,No,No,Two year,Yes,Bank transfer (automatic),91.64,1358.62,No,0.5274,Yes
CUST-11976,Female,0,No,No,61,Yes,Yes,DSL,No,No,Yes,No,No,No,Two year,Yes,Credit card (automatic),66.6,3766.74,No,0.0873,No
CUST-14531,Male,0,No,Yes,65,Yes,Yes,Fiber optic,No,Yes,Yes,Yes,Yes,No,Month-to-month,Yes,Bank transfer (automatic),107.19,6831.49,Yes,0.3662,No
CUST-14690,Male,0,No,No,55,Yes,Yes,No,No internet service,No internet service,No internet service,No internet service,No internet service,No internet service,Month-to-month,Yes,Mailed check,30.16,1534.62,No,0.371,No
CUST-12075,Male,0,No,Yes,59,Yes,Yes,No,No internet service,No internet service,No internet service,No internet service,No internet service,No internet service,Month-to-month,Yes,Electronic check,46.92,2771.24,No,0.3536,No
CUST-13086,Male,0,No,Yes,9,No,No phone service,Fiber optic,Yes,No,Yes,No,Yes,No,One year,Yes,Credit card (automatic),97.33,854.26,No,0.6979,Yes
CUST-14359,Female,0,No,No,20,Yes,Yes,No,No internet service,No internet service,No internet service,No internet service,No internet service,No internet service,Month-to-month,No,Bank transfer (automatic),25.53,493.23,No,0.5271,Yes
CUST-13345,Female,1,No,No,19,Yes,No,DSL,No,Yes,No,No,No,No,One year,No,Electronic check,70.46,1393.6,No,0.5245,Yes
CUST-14478,Female,0,Yes,No,21,Yes,No,Fiber optic,Yes,Yes,Yes,Yes,Yes,No,One year,No,Credit card (automatic),107.2,2132.04,No,0.2617,No
CUST-12797,Female,0,Yes,Yes,72,Yes,No,DSL,Yes,Yes,Yes,No,Yes,No,Two year,No,Bank transfer (automatic),71.15,4838.93,No,0.0129,No
CUST-10918,Male,0,Yes,Yes,30,Yes,Yes,Fiber optic,Yes,No,Yes,No,No,Yes,Two year,Yes,Bank transfer (automatic),107.38,3348.78,No,0.3444,No
CUST-11646,Male,0,Yes,No,44,Yes,Yes,Fiber optic,No,Yes,Yes,No,Yes,Yes,Month-to-month,Yes,Credit card (automatic),123.24,5396.26,Yes,0.7502,Yes
CUST-10364,Male,0,No,No,62,Yes,Yes,DSL,No,No,Yes,Yes,Yes,No,Two year,Yes,Credit card (automatic),64.53,3980.85,No,0.0543,No
CUST-13287,Male,0,Yes,No,57,Yes,Yes,No,No internet service,No internet service,No internet service,No internet service,No internet service,No internet service,Month-to-month,No,Credit card (automatic),39.97,2353.17,No,0.1597,No
CUST-12125,Male,0,No,Yes,22,Yes,No,DSL,No,No,No,Yes,Yes,No,Month-to-month,No,Bank transfer (automatic),58.74,1264.55,No,0.3981,No
CUST-14123,Male,0,No,No,57,No,No phone service,Fiber optic,No,No,No,Yes,No,No,Two year,No,Credit card (automatic),86.4,5163.0,No,0.0705,No
CUST-10525,Male,0,No,Yes,68,Yes,No,Fiber optic,No,Yes,No,No,Yes,Yes,Two year,Yes,Credit card (automatic),84.22,5882.26,No,0.1283,No
CUST-10055,Male,0,No,No,64,Yes,No,Fiber optic,No,No,No,Yes,Yes,No,Month-to-month,Yes,Mailed check,91.52,5532.6,No,0.4231,No
CUST-10638,Female,0,No,Yes,57,Yes,Yes,Fiber optic,No,No,No,No,No,No,One year,Yes,Electronic check,76.45,4539.62,No,0.3347,No
CUST-10302,Male,0,Yes,Yes,55,Yes,Yes,Fiber optic,Yes,No,No,No,No,Yes,Two year,Yes,Mailed check,89.46,4983.77,No,0.1128,No
CUST-12766,Male,0,Yes,No,65,Yes,No,DSL,Yes,No,No,No,Yes,Yes,Month-to-month,Yes,Bank transfer (automatic),68.73,4391.68,No,0.1445,No
CUST-11276,Female,0,Yes,No,47,Yes,Yes,Fiber optic,Yes,Yes,No,No,Yes,Yes,One year,No,Mailed check,91.75,3980.83,No,0.1617,No
CUST-12055,Male,0,Yes,No,21,Yes,Yes,DSL,Yes,No,No,No,Yes,No,Two year,Yes,Mailed check,64.6,1363.35,Yes,0.2033,No
CUST-13644,Female,0,Yes,No,35,Yes,No,Fiber optic,Yes,Yes,Yes,No,No,Yes,One year,Yes,Credit card (automatic),115.65,4055.58,No,0.3618,No
CUST-14143,Male,0,No,No,55,Yes,No,DSL,No,Yes,Yes,No,No,Yes,Two year,Yes,Mailed check,75.59,4340.37,No,0.1291,No
CUST-12878,Female,0,No,No,40,No,No phone service,DSL,Yes,Yes,No,No,Yes,No,One year,Yes,Electronic check,76.42,2950.57,No,0.1907,No
CUST-14202,Male,1,Yes,Yes,51,Yes,Yes,DSL,No,No,No,No,Yes,Yes,Month-to-month,Yes,Credit card (automatic),70.06,3531.2,No,0.4228,No
CUST-12286,Female,0,Yes,No,50,Yes,Yes,Fiber optic,No,Yes,No,No,No,No,Month-to-month,Yes,Electronic check,76.38,3587.78,Yes,0.7457,Yes
CUST-12261,Female,0,Yes,No,16,No,No phone service,DSL,No,Yes,No,Yes,Yes,No,One year,Yes,Mailed check,48.82,811.77,No,0.2325,No
CUST-12296,Male,0,Yes,No,25,Yes,Yes,Fiber optic,No,No,No,No,Yes,No,Month-to-month,Yes,Bank transfer (automatic),93.2,2161.31,Yes,0.8554,Yes
CUST-11753,Male,0,No,Yes,49,Yes,No,No,No internet service,No internet service,No internet service,No internet service,No internet service,No internet service,Month-to-month,No,Bank transfer (automatic),22.49,1114.25,No,0.2334,No
CUST-11968,Female,1,No,No,71,Yes,No,No,No internet service,No internet service,No internet service,No internet service,No internet service,No internet service,Month-to-month,No,Mailed check,34.33,2383.98,Yes,0.2389,No
CUST-14365,Female,0,No,No,41,Yes,No,DSL,No,Yes,No,No,No,No,Month-to-month,Yes,Mailed check,50.46,2083.65,Yes,0.5824,Yes
CUST-13117,Female,0,No,Yes,24,Yes,No,DSL,Yes,Yes,No,Yes,Yes,Yes,Month-to-month,No,Credit card (automatic),74.68,1803.48,No,0.258,No
CUST-12393,Male,0,No,No,20,Yes,No,Fiber optic,Yes,No,Yes,No,No,Yes,Month-to-month,No,Mailed check,92.31,1715.42,No,0.8317,Yes
CUST-10523,Female,0,Yes,Yes,37,Yes,Yes,DSL,No,Yes,No,No,Yes,Yes,Month-to-month,No,Bank transfer (automatic),70.37,2485.72,No,0.3285,No
CUST-13900,Female,0,No,No,8,Yes,Yes,No,No internet service,No internet service,No internet service,No internet service,No internet service,No internet service,Two year,No,Electronic check,33.78,267.97,No,0.3936,No
CUST-13122,Male,0,No,No,1,Yes,Yes,Fiber optic,No,No,No,No,Yes,No,One year,Yes,Electronic check,95.16,97.11,Yes,0.9193,Yes
CUST-14156,Female,0,Yes,No,10,Yes,Yes,DSL,No,No,Yes,No,Yes,Yes,Month-to-month,Yes,Credit card (automatic),64.66,634.66,Yes,0.8333,Yes
CUST-11969,Male,0,Yes,No,58,Yes,Yes,DSL,No,Yes,No,No,No,Yes,Two year,Yes,Bank transfer (automatic),69.69,4172.76,No,0.0605,No
CUST-10671,Female,0,No,Yes,60,Yes,No,Fiber optic,Yes,Yes,Yes,No,Yes,No,Month-to-month,Yes,Bank transfer (automatic),106.17,6514.98,No,0.4353,No
CUST-14188,Male,0,No,No,67,No,No phone service,Fiber optic,No,Yes,No,Yes,No,Yes,One year,Yes,Mailed check,117.32,7580.54,No,0.0848,No
CUST-10666,Female,0,No,Yes,64,No,No phone service,Fiber optic,Yes,No,Yes,No,No,No,Month-to-month,Yes,Bank transfer (automatic),88.23,5268.37,No,0.3718,No
CUST-14352,Female,0,Yes,Yes,50,Yes,No,Fiber optic,No,Yes,No,Yes,No,No,Month-to-month,Yes,Bank transfer (automatic),80.06,3901.49,No,0.4091,No
CUST-11887,Male,0,No,No,41,Yes,Yes,DSL,Yes,No,No,No,Yes,No,One year,No,Bank transfer (automatic),62.8,2485.71,No,0.0867,No
CUST-13266,Female,0,Yes,Yes,29,Yes,No,No,No internet service,No internet service,No internet service,No internet service,No internet service,No internet service,Month-to-month,Yes,Bank transfer (automatic),22.48,632.13,Yes,0.4659,No
CUST-10280,Male,0,No,Yes,49,Yes,No,DSL,No,Yes,No,No,No,Yes,Month-to-month,Yes,Mailed check,58.75,2986.13,No,0.4154,No
CUST-11719,Female,0,Yes,Yes,8,Yes,No,No,No internet service,No internet service,No internet service,No internet service,No internet service,No internet service,Month-to-month,No,Bank transfer (automatic),36.9,279.52,Yes,0.5439,Yes
CUST-12947,Male,0,Yes,No,7,Yes,Yes,No,No internet service,No internet service,No internet service,No internet service,No internet service,No internet service,Two year,Yes,Mailed check,37.25,240.8,No,0.3666,No
CUST-10899,Female,0,No,Yes,64,Yes,No,Fiber optic,Yes,Yes,No,No,No,No,Two year,Yes,Bank transfer (automatic),107.04,6505.84,No,0.0708,No
CUST-14865,Female,0,No,Yes,6,Yes,Yes,DSL,No,No,Yes,Yes,No,No,One year,No,Mailed check,59.63,345.54,No,0.3202,No
CUST-10760,Male,0,Yes,No,43,Yes,Yes,DSL,No,No,No,No,No,Yes,Two year,Yes,Credit card (automatic),53.79,2218.23,No,0.1305,No
CUST-11906,Male,1,No,No,48,Yes,No,No,No internet service,No internet service,No internet service,No internet service,No internet service,No internet service,Month-to-month,Yes,Electronic check,32.87,1537.12,Yes,0.702,Yes
CUST-14042,Female,1,Yes,No,39,Yes,No,Fiber optic,No,No,No,No,Yes,Yes,Two year,No,Electronic check,98.84,3610.0,No,0.4944,No
CUST-13823,Male,0,No,No,9,Yes,No,No,No internet service,No internet service,No internet service,No internet service,No internet service,No internet service,Month-to-month,No,Credit card (automatic),42.29,375.99,Yes,0.6691,Yes
CUST-14138,Female,0,No,Yes,43,Yes,Yes,Fiber optic,No,No,No,No,Yes,No,Month-to-month,Yes,Credit card (automatic),85.41,3524.08,Yes,0.734,Yes
CUST-13818,Female,0,No,No,44,Yes,No,Fiber optic,No,No,No,Yes,No,No,Two year,No,Bank transfer (automatic),94.87,3996.78,No,0.1417,No
CUST-14300,Male,0,No,No,1,Yes,Yes,DSL,No,Yes,No,No,No,No,Month-to-month,No,Mailed check,56.05,57.97,Yes,0.831,Yes
CUST-12593,Male,0,No,No,13,Yes,No,Fiber optic,No,Yes,No,No,Yes,No,Month-to-month,Yes,Credit card (automatic),85.14,1152.73,Yes,0.9334,Yes
CUST-14164,Female,0,No,No,65,Yes,No,DSL,No,No,No,Yes,No,No,Month-to-month,No,Electronic check,62.93,4122.26,No,0.1658,No
CUST-13031,Male,1,Yes,No,36,Yes,Yes,No,No internet service,No internet service,No internet service,No internet service,No internet service,No internet service,Month-to-month,Yes,Electronic check,39.65,1422.69,Yes,0.731,Yes
CUST-13579,Male,1,No,Yes,9,Yes,Yes,Fiber optic,No,No,Yes,No,No,No,Month-to-month,Yes,Mailed check,90.91,821.6,Yes,0.9766,Yes
CUST-12832,Male,0,No,Yes,16,Yes,No,Fiber optic,Yes,No,Yes,No,Yes,No,One year,Yes,Electronic check,97.87,1519.36,No,0.7436,Yes
CUST-13472,Female,0,No,No,47,No,No phone service,No,No internet service,No internet service,No internet service,No internet service,No internet service,No internet service,One year,No,Mailed check,35.7,1570.77,No,0.0854,No
CUST-10137,Male,0,No,No,9,Yes,No,DSL,No,Yes,No,No,No,Yes,One year,No,Credit card (automatic),59.28,547.65,No,0.3957,No
CUST-12180,Female,1,No,No,29,No,No phone service,DSL,Yes,No,No,No,No,No,Month-to-month,Yes,Credit card (automatic),63.46,1894.89,Yes,0.6298,Yes
CUST-12128,Male,0,No,No,11,Yes,Yes,Fiber optic,Yes,No,No,No,No,Yes,Month-to-month,Yes,Electronic check,94.4,1031.57,Yes,0.9474,Yes
CUST-13177,Male,0,No,Yes,21,Yes,Yes,No,No internet service,No internet service,No internet service,No internet service,No internet service,No internet service,Month-to-month,Yes,Credit card (automatic),27.21,599.03,Yes,0.6067,Yes
CUST-14381,Male,0,No,Yes,46,Yes,Yes,Fiber optic,No,No,No,No,Yes,No,Month-to-month,Yes,Electronic check,96.44,4199.87,Yes,0.8102,Yes
CUST-14261,Male,0,Yes,No,53,Yes,No,DSL,Yes,Yes,No,Yes,No,Yes,One year,Yes,Mailed check,89.45,4906.7,No,0.0316,No
CUST-14344,Male,0,Yes,No,34,Yes,Yes,DSL,No,Yes,No,Yes,No,Yes,Month-to-month,Yes,Mailed check,66.07,2350.33,Yes,0.4386,No
CUST-11331,Female,0,No,Yes,1,Yes,Yes,No,No internet service,No internet service,No internet service,No internet service,No internet service,No internet service,One year,Yes,Electronic check,33.92,35.07,No,0.5895,Yes
CUST-12017,Female,0,Yes,Yes,29,Yes,No,DSL,No,No,No,No,Yes,Yes,Month-to-month,Yes,Electronic check,75.98,2235.3,No,0.6748,Yes
CUST-12482,Male,0,No,No,40,Yes,Yes,DSL,No,No,No,No,Yes,No,Two year,No,Mailed check,67.34,2513.78,No,0.1329,No
CUST-11358,Male,0,Yes,No,2,Yes,No,Fiber optic,Yes,No,Yes,No,No,Yes,One year,No,Credit card (automatic),101.25,203.58,No,0.6669,Yes
CUST-11329,Male,0,No,Yes,20,Yes,No,DSL,Yes,No,Yes,No,Yes,No,Month-to-month,No,Mailed check,62.95,1231.24,No,0.5549,Yes
CUST-12150,Male,1,No,No,47,Yes,Yes,Fiber optic,No,No,No,No,No,Yes,One year,Yes,Electronic check,91.12,4047.56,No,0.662,Yes
CUST-12122,Female,0,No,No,52,Yes,No,Fiber optic,Yes,Yes,No,No,No,Yes,Month-to-month,No,Bank transfer (automatic),99.36,5206.84,Yes,0.38,No
CUST-13981,Male,0,No,No,32,Yes,Yes,DSL,No,Yes,No,Yes,No,No,Two year,No,Electronic check,57.78,1705.15,No,0.148,No
CUST-11252,Male,0,No,No,39,Yes,Yes,Fiber optic,No,No,No,No,Yes,Yes,Month-to-month,No,Bank transfer (automatic),84.59,3145.05,No,0.7236,Yes
CUST-13278,Female,0,No,No,60,Yes,Yes,Fiber optic,No,No,Yes,No,No,Yes,Month-to-month,Yes,Electronic check,89.54,5316.81,No,0.7584,Yes
CUST-13374,Female,0,No,No,66,Yes,No,Fiber optic,No,No,Yes,No,No,No,Two year,Yes,Electronic check,108.05,7135.85,No,0.2572,No
CUST-12814,Male,0,No,No,61,No,No phone service,DSL,No,No,No,No,No,No,Month-to-month,No,Bank transfer (automatic),45.5,2832.89,No,0.202,No
CUST-11848,Female,0,No,No,6,Yes,Yes,DSL,Yes,No,No,No,Yes,No,Two year,Yes,Mailed check,64.38,372.67,No,0.4138,No
CUST-13037,Male,0,No,Yes,13,Yes,No,DSL,No,No,Yes,No,Yes,Yes,Two year,Yes,Bank transfer (automatic),61.04,757.98,No,0.4202,No
CUST-10388,Female,0,No,No,56,Yes,Yes,DSL,Yes,No,No,Yes,No,Yes,Month-to-month,Yes,Credit card (automatic),77.24,3986.26,No,0.1306,No
CUST-10235,Female,0,Yes,No,17,Yes,No,Fiber optic,No,No,No,No,No,No,Month-to-month,Yes,Electronic check,75.08,1311.65,Yes,0.9329,Yes
CUST-11077,Male,0,Yes,No,63,Yes,Yes,Fiber optic,No,Yes,No,No,No,No,Month-to-month,No,Credit card (automatic),78.47,5027.49,No,0.3583,No
CUST-11984,Female,1,No,No,21,Yes,No,No,No internet service,No internet service,No internet service,No internet service,No internet service,No internet service,Month-to-month,No,Mailed check,39.32,821.8,No,0.6875,Yes
CUST-14363,Female,0,No,Yes,64,Yes,No,Fiber optic,Yes,Yes,No,No,No,No,Two year,Yes,Electronic check,99.59,6589.31,No,0.1275,No
CUST-13962,Female,0,No,Yes,68,Yes,Yes,Fiber optic,Yes,No,No,No,No,No,Month-to-month,No,Electronic check,90.52,5951.74,Yes,0.3027,No
CUST-10770,Female,1,No,No,18,Yes,No,Fiber optic,No,No,Yes,No,Yes,Yes,Two year,Yes,Electronic check,96.92,1747.15,Yes,0.8893,Yes
CUST-12165,Female,0,No,No,16,Yes,Yes,Fiber optic,No,Yes,Yes,No,No,Yes,Month-to-month,Yes,Electronic check,94.2,1437.54,Yes,0.9625,Yes
CUST-10673,Male,1,No,No,1,Yes,Yes,Fiber optic,No,No,Yes,No,Yes,No,Month-to-month,Yes,Credit card (automatic),102.2,106.58,Yes,0.9865,Yes
CUST-10249,Male,0,No,No,70,Yes,No,No,No internet service,No internet service,No internet service,No internet service,No internet service,No internet service,Month-to-month,Yes,Credit card (automatic),28.24,1947.24,No,0.225,No
CUST-11574,Male,0,No,No,25,Yes,No,No,No internet service,No internet service,No internet service,No internet service,No internet service,No internet service,Two year,No,Credit card (automatic),26.01,608.41,No,0.1512,No
CUST-13419,Male,0,Yes,No,70,Yes,No,No,No internet service,No internet service,No internet service,No internet service,No internet service,No internet service,One year,Yes,Mailed check,31.22,2025.24,No,0.052,No
CUST-12081,Male,0,Yes,No,52,Yes,Yes,Fiber optic,No,No,No,No,No,Yes,Month-to-month,Yes,Bank transfer (automatic),96.33,5052.5,No,0.5841,Yes
CUST-11823,Female,0,No,No,45,Yes,No,DSL,No,No,No,No,No,Yes,Month-to-month,Yes,Electronic check,54.34,2280.43,No,0.6383,Yes
CUST-10716,Female,0,No,No,30,Yes,No,No,No internet service,No internet service,No internet service,No internet service,No internet service,No internet service,One year,Yes,Credit card (automatic),40.82,1177.78,No,0.2224,No
CUST-14683,Male,0,No,Yes,72,Yes,No,Fiber optic,Yes,Yes,No,No,Yes,No,Month-to-month,No,Credit card (automatic),100.83,7185.23,No,0.1681,No
CUST-12048,Female,0,No,Yes,15,Yes,No,DSL,No,Yes,No,No,Yes,No,Two year,Yes,Credit card (automatic),60.83,916.26,No,0.321,No
CUST-14178,Male,0,No,No,42,No,No phone service,DSL,No,No,No,No,Yes,No,Month-to-month,No,Bank transfer (automatic),61.98,2592.63,Yes,0.3784,No
CUST-12724,Female,0,No,No,17,No,No phone service,Fiber optic,Yes,No,No,Yes,No,No,Two year,No,Electronic check,89.85,1419.22,Yes,0.3349,No
CUST-14535,Female,0,No,No,23,Yes,Yes,DSL,Yes,No,No,No,Yes,Yes,One year,No,Bank transfer (automatic),72.81,1685.7,No,0.1557,No
CUST-11460,Female,0,Yes,No,56,Yes,No,DSL,Yes,Yes,No,No,Yes,No,Month-to-month,No,Credit card (automatic),68.94,3619.61,No,0.1194,No
CUST-11668,Female,0,Yes,No,31,Yes,Yes,Fiber optic,Yes,Yes,No,Yes,No,No,Month-to-month,No,Electronic check,96.8,3116.57,Yes,0.5928,Yes
CUST-12756,Female,0,No,No,1,Yes,Yes,No,No internet service,No internet service,No internet service,No internet service,No internet service,No internet service,One year,Yes,Mailed check,38.31,35.84,Yes,0.5332,Yes
CUST-12000,Female,0,No,Yes,22,Yes,Yes,No,No internet service,No internet service,No internet service,No internet service,No internet service,No internet service,One year,No,Mailed check,29.72,634.16,No,0.1744,No
CUST-10404,Male,0,No,Yes,24,Yes,No,Fiber optic,Yes,Yes,No,Yes,Yes,No,Month-to-month,Yes,Bank transfer (automatic),95.59,2324.67,No,0.6809,Yes
CUST-10384,Male,0,Yes,No,9,Yes,Yes,Fiber optic,No,No,No,Yes,Yes,No,Month-to-month,Yes,Credit card (automatic),90.37,803.64,Yes,0.8868,Yes
CUST-14506,Male,0,Yes,No,12,Yes,No,No,No internet service,No internet service,No internet service,No internet service,No internet service,No internet service,Month-to-month,No,Mailed check,29.12,324.74,Yes,0.613,Yes
CUST-12152,Female,0,Yes,No,21,Yes,No,No,No internet service,No internet service,No internet service,No internet service,No internet service,No internet service,Month-to-month,Yes,Electronic check,51.66,1063.1,Yes,0.7002,Yes
CUST-11633,Female,0,No,No,1,Yes,Yes,Fiber optic,No,No,No,Yes,Yes,Yes,Month-to-month,Yes,Electronic check,99.61,103.43,Yes,0.9661,Yes
CUST-14600,Female,0,Yes,Yes,18,Yes,Yes,DSL,No,No,Yes,No,No,Yes,Two year,No,Credit card (automatic),83.52,1399.63,No,0.1808,No
CUST-13925,Female,0,No,Yes,33,Yes,Yes,DSL,Yes,No,Yes,No,Yes,Yes,One year,No,Electronic check,84.13,2650.45,No,0.1873,No
CUST-14158,Male,0,Yes,No,56,Yes,No,DSL,No,Yes,No,No,Yes,Yes,One year,No,Credit card (automatic),51.78,2756.5,No,0.0568,No
CUST-10223,Male,0,Yes,No,39,Yes,Yes,DSL,No,Yes,No,No,No,No,Two year,No,Electronic check,55.39,2098.12,No,0.1557,No
CUST-12193,Male,1,Yes,Yes,13,Yes,No,DSL,Yes,No,No,No,Yes,Yes,Two year,Yes,Electronic check,65.6,856.53,No,0.4402,No
CUST-13136,Female,0,No,No,60,Yes,Yes,Fiber optic,Yes,No,No,Yes,Yes,No,One year,No,Bank transfer (automatic),105.36,5830.85,No,0.0471,No
CUST-11824,Female,0,Yes,No,45,Yes,Yes,No,No internet service,No internet service,No internet service,No internet service,No internet service,No internet service,Month-to-month,Yes,Mailed check,36.17,1690.22,No,0.4086,No
CUST-14615,Male,1,Yes,No,49,Yes,Yes,No,No internet service,No internet service,No internet service,No internet service,No internet service,No internet service,Month-to-month,Yes,Mailed check,58.22,2866.73,Yes,0.4548,No
CUST-10797,Male,0,Yes,Yes,56,Yes,Yes,Fiber optic,Yes,No,Yes,No,No,Yes,One year,No,Electronic check,92.52,5296.39,No,0.1511,No
CUST-12871,Female,1,Yes,Yes,49,Yes,Yes,DSL,No,Yes,No,Yes,Yes,No,One year,No,Credit card (automatic),90.73,4325.53,No,0.0442,No
CUST-10009,Male,0,No,No,24,Yes,No,DSL,Yes,No,No,Yes,No,Yes,Month-to-month,No,Credit card (automatic),67.85,1649.67,No,0.2996,No
CUST-11944,Male,0,No,No,20,Yes,No,DSL,No,Yes,Yes,No,Yes,Yes,One year,Yes,Mailed check,88.2,1754.71,Yes,0.4938,No
CUST-11838,Male,0,No,No,11,Yes,No,DSL,No,Yes,No,Yes,No,Yes,One year,No,Credit card (automatic),77.2,875.86,No,0.2489,No
CUST-10255,Male,0,No,No,65,Yes,Yes,DSL,No,No,No,Yes,No,No,Month-to-month,No,Mailed check,54.77,3579.4,Yes,0.1293,No
CUST-14522,Female,0,Yes,Yes,55,Yes,No,No,No internet service,No internet service,No internet service,No internet service,No internet service,No internet service,Month-to-month,Yes,Bank transfer (automatic),38.85,2149.49,Yes,0.2111,No
CUST-11581,Male,0,Yes,Yes,35,Yes,No,Fiber optic,No,Yes,Yes,No,No,Yes,Two year,Yes,Credit card (automatic),109.39,3729.71,Yes,0.3941,No
CUST-12956,Male,0,No,No,56,Yes,Yes,No,No internet service,No internet service,No internet service,No internet service,No internet service,No internet service,One year,Yes,Electronic check,31.15,1740.83,No,0.1588,No
CUST-10924,Male,0,Yes,No,26,Yes,Yes,Fiber optic,Yes,Yes,No,Yes,No,No,Month-to-month,Yes,Bank transfer (automatic),97.09,2391.09,Yes,0.6349,Yes
CUST-14443,Male,0,Yes,No,58,Yes,No,DSL,Yes,No,Yes,Yes,No,Yes,One year,Yes,Electronic check,83.96,4627.8,No,0.0518,No
CUST-12508,Male,0,Yes,No,67,Yes,Yes,Fiber optic,No,No,No,No,Yes,No,Month-to-month,Yes,Credit card (automatic),95.17,6256.35,No,0.4204,No
CUST-13775,Male,0,Yes,Yes,33,Yes,No,Fiber optic,No,Yes,No,No,Yes,Yes,Two year,Yes,Electronic check,103.05,3451.09,Yes,0.5174,Yes
CUST-14136,Female,0,No,No,1,Yes,Yes,DSL,No,Yes,No,No,No,No,One year,No,Electronic check,54.56,54.8,Yes,0.6049,Yes
CUST-12779,Male,0,No,No,57,Yes,No,Fiber optic,No,No,No,No,No,No,Month-to-month,Yes,Mailed check,76.5,4453.78,No,0.6613,Yes
CUST-10539,Male,0,No,No,40,Yes,No,Fiber optic,No,No,No,No,No,No,One year,No,Mailed check,78.95,3013.69,No,0.3738,No
CUST-12745,Male,0,No,No,52,Yes,No,DSL,Yes,No,No,No,No,No,Month-to-month,Yes,Bank transfer (automatic),75.88,3767.22,Yes,0.2539,No
CUST-14512,Male,0,No,No,19,Yes,No,DSL,Yes,No,No,No,No,No,Month-to-month,Yes,Electronic check,64.29,1177.07,No,0.7423,Yes
CUST-14585,Female,0,No,No,68,No,No phone service,Fiber optic,No,No,Yes,No,No,No,Two year,Yes,Mailed check,73.57,4982.55,No,0.198,No
CUST-11145,Male,0,Yes,No,26,Yes,Yes,DSL,No,Yes,No,No,No,No,Two year,Yes,Mailed check,67.81,1683.19,No,0.2511,No
CUST-10667,Female,0,No,No,10,No,No phone service,Fiber optic,No,Yes,Yes,Yes,No,Yes,Two year,Yes,Credit card (automatic),94.47,917.25,Yes,0.652,Yes
CUST-13019,Female,0,No,No,49,Yes,No,Fiber optic,Yes,No,Yes,Yes,No,No,Month-to-month,Yes,Credit card (automatic),99.54,4884.13,No,0.4614,No
CUST-10357,Female,0,Yes,Yes,46,No,No phone service,Fiber optic,No,Yes,Yes,Yes,Yes,No,One year,Yes,Electronic check,98.03,4616.99,No,0.3045,No
CUST-12831,Female,0,No,No,9,Yes,No,DSL,No,Yes,No,No,No,No,Month-to-month,Yes,Mailed check,39.44,347.9,Yes,0.8466,Yes
CUST-12783,Female,0,No,No,44,Yes,No,DSL,No,Yes,No,Yes,Yes,No,Two year,No,Electronic check,62.63,2724.37,No,0.0966,No
CUST-11353,Female,0,No,No,2,Yes,No,No,No internet service,No internet service,No internet service,No internet service,No internet service,No internet service,Month-to-month,Yes,Credit card (automatic),27.1,53.5,Yes,0.8085,Yes
CUST-10470,Female,0,No,Yes,34,Yes,No,DSL,No,No,Yes,No,No,Yes,Month-to-month,Yes,Bank transfer (automatic),75.21,2573.47,No,0.6105,Yes
CUST-12703,Female,0,No,No,33,Yes,Yes,DSL,No,No,Yes,Yes,No,No,One year,No,Credit card (automatic),72.1,2331.24,No,0.1234,No
CUST-13330,Female,0,No,No,51,Yes,No,Fiber optic,No,No,No,No,Yes,Yes,Month-to-month,Yes,Mailed check,94.16,4604.75,No,0.7006,Yes
CUST-13637,Male,0,No,Yes,44,Yes,Yes,No,No internet service,No internet service,No internet service,No internet service,No internet service,No internet service,Two year,No,Electronic check,58.76,2600.99,No,0.1007,No
CUST-11396,Female,0,Yes,No,70,Yes,No,Fiber optic,Yes,No,No,Yes,No,No,Month-to-month,No,Credit card (automatic),91.84,6114.39,No,0.0987,No
CUST-13584,Female,0,Yes,No,30,Yes,Yes,Fiber optic,No,No,No,No,No,No,Month-to-month,No,Mailed check,83.71,2523.37,Yes,0.7563,Yes
CUST-14500,Female,0,No,No,33,Yes,No,DSL,No,Yes,Yes,Yes,No,No,Month-to-month,Yes,Electronic check,86.11,2688.95,No,0.6504,Yes
CUST-13376,Female,0,Yes,No,55,Yes,No,Fiber optic,Yes,No,No,Yes,No,Yes,Month-to-month,Yes,Credit card (automatic),82.45,4448.22,No,0.2896,No
CUST-11256,Male,0,Yes,No,58,Yes,Yes,No,No internet service,No internet service,No internet service,No internet service,No internet service,No internet service,Month-to-month,No,Mailed check,35.42,1930.52,No,0.1827,No
CUST-13512,Male,0,No,No,36,Yes,Yes,DSL,No,No,No,Yes,Yes,Yes,Month-to-month,No,Bank transfer (automatic),76.07,2792.14,No,0.3249,No
CUST-11250,Male,0,No,No,50,Yes,Yes,DSL,No,Yes,No,No,No,No,Month-to-month,Yes,Electronic check,62.69,3148.56,Yes,0.5562,Yes
CUST-14822,Female,0,Yes,No,71,Yes,No,Fiber optic,No,No,No,No,No,No,Two year,Yes,Mailed check,75.3,5269.08,No,0.1188,No
CUST-14298,Male,0,Yes,No,70,Yes,No,Fiber optic,Yes,Yes,No,No,No,No,One year,No,Credit card (automatic),93.36,6093.85,No,0.0438,No
CUST-13284,Male,0,No,No,22,Yes,Yes,Fiber optic,No,No,No,No,Yes,Yes,Month-to-month,Yes,Mailed check,87.43,1882.26,Yes,0.9148,Yes
CUST-12933,Male,0,No,No,55,Yes,No,Fiber optic,Yes,Yes,No,Yes,No,No,One year,Yes,Mailed check,96.34,5418.82,No,0.1176,No
CUST-14175,Male,0,Yes,No,17,Yes,Yes,Fiber optic,No,Yes,No,No,Yes,Yes,Month-to-month,Yes,Bank transfer (automatic),100.88,1731.19,Yes,0.8978,Yes
CUST-11852,Male,0,Yes,No,52,Yes,Yes,Fiber optic,No,Yes,No,No,No,No,Two year,Yes,Mailed check,85.19,4535.12,No,0.2385,No
CUST-14884,Male,0,No,Yes,71,Yes,Yes,No,No internet service,No internet service,No internet service,No internet service,No internet service,No internet service,Month-to-month,No,Mailed check,34.84,2496.8,No,0.1286,No
CUST-12105,Male,0,No,No,11,Yes,No,Fiber optic,Yes,No,No,No,Yes,No,Month-to-month,No,Mailed check,83.13,915.54,No,0.8786,Yes
CUST-10133,Female,0,No,No,18,Yes,Yes,No,No internet service,No internet service,No internet service,No internet service,No internet service,No internet service,Month-to-month,Yes,Mailed check,29.59,494.26,No,0.703,Yes
CUST-10928,Male,1,No,Yes,68,Yes,Yes,Fiber optic,No,No,No,No,No,Yes,One year,No,Bank transfer (automatic),80.42,5653.55,Yes,0.1566,No
CUST-10823,Female,0,No,No,53,Yes,No,Fiber optic,No,Yes,Yes,No,Yes,No,Two year,No,Electronic check,101.35,5596.22,Yes,0.3061,No
CUST-14557,Female,0,No,No,7,Yes,Yes,DSL,No,No,Yes,Yes,No,No,Two year,Yes,Electronic check,60.72,394.9,No,0.5391,Yes
CUST-11531,Male,0,No,No,52,Yes,Yes,Fiber optic,Yes,Yes,No,No,Yes,Yes,One year,Yes,Mailed check,98.73,4802.04,No,0.2314,No
CUST-11214,Male,1,Yes,No,43,Yes,No,No,No internet service,No internet service,No internet service,No internet service,No internet service,No internet service,Month-to-month,Yes,Credit card (automatic),50.28,2010.88,No,0.5151,Yes
CUST-10504,Male,0,No,No,33,Yes,No,No,No internet service,No internet service,No internet service,No internet service,No internet service,No internet service,Two year,Yes,Mailed check,45.54,1476.33,No,0.2025,No
CUST-14285,Female,0,Yes,No,17,Yes,No,Fiber optic,Yes,Yes,Yes,No,No,No,Month-to-month,No,Electronic check,79.65,1316.17,No,0.8654,Yes
CUST-11996,Female,0,Yes,No,41,Yes,No,DSL,Yes,Yes,No,No,No,No,Month-to-month,No,Credit card (automatic),78.14,3319.35,No,0.2142,No
CUST-13072,Male,0,Yes,Yes,45,Yes,Yes,DSL,No,No,No,No,Yes,Yes,Month-to-month,No,Mailed check,65.7,2791.95,No,0.3026,No
CUST-11958,Female,0,No,No,16,Yes,No,DSL,Yes,Yes,Yes,Yes,No,No,Month-to-month,Yes,Credit card (automatic),86.89,1430.59,No,0.569,Yes
CUST-11384,Male,1,No,No,37,Yes,Yes,DSL,No,No,No,Yes,No,No,Month-to-month,Yes,Credit card (automatic),64.35,2198.59,No,0.565,Yes
CUST-10894,Female,0,Yes,Yes,3,Yes,No,Fiber optic,Yes,Yes,Yes,Yes,Yes,Yes,One year,Yes,Bank transfer (automatic),104.18,304.61,No,0.59,Yes
CUST-10455,Female,0,No,No,70,Yes,No,Fiber optic,Yes,No,No,No,Yes,Yes,Month-to-month,Yes,Credit card (automatic),98.02,6788.91,Yes,0.3195,No
CUST-14651,Female,0,No,Yes,42,Yes,No,Fiber optic,No,Yes,No,No,Yes,Yes,One year,No,Electronic check,103.53,4305.19,No,0.3859,No
CUST-13709,Female,1,Yes,Yes,72,Yes,Yes,DSL,No,Yes,No,No,No,Yes,Two year,No,Mailed check,73.52,5507.57,No,0.0308,No
CUST-14633,Male,0,No,Yes,20,Yes,Yes,DSL,No,Yes,No,No,Yes,No,Two year,No,Bank transfer (automatic),76.68,1451.67,No,0.1855,No
CUST-14268,Male,0,Yes,No,28,Yes,No,Fiber optic,No,No,No,Yes,Yes,Yes,Month-to-month,Yes,Mailed check,85.36,2466.99,Yes,0.7833,Yes
CUST-13522,Female,0,No,No,63,Yes,No,Fiber optic,No,Yes,Yes,Yes,Yes,No,Month-to-month,Yes,Credit card (automatic),93.07,6071.74,No,0.4571,No
CUST-14134,Female,0,No,No,33,Yes,No,Fiber optic,Yes,Yes,Yes,Yes,Yes,Yes,Month-to-month,No,Mailed check,115.95,3922.65,Yes,0.6122,Yes
CUST-13602,Male,1,No,No,42,Yes,No,DSL,No,No,No,Yes,No,Yes,Month-to-month,Yes,Credit card (automatic),71.87,3163.75,No,0.5145,Yes
CUST-10713,Female,0,No,No,53,Yes,Yes,DSL,No,No,No,No,No,No,Two year,No,Credit card (automatic),60.3,3195.51,No,0.0573,No
CUST-14186,Male,1,Yes,No,38,No,No phone service,No,No internet service,No internet service,No internet service,No internet service,No internet service,No internet service,Two year,Yes,Bank transfer (automatic),31.95,1172.04,No,0.1808,No
CUST-12214,Male,0,Yes,No,39,Yes,Yes,Fiber optic,Yes,No,No,No,No,Yes,Two year,No,Mailed check,96.18,3783.29,No,0.1808,No
CUST-12923,Female,0,Yes,Yes,11,Yes,No,DSL,Yes,Yes,Yes,Yes,No,No,Month-to-month,Yes,Electronic check,80.97,870.8,Yes,0.6723,Yes
CUST-11810,Male,0,Yes,Yes,39,Yes,Yes,No,No internet service,No internet service,No internet service,No internet service,No internet service,No internet service,Two year,No,Mailed check,36.01,1464.93,No,0.0701,No
CUST-13486,Male,0,Yes,No,42,Yes,Yes,Fiber optic,No,No,No,No,Yes,Yes,Month-to-month,Yes,Mailed check,84.87,3564.54,Yes,0.7774,Yes
CUST-13141,Male,0,No,No,36,Yes,Yes,DSL,No,Yes,No,No,No,No,Month-to-month,No,Mailed check,58.99,1983.23,Yes,0.5003,Yes
CUST-11827,Female,0,Yes,Yes,1,Yes,No,No,No internet service,No internet service,No internet service,No internet service,No internet service,No internet service,One year,No,Electronic check,37.51,36.71,Yes,0.3807,No
CUST-11155,Female,0,Yes,Yes,35,Yes,No,DSL,Yes,Yes,No,Yes,No,No,Month-to-month,Yes,Bank transfer (automatic),69.06,2416.16,No,0.2145,No
CUST-11324,Female,0,No,Yes,35,Yes,Yes,No,No internet service,No internet service,No internet service,No internet service,No internet service,No internet service,One year,No,Electronic check,32.34,1169.85,No,0.1752,No
CUST-14312,Male,0,No,No,62,Yes,No,Fiber optic,No,No,Yes,No,Yes,Yes,Month-to-month,Yes,Bank transfer (automatic),86.74,5514.49,Yes,0.6449,Yes
CUST-10510,Female,0,No,No,24,Yes,Yes,DSL,No,No,Yes,No,No,No,Month-to-month,Yes,Credit card (automatic),69.75,1716.52,No,0.7429,Yes
CUST-11680,Female,0,Yes,No,4,Yes,No,DSL,No,Yes,Yes,No,Yes,Yes,One year,Yes,Mailed check,64.94,248.37,No,0.6209,Yes
CUST-10499,Male,0,No,No,29,Yes,No,DSL,No,No,No,No,No,Yes,Month-to-month,No,Electronic check,57.56,1586.25,Yes,0.6714,Yes
CUST-14550,Male,1,No,No,34,Yes,No,No,No internet service,No internet service,No internet service,No internet service,No internet service,No internet service,Month-to-month,Yes,Mailed check,40.89,1424.04,No,0.7173,Yes
CUST-11856,Male,1,No,Yes,29,No,No phone service,No,No internet service,No internet service,No internet service,No internet service,No internet service,No internet service,Two year,Yes,Bank transfer (automatic),35.49,1018.14,No,0.2454,No
CUST-11388,Female,1,No,No,31,Yes,Yes,Fiber optic,No,No,No,No,Yes,No,Month-to-month,No,Bank transfer (automatic),85.05,2481.87,Yes,0.8617,Yes
CUST-13719,Male,0,No,No,42,Yes,No,No,No internet service,No internet service,No internet service,No internet service,No internet service,No internet service,One year,Yes,Mailed check,40.18,1559.43,No,0.1833,No
CUST-12386,Female,0,No,No,53,Yes,Yes,DSL,Yes,Yes,Yes,No,Yes,No,One year,No,Credit card (automatic),73.26,3818.68,No,0.0568,No
CUST-13236,Male,0,Yes,No,19,Yes,No,Fiber optic,Yes,No,Yes,No,Yes,Yes,Month-to-month,Yes,Bank transfer (automatic),93.74,1665.6,Yes,0.858,Yes
CUST-11540,Male,0,Yes,No,15,Yes,No,No,No internet service,No internet service,No internet service,No internet service,No internet service,No internet service,One year,No,Credit card (automatic),43.59,626.93,No,0.1801,No
CUST-11217,Female,0,Yes,Yes,43,Yes,No,Fiber optic,No,Yes,No,No,Yes,Yes,Month-to-month,No,Credit card (automatic),102.78,4352.08,No,0.5325,Yes
CUST-12681,Male,0,No,No,50,Yes,No,Fiber optic,No,Yes,No,Yes,No,No,Two year,No,Mailed check,59.29,2757.04,No,0.1435,No
CUST-12993,Female,0,Yes,No,34,Yes,No,No,No internet service,No internet service,No internet service,No internet service,No internet service,No internet service,One year,Yes,Mailed check,54.45,1796.98,No,0.172,No
CUST-11191,Male,0,Yes,No,9,Yes,Yes,DSL,Yes,Yes,Yes,Yes,Yes,No,Month-to-month,Yes,Mailed check,85.66,736.63,No,0.6728,Yes
CUST-11542,Male,0,Yes,No,19,Yes,No,Fiber optic,No,No,No,Yes,Yes,Yes,Month-to-month,No,Mailed check,93.04,1742.83,Yes,0.7441,Yes
CUST-13301,Male,0,Yes,No,26,No,No phone service,Fiber optic,No,Yes,No,Yes,Yes,No,One year,Yes,Credit card (automatic),86.35,2088.84,No,0.3727,No
CUST-13324,Male,0,Yes,No,65,Yes,No,DSL,No,Yes,No,No,No,Yes,Month-to-month,Yes,Bank transfer (automatic),70.98,4834.89,No,0.2077,No
CUST-12539,Male,0,No,No,63,No,No phone service,Fiber optic,No,No,Yes,Yes,No,Yes,Two year,No,Mailed check,108.02,6733.21,No,0.0727,No
CUST-10953,Male,0,No,No,43,Yes,Yes,DSL,Yes,No,No,No,Yes,No,One year,Yes,Bank transfer (automatic),82.53,3684.1,No,0.1207,No
CUST-14330,Male,0,Yes,Yes,45,Yes,No,Fiber optic,No,Yes,Yes,No,Yes,No,Month-to-month,No,Credit card (automatic),86.53,3705.4,Yes,0.61,Yes
CUST-10732,Female,0,No,No,46,Yes,Yes,DSL,No,No,No,No,No,No,Month-to-month,No,Credit card (automatic),61.98,2689.72,No,0.3431,No
CUST-11156,Male,0,Yes,No,65,Yes,Yes,No,No internet service,No internet service,No internet service,No internet service,No internet service,No internet service,One year,Yes,Credit card (automatic),24.73,1675.46,No,0.0561,No
CUST-13294,Male,0,Yes,No,43,Yes,Yes,DSL,No,No,No,No,Yes,No,Two year,No,Credit card (automatic),55.03,2422.31,No,0.0852,No
CUST-12982,Female,0,No,No,31,Yes,Yes,DSL,No,Yes,Yes,No,Yes,No,Month-to-month,Yes,Electronic check,67.37,1991.56,No,0.8127,Yes
CUST-12156,Male,1,Yes,No,44,Yes,No,Fiber optic,No,No,Yes,No,No,Yes,Month-to-month,No,Bank transfer (automatic),84.91,3601.4,No,0.7791,Yes
CUST-11062,Male,1,No,No,50,Yes,No,Fiber optic,No,Yes,No,No,Yes,No,One year,Yes,Credit card (automatic),89.68,4289.54,No,0.4633,No
CUST-12616,Female,0,No,Yes,56,Yes,No,DSL,Yes,Yes,No,Yes,Yes,Yes,Two year,No,Bank transfer (automatic),101.0,5379.54,No,0.0112,No
CUST-11167,Male,0,No,No,50,Yes,Yes,Fiber optic,No,No,Yes,No,No,No,One year,No,Credit card (automatic),75.23,3693.16,Yes,0.2833,No
CUST-13222,Female,0,Yes,No,1,Yes,No,DSL,Yes,No,No,No,No,No,Month-to-month,No,Bank transfer (automatic),55.88,53.92,No,0.6261,Yes
CUST-13636,Female,1,No,No,53,Yes,No,DSL,No,Yes,Yes,No,Yes,Yes,Month-to-month,No,Credit card (automatic),83.02,4549.27,No,0.4404,No
CUST-12938,Female,1,No,No,12,Yes,No,Fiber optic,No,Yes,No,No,Yes,No,Month-to-month,Yes,Credit card (automatic),78.94,970.19,Yes,0.967,Yes
CUST-14491,Male,0,Yes,No,46,Yes,No,DSL,No,No,No,No,No,Yes,Two year,No,Electronic check,66.18,2911.35,No,0.1148,No
CUST-13140,Male,0,No,Yes,71,Yes,Yes,No,No internet service,No internet service,No internet service,No internet service,No internet service,No internet service,One year,No,Mailed check,43.44,2874.81,No,0.0288,No
CUST-10143,Male,1,No,Yes,12,Yes,Yes,No,No internet service,No internet service,No internet service,No internet service,No internet service,No internet service,Month-to-month,No,Electronic check,39.48,463.26,Yes,0.8247,Yes
CUST-13577,Female,0,No,No,20,Yes,Yes,Fiber optic,No,No,No,No,Yes,No,One year,Yes,Mailed check,79.63,1585.97,No,0.7108,Yes
CUST-12782,Female,1,Yes,No,48,No,No phone service,No,No internet service,No internet service,No internet service,No internet service,No internet service,No internet service,One year,No,Mailed check,32.58,1463.76,No,0.1097,No
CUST-10717,Male,0,No,No,6,Yes,No,Fiber optic,No,Yes,No,Yes,Yes,No,Month-to-month,Yes,Bank transfer (automatic),98.45,581.37,Yes,0.9238,Yes
CUST-11819,Male,0,Yes,No,45,No,No phone service,DSL,No,Yes,Yes,No,No,No,Month-to-month,No,Mailed check,65.69,3080.97,No,0.3756,No
CUST-12502,Female,0,Yes,No,11,Yes,No,No,No internet service,No internet service,No internet service,No internet service,No internet service,No internet service,Month-to-month,Yes,Credit card (automatic),27.97,306.56,Yes,0.6964,Yes
CUST-14360,Male,0,No,No,36,Yes,No,DSL,Yes,No,No,No,Yes,No,Month-to-month,Yes,Credit card (automatic),89.82,3199.99,No,0.4463,No
CUST-14171,Male,0,No,No,43,Yes,No,DSL,No,Yes,No,Yes,No,No,Month-to-month,No,Credit card (automatic),43.7,1970.6,No,0.2749,No
CUST-10395,Female,0,No,No,58,No,No phone service,Fiber optic,Yes,Yes,No,Yes,Yes,No,One year,No,Bank transfer (automatic),81.37,4682.69,No,0.0543,No
CUST-14851,Female,0,No,No,45,Yes,Yes,Fiber optic,No,Yes,Yes,No,No,No,One year,Yes,Bank transfer (automatic),87.77,3990.87,Yes,0.4719,No
CUST-14492,Female,1,No,No,32,Yes,Yes,Fiber optic,No,No,No,No,No,No,Month-to-month,No,Electronic check,80.19,2432.55,Yes,0.9106,Yes
CUST-11365,Male,0,Yes,Yes,36,Yes,No,Fiber optic,Yes,No,Yes,No,Yes,No,Month-to-month,No,Bank transfer (automatic),100.54,3773.79,Yes,0.5792,Yes
CUST-14572,Male,0,Yes,Yes,62,No,No phone service,No,No internet service,No internet service,No internet service,No internet service,No internet service,No internet service,One year,Yes,Bank transfer (automatic),44.61,2737.26,No,0.0375,No
CUST-10595,Female,0,No,No,26,Yes,Yes,Fiber optic,Yes,Yes,Yes,No,Yes,Yes,Month-to-month,Yes,Mailed check,88.83,2164.24,Yes,0.8782,Yes
CUST-13952,Female,0,Yes,Yes,46,Yes,No,Fiber optic,No,No,No,No,Yes,No,Two year,No,Electronic check,74.93,3391.37,No,0.2641,No
CUST-12914,Male,0,Yes,Yes,11,Yes,No,Fiber optic,Yes,Yes,No,No,No,No,Two year,No,Electronic check,84.65,922.08,Yes,0.5229,Yes
CUST-12326,Male,0,No,No,4,Yes,No,DSL,Yes,No,Yes,No,Yes,Yes,Month-to-month,No,Mailed check,64.51,261.72,No,0.79,Yes
CUST-13766,Female,0,No,No,54,Yes,No,Fiber optic,No,No,Yes,No,No,No,Two year,Yes,Bank transfer (automatic),80.4,4182.5,No,0.2959,No
CUST-13440,Female,0,No,No,48,Yes,Yes,Fiber optic,No,No,Yes,No,No,No,Two year,No,Electronic check,73.7,3650.31,No,0.4176,No
CUST-13851,Male,1,Yes,No,7,Yes,No,Fiber optic,No,No,No,Yes,No,Yes,One year,Yes,Credit card (automatic),98.9,690.89,Yes,0.7621,Yes
CUST-14132,Female,1,Yes,Yes,6,Yes,Yes,DSL,No,No,No,No,Yes,Yes,One year,No,Electronic check,73.72,416.63,No,0.5849,Yes
CUST-14605,Male,0,No,No,45,Yes,No,Fiber optic,Yes,No,No,Yes,Yes,Yes,One year,Yes,Electronic check,97.39,4299.91,No,0.2875,No
CUST-12143,Female,0,Yes,No,44,Yes,No,Fiber optic,No,No,No,No,Yes,Yes,Two year,No,Bank transfer (automatic),92.93,3934.56,No,0.2008,No
CUST-11571,Male,0,Yes,No,33,Yes,No,No,No internet service,No internet service,No internet service,No internet service,No internet service,No internet service,One year,Yes,Mailed check,29.49,906.65,No,0.198,No
CUST-14079,Female,1,No,Yes,41,Yes,No,DSL,Yes,Yes,Yes,Yes,Yes,Yes,Month-to-month,No,Mailed check,90.21,3588.49,Yes,0.3154,No
CUST-11122,Male,0,Yes,No,72,Yes,No,Fiber optic,No,Yes,Yes,No,Yes,No,Month-to-month,Yes,Bank transfer (automatic),98.96,6611.87,Yes,0.4322,No
CUST-12786,Male,0,No,No,25,Yes,Yes,DSL,Yes,No,No,Yes,No,Yes,One year,Yes,Bank transfer (automatic),78.95,1821.77,No,0.133,No
CUST-12967,Male,0,Yes,Yes,0,Yes,Yes,No,No internet service,No internet service,No internet service,No internet service,No internet service,No internet service,Month-to-month,Yes,Credit card (automatic),18.0,0.0,Yes,0.7399,Yes
CUST-12504,Male,0,Yes,No,25,Yes,Yes,DSL,No,No,Yes,No,No,No,One year,Yes,Electronic check,60.81,1518.37,Yes,0.4779,No
CUST-13465,Female,0,Yes,No,41,Yes,Yes,Fiber optic,No,Yes,Yes,No,Yes,Yes,Month-to-month,Yes,Mailed check,94.82,3924.12,Yes,0.821,Yes
CUST-10675,Female,0,No,Yes,33,Yes,No,DSL,No,Yes,Yes,Yes,No,Yes,Month-to-month,No,Mailed check,93.91,3221.57,Yes,0.3723,No
CUST-12808,Female,0,No,No,1,Yes,Yes,DSL,Yes,Yes,Yes,No,No,Yes,One year,No,Credit card (automatic),60.1,61.79,No,0.4178,No
CUST-13348,Male,0,No,No,67,Yes,Yes,Fiber optic,Yes,Yes,No,No,No,No,Two year,Yes,Credit card (automatic),106.46,6815.91,No,0.0802,No
CUST-10728,Male,0,No,Yes,57,No,No phone service,Fiber optic,No,No,Yes,No,No,Yes,One year,Yes,Electronic check,87.79,4883.17,No,0.3646,No
CUST-10412,Male,0,Yes,Yes,37,Yes,No,No,No internet service,No internet service,No internet service,No internet service,No internet service,No internet service,One year,Yes,Bank transfer (automatic),34.89,1281.64,No,0.1252,No
CUST-13146,Female,0,No,No,59,Yes,Yes,No,No internet service,No internet service,No internet service,No internet service,No internet service,No internet service,One year,No,Mailed check,34.15,1935.95,No,0.057,No
CUST-11516,Male,0,No,No,70,Yes,No,Fiber optic,No,No,Yes,No,Yes,Yes,Two year,No,Credit card (automatic),110.48,7278.51,No,0.0938,No
CUST-10825,Male,1,Yes,No,18,Yes,No,DSL,Yes,Yes,Yes,No,No,Yes,One year,No,Credit card (automatic),84.17,1448.87,No,0.2792,No
CUST-13267,Female,0,Yes,No,38,Yes,No,No,No internet service,No internet service,No internet service,No internet service,No internet service,No internet service,Month-to-month,Yes,Electronic check,41.41,1633.48,No,0.5702,Yes
CUST-13974,Male,0,Yes,No,68,Yes,No,DSL,No,Yes,No,No,Yes,No,Month-to-month,Yes,Electronic check,55.47,3762.48,Yes,0.3335,No
CUST-10616,Male,0,No,No,8,Yes,Yes,DSL,Yes,No,Yes,Yes,Yes,No,One year,No,Mailed check,81.66,612.45,No,0.2634,No
CUST-10114,Female,0,Yes,Yes,26,Yes,Yes,No,No internet service,No internet service,No internet service,No internet service,No internet service,No internet service,Month-to-month,Yes,Mailed check,21.2,563.25,No,0.5383,Yes
CUST-10417,Male,1,Yes,No,61,No,No phone service,DSL,Yes,Yes,Yes,No,No,Yes,Month-to-month,Yes,Bank transfer (automatic),70.84,4258.66,Yes,0.283,No
CUST-13069,Male,1,No,Yes,72,Yes,No,DSL,No,Yes,No,Yes,No,No,One year,No,Credit card (automatic),58.79,4064.72,No,0.0275,No
CUST-11625,Female,0,No,No,43,Yes,No,DSL,No,No,Yes,Yes,No,No,Month-to-month,No,Electronic check,63.77,2612.67,Yes,0.4373,No
CUST-14965,Male,0,No,No,50,Yes,Yes,Fiber optic,Yes,No,No,No,Yes,No,One year,Yes,Mailed check,94.65,4774.24,No,0.251,No
CUST-14185,Female,0,No,No,21,Yes,No,Fiber optic,No,Yes,Yes,No,Yes,No,One year,Yes,Credit card (automatic),91.47,1859.7,No,0.7216,Yes
CUST-12896,Female,0,Yes,No,11,Yes,No,DSL,No,No,No,Yes,Yes,No,One year,No,Bank transfer (automatic),65.51,720.61,No,0.1956,No
CUST-14686,Female,0,Yes,No,2,Yes,No,Fiber optic,Yes,Yes,No,No,No,No,Two year,No,Mailed check,84.48,157.0,No,0.5502,Yes
CUST-12082,Male,1,Yes,No,17,Yes,No,No,No internet service,No internet service,No internet service,No internet service,No internet service,No internet service,Two year,No,Credit card (automatic),46.3,811.76,No,0.2323,No
CUST-10753,Female,0,No,Yes,5,Yes,Yes,DSL,Yes,Yes,No,Yes,No,No,Month-to-month,Yes,Electronic check,67.11,315.94,No,0.7199,Yes
CUST-12546,Female,0,No,Yes,67,Yes,Yes,DSL,Yes,No,No,Yes,Yes,Yes,One year,Yes,Bank transfer (automatic),76.23,5159.84,No,0.0174,No
CUST-13969,Female,1,No,Yes,23,Yes,No,No,No internet service,No internet service,No internet service,No internet service,No internet service,No internet service,Month-to-month,Yes,Credit card (automatic),25.32,610.39,No,0.7085,Yes
CUST-13373,Female,0,Yes,No,72,Yes,No,Fiber optic,Yes,No,No,No,No,Yes,Two year,No,Credit card (automatic),98.25,7200.45,No,0.03,No
CUST-14107,Female,0,Yes,Yes,12,Yes,No,DSL,Yes,No,No,No,No,Yes,One year,No,Bank transfer (automatic),60.61,698.31,No,0.1597,No
CUST-12444,Female,0,Yes,No,28,Yes,Yes,Fiber optic,No,Yes,Yes,No,No,No,Month-to-month,No,Bank transfer (automatic),84.63,2242.76,No,0.7935,Yes
CUST-14380,Female,0,No,Yes,20,Yes,Yes,Fiber optic,Yes,No,No,Yes,No,No,One year,No,Mailed check,93.46,1912.89,No,0.2589,No
CUST-11066,Female,1,No,No,70,Yes,Yes,No,No internet service,No internet service,No internet service,No internet service,No internet service,No internet service,Two year,Yes,Credit card (automatic),26.04,1908.39,No,0.0832,No
CUST-13913,Female,1,No,No,27,Yes,No,DSL,Yes,No,Yes,No,Yes,No,One year,No,Bank transfer (automatic),76.24,2021.91,No,0.2745,No
CUST-13498,Male,1,No,No,1,Yes,Yes,Fiber optic,No,No,Yes,Yes,No,Yes,One year,No,Electronic check,96.8,96.25,Yes,0.8917,Yes
CUST-12738,Male,0,Yes,No,34,Yes,Yes,Fiber optic,No,No,Yes,No,Yes,Yes,Two year,Yes,Mailed check,92.47,3227.72,No,0.5436,Yes
CUST-14000,Male,1,No,No,47,Yes,No,Fiber optic,No,No,No,No,Yes,No,Month-to-month,No,Electronic check,87.1,4248.11,Yes,0.8516,Yes
CUST-11568,Female,1,No,No,58,Yes,Yes,No,No internet service,No internet service,No internet service,No internet service,No internet service,No internet service,Month-to-month,Yes,Mailed check,44.14,2585.52,Yes,0.4494,No
CUST-12427,Male,0,Yes,No,39,Yes,Yes,Fiber optic,No,No,No,Yes,No,Yes,One year,Yes,Credit card (automatic),86.59,3258.88,No,0.2685,No
CUST-13746,Male,1,Yes,No,12,Yes,Yes,Fiber optic,No,No,No,No,No,No,Two year,Yes,Mailed check,84.06,986.38,No,0.8135,Yes
CUST-14654,Male,0,No,No,23,Yes,No,Fiber optic,No,No,Yes,No,No,Yes,Two year,No,Mailed check,85.18,1948.86,No,0.5751,Yes
CUST-11687,Male,0,No,No,43,Yes,Yes,DSL,Yes,Yes,No,No,Yes,No,One year,Yes,Electronic check,69.44,2754.66,No,0.205,No
CUST-10851,Female,0,No,No,30,Yes,Yes,Fiber optic,No,Yes,No,Yes,No,No,Month-to-month,No,Electronic check,106.64,2965.22,No,0.7556,Yes
CUST-13546,Male,0,No,No,54,Yes,Yes,DSL,No,Yes,Yes,No,Yes,Yes,One year,Yes,Bank transfer (automatic),83.68,4222.93,No,0.1407,No
CUST-10895,Female,1,No,No,39,Yes,Yes,Fiber optic,Yes,No,No,No,Yes,No,Month-to-month,No,Electronic check,84.05,3335.17,Yes,0.8283,Yes
CUST-14592,Male,0,Yes,No,13,Yes,No,No,No internet service,No internet service,No internet service,No internet service,No internet service,No internet service,Two year,Yes,Credit card (automatic),31.21,377.06,No,0.2472,No
CUST-10335,Female,0,Yes,Yes,33,Yes,No,DSL,No,No,No,Yes,No,No,Month-to-month,Yes,Bank transfer (automatic),50.19,1692.21,No,0.3464,No
CUST-12839,Female,0,No,No,31,Yes,Yes,Fiber optic,Yes,Yes,Yes,Yes,Yes,No,One year,Yes,Electronic check,124.62,3673.89,No,0.4763,No
CUST-13087,Male,0,No,Yes,32,Yes,Yes,Fiber optic,No,Yes,Yes,Yes,No,No,Two year,Yes,Bank transfer (automatic),91.85,2816.93,Yes,0.3666,No
CUST-14611,Male,0,Yes,No,51,Yes,No,No,No internet service,No internet service,No internet service,No internet service,No internet service,No internet service,Month-to-month,No,Bank transfer (automatic),29.18,1383.6,No,0.2023,No
CUST-11348,Female,0,No,No,11,Yes,Yes,No,No internet service,No internet service,No internet service,No internet service,No internet service,No internet service,Month-to-month,Yes,Electronic check,42.52,452.61,Yes,0.8471,Yes
CUST-11015,Female,0,No,No,30,Yes,No,Fiber optic,No,No,Yes,No,Yes,Yes,Month-to-month,Yes,Credit card (automatic),94.11,2792.47,Yes,0.8935,Yes
CUST-12816,Female,0,Yes,No,26,Yes,No,DSL,No,Yes,No,No,No,Yes,One year,Yes,Bank transfer (automatic),68.89,1793.5,No,0.2562,No
CUST-11631,Female,0,No,No,50,Yes,Yes,Fiber optic,No,Yes,No,No,Yes,Yes,Month-to-month,Yes,Bank transfer (automatic),88.99,4420.53,No,0.6899,Yes
CUST-12489,Male,0,Yes,No,32,Yes,Yes,Fiber optic,No,No,No,Yes,No,No,Month-to-month,Yes,Electronic check,78.8,2479.4,Yes,0.8093,Yes
CUST-13730,Female,1,Yes,Yes,71,Yes,Yes,No,No internet service,No internet service,No internet service,No internet service,No internet service,No internet service,Month-to-month,Yes,Mailed check,39.45,2858.22,No,0.2357,No
CUST-13251,Female,0,Yes,No,61,No,No phone service,Fiber optic,No,No,Yes,Yes,No,Yes,Month-to-month,No,Credit card (automatic),111.59,6976.18,Yes,0.2232,No
CUST-14649,Male,0,No,Yes,21,No,No phone service,No,No internet service,No internet service,No internet service,No internet service,No internet service,No internet service,Two year,Yes,Electronic check,27.84,554.62,No,0.2943,No
CUST-12070,Male,0,Yes,No,54,Yes,Yes,Fiber optic,No,No,No,Yes,Yes,No,One year,Yes,Electronic check,99.6,5533.97,No,0.2195,No
CUST-14452,Male,0,Yes,No,58,Yes,Yes,DSL,No,No,No,No,No,No,Month-to-month,No,Credit card (automatic),60.7,3471.35,No,0.1792,No
CUST-14897,Female,0,Yes,No,24,No,No phone service,DSL,No,No,No,No,Yes,Yes,Month-to-month,Yes,Electronic check,63.6,1590.39,No,0.7348,Yes
CUST-11635,Female,0,No,No,70,Yes,No,DSL,No,No,Yes,No,No,No,Two year,Yes,Bank transfer (automatic),64.24,4439.42,No,0.0627,No
CUST-12479,Male,1,Yes,No,4,Yes,No,DSL,No,No,Yes,Yes,No,Yes,Month-to-month,Yes,Credit card (automatic),72.04,301.53,No,0.865,Yes
CUST-12265,Male,0,No,No,51,No,No phone service,Fiber optic,No,Yes,No,Yes,Yes,No,One year,Yes,Bank transfer (automatic),80.88,4255.45,Yes,0.1921,No
CUST-12959,Male,0,No,No,51,No,No phone service,DSL,No,No,Yes,No,Yes,No,Month-to-month,No,Electronic check,56.64,2698.05,No,0.4736,No
CUST-14746,Female,1,No,Yes,28,Yes,Yes,DSL,Yes,Yes,No,No,Yes,No,Month-to-month,Yes,Bank transfer (automatic),75.92,2025.92,No,0.627,Yes
CUST-13059,Male,0,No,No,60,Yes,Yes,DSL,No,No,No,No,Yes,No,Two year,No,Bank transfer (automatic),59.8,3560.93,No,0.0492,No
CUST-12141,Female,0,Yes,No,55,Yes,No,Fiber optic,No,Yes,Yes,No,No,Yes,Month-to-month,Yes,Credit card (automatic),80.3,4065.87,No,0.634,Yes
CUST-13118,Male,0,No,Yes,64,Yes,Yes,No,No internet service,No internet service,No internet service,No internet service,No internet service,No internet service,Month-to-month,No,Bank transfer (automatic),38.66,2595.56,No,0.1363,No
CUST-14740,Male,0,No,Yes,19,Yes,Yes,DSL,Yes,No,No,No,Yes,Yes,Month-to-month,Yes,Credit card (automatic),75.24,1472.65,No,0.5898,Yes
CUST-14045,Male,1,No,No,1,Yes,No,DSL,Yes,No,No,Yes,Yes,No,Two year,Yes,Bank transfer (automatic),73.63,74.98,No,0.4411,No
CUST-13356,Male,0,No,No,59,Yes,No,Fiber optic,No,Yes,No,No,No,No,Month-to-month,Yes,Bank transfer (automatic),79.37,4843.08,No,0.6008,Yes
CUST-12744,Male,0,Yes,No,51,No,No phone service,No,No internet service,No internet service,No internet service,No internet service,No internet service,No internet service,Month-to-month,No,Electronic check,36.13,1809.27,No,0.2756,No
CUST-13506,Female,0,No,No,48,Yes,Yes,No,No internet service,No internet service,No internet service,No internet service,No internet service,No internet service,Month-to-month,No,Electronic check,32.87,1619.67,No,0.4282,No
CUST-11679,Female,1,Yes,Yes,35,Yes,Yes,Fiber optic,No,No,No,No,Yes,No,One year,Yes,Mailed check,92.61,2988.06,No,0.5676,Yes
CUST-14249,Male,0,No,No,0,Yes,Yes,Fiber optic,Yes,No,Yes,No,Yes,No,Two year,No,Credit card (automatic),110.58,0.0,No,0.7195,Yes
CUST-13147,Female,0,No,No,72,Yes,Yes,Fiber optic,No,No,No,No,Yes,Yes,Month-to-month,No,Credit card (automatic),86.7,6054.32,No,0.3222,No
CUST-12294,Female,0,Yes,No,60,Yes,No,Fiber optic,Yes,No,Yes,No,Yes,Yes,Two year,No,Electronic check,116.1,6745.78,No,0.111,No
CUST-10580,Male,0,Yes,No,59,Yes,No,DSL,No,No,Yes,No,Yes,No,Month-to-month,No,Credit card (automatic),70.0,3821.36,No,0.218,No
CUST-11470,Female,1,No,No,41,Yes,Yes,No,No internet service,No internet service,No internet service,No internet service,No internet service,No internet service,Month-to-month,Yes,Mailed check,29.75,1208.81,Yes,0.6629,Yes
CUST-14070,Male,0,No,No,64,Yes,No,Fiber optic,No,Yes,No,Yes,No,Yes,Month-to-month,No,Credit card (automatic),99.15,6173.08,No,0.2465,No
CUST-13343,Female,0,No,Yes,52,Yes,No,DSL,Yes,No,No,No,Yes,Yes,Two year,Yes,Bank transfer (automatic),64.64,3193.91,No,0.0514,No
CUST-14583,Female,0,No,No,47,Yes,Yes,No,No internet service,No internet service,No internet service,No internet service,No internet service,No internet service,Month-to-month,No,Mailed check,45.3,2016.67,No,0.3193,No
CUST-13672,Female,0,No,No,29,Yes,Yes,DSL,No,No,Yes,Yes,Yes,Yes,Month-to-month,Yes,Bank transfer (automatic),72.45,1967.82,No,0.5857,Yes
CUST-10559,Female,0,No,No,23,Yes,No,DSL,No,No,No,No,No,No,Two year,Yes,Mailed check,50.49,1107.25,No,0.3173,No
CUST-12849,Male,0,No,Yes,13,Yes,Yes,Fiber optic,Yes,No,Yes,Yes,No,No,Month-to-month,Yes,Bank transfer (automatic),99.43,1302.77,No,0.8193,Yes
CUST-10512,Female,0,No,No,36,Yes,No,Fiber optic,Yes,No,No,No,No,Yes,One year,Yes,Mailed check,88.41,3091.73,No,0.4058,No
CUST-11081,Female,0,Yes,Yes,6,Yes,Yes,Fiber optic,Yes,Yes,Yes,No,No,Yes,Month-to-month,Yes,Bank transfer (automatic),101.26,573.66,Yes,0.9053,Yes
CUST-11664,Female,0,No,Yes,2,Yes,Yes,DSL,No,No,No,No,Yes,Yes,Month-to-month,No,Bank transfer (automatic),64.95,119.97,Yes,0.7572,Yes
CUST-11012,Male,1,No,No,36,Yes,Yes,Fiber optic,Yes,Yes,Yes,No,No,Yes,Two year,Yes,Electronic check,106.05,3585.16,Yes,0.6683,Yes
CUST-11931,Male,1,Yes,No,35,Yes,No,Fiber optic,No,Yes,No,Yes,No,Yes,Month-to-month,Yes,Bank transfer (automatic),89.29,3110.13,Yes,0.7849,Yes
CUST-11150,Male,0,Yes,No,11,Yes,Yes,No,No internet service,No internet service,No internet service,No internet service,No internet service,No internet service,Two year,No,Mailed check,18.26,200.92,No,0.2307,No
CUST-12838,Male,0,Yes,No,71,Yes,No,Fiber optic,Yes,No,Yes,No,No,Yes,Month-to-month,Yes,Credit card (automatic),99.88,6702.93,No,0.3053,No
CUST-10116,Male,0,Yes,No,51,Yes,Yes,Fiber optic,No,Yes,No,Yes,No,Yes,One year,Yes,Bank transfer (automatic),101.05,5064.22,No,0.146,No
CUST-10740,Female,1,Yes,Yes,10,Yes,No,DSL,No,No,No,No,No,No,Two year,Yes,Bank transfer (automatic),59.44,612.12,Yes,0.466,No
CUST-14821,Female,0,Yes,No,3,Yes,Yes,DSL,Yes,Yes,Yes,No,Yes,Yes,Month-to-month,Yes,Mailed check,81.61,230.74,Yes,0.8258,Yes
CUST-13675,Male,1,No,No,68,Yes,No,Fiber optic,No,Yes,Yes,Yes,Yes,No,One year,Yes,Electronic check,81.28,5105.81,No,0.3551,No
CUST-10830,Male,1,Yes,Yes,0,Yes,No,DSL,No,Yes,No,No,Yes,No,Month-to-month,Yes,Electronic check,63.16,0.0,Yes,0.9376,Yes
CUST-10119,Male,1,No,No,46,Yes,Yes,Fiber optic,No,Yes,Yes,No,No,Yes,Month-to-month,No,Mailed check,93.5,4378.97,No,0.8335,Yes
CUST-14794,Male,0,No,Yes,69,No,No phone service,DSL,No,Yes,No,Yes,No,No,Month-to-month,No,Bank transfer (automatic),76.66,5215.82,No,0.0574,No
CUST-14753,Female,0,Yes,Yes,69,Yes,Yes,Fiber optic,No,No,No,Yes,No,No,Month-to-month,Yes,Credit card (automatic),95.89,6801.68,No,0.2026,No
CUST-10635,Female,0,Yes,No,17,Yes,Yes,No,No internet service,No internet service,No internet service,No internet service,No internet service,No internet service,Month-to-month,Yes,Bank transfer (automatic),39.0,647.37,No,0.6104,Yes
CUST-14465,Male,0,Yes,No,22,Yes,No,DSL,Yes,No,No,No,No,Yes,Month-to-month,Yes,Bank transfer (automatic),70.4,1505.82,Yes,0.5182,Yes
CUST-14364,Female,0,Yes,No,34,Yes,No,DSL,No,Yes,No,Yes,Yes,No,Two year,Yes,Mailed check,73.27,2353.61,No,0.114,No
CUST-14142,Male,0,Yes,No,64,Yes,No,No,No internet service,No internet service,No internet service,No internet service,No internet service,No internet service,Month-to-month,Yes,Credit card (automatic),33.6,2058.73,No,0.2053,No
CUST-10991,Female,0,No,No,5,Yes,Yes,Fiber optic,Yes,No,Yes,No,Yes,No,Two year,No,Credit card (automatic),95.34,479.69,Yes,0.6543,Yes
CUST-10876,Female,0,No,Yes,45,Yes,Yes,Fiber optic,No,No,Yes,Yes,No,No,Month-to-month,Yes,Bank transfer (automatic),96.97,4492.35,No,0.6279,Yes
CUST-10004,Male,0,No,No,3,Yes,Yes,Fiber optic,No,No,No,No,No,Yes,Month-to-month,Yes,Credit card (automatic),75.81,212.5,Yes,0.9577,Yes
CUST-13051,Male,0,Yes,No,37,No,No phone service,Fiber optic,No,No,No,No,No,No,Month-to-month,Yes,Electronic check,64.09,2259.9,Yes,0.85,Yes
CUST-13124,Male,0,No,Yes,9,Yes,No,No,No internet service,No internet service,No internet service,No internet service,No internet service,No internet service,Month-to-month,Yes,Bank transfer (automatic),28.56,242.48,Yes,0.7325,Yes
CUST-12660,Male,1,Yes,Yes,59,Yes,Yes,Fiber optic,Yes,No,No,Yes,Yes,No,Month-to-month,Yes,Electronic check,101.87,5729.41,No,0.4569,No
CUST-12491,Male,1,Yes,Yes,66,Yes,Yes,No,No internet service,No internet service,No internet service,No internet service,No internet service,No internet service,Month-to-month,No,Electronic check,27.71,1712.94,No,0.2797,No
CUST-13854,Male,0,Yes,No,54,Yes,No,No,No internet service,No internet service,No internet service,No internet service,No internet service,No internet service,Month-to-month,No,Mailed check,29.97,1639.13,No,0.211,No
CUST-11715,Female,0,No,No,17,Yes,Yes,No,No internet service,No internet service,No internet service,No internet service,No internet service,No internet service,Month-to-month,Yes,Mailed check,42.67,745.1,Yes,0.7133,Yes
CUST-11148,Female,0,Yes,Yes,32,Yes,Yes,Fiber optic,No,Yes,Yes,Yes,Yes,No,Month-to-month,Yes,Mailed check,111.36,3433.23,No,0.7338,Yes
CUST-13261,Male,1,No,No,30,Yes,Yes,Fiber optic,No,No,Yes,Yes,No,No,Two year,No,Mailed check,97.58,2887.68,Yes,0.4916,No
CUST-10574,Male,1,No,Yes,52,Yes,Yes,Fiber optic,No,No,Yes,Yes,Yes,Yes,One year,No,Mailed check,122.67,6093.12,No,0.2094,No
CUST-13769,Male,0,Yes,No,2,No,No phone service,Fiber optic,No,No,Yes,No,Yes,Yes,Month-to-month,No,Bank transfer (automatic),105.23,217.59,Yes,0.9377,Yes
CUST-13736,Male,0,Yes,No,60,No,No phone service,Fiber optic,No,Yes,No,No,No,Yes,Two year,Yes,Mailed check,89.92,5207.27,No,0.1545,No
CUST-14146,Male,0,No,No,18,Yes,No,Fiber optic,Yes,Yes,No,No,No,No,Month-to-month,Yes,Bank transfer (automatic),96.01,1763.78,Yes,0.8592,Yes
CUST-10853,Male,0,Yes,No,28,Yes,No,Fiber optic,No,No,No,Yes,No,Yes,One year,Yes,Electronic check,91.16,2641.05,Yes,0.5256,Yes
CUST-11982,Male,0,No,No,38,No,No phone service,No,No internet service,No internet service,No internet service,No internet service,No internet service,No internet service,Month-to-month,No,Electronic check,38.52,1455.87,No,0.4876,No
CUST-12774,Female,0,Yes,No,45,Yes,No,DSL,No,Yes,Yes,No,No,No,Month-to-month,No,Mailed check,84.27,3545.8,No,0.3662,No
CUST-11166,Male,0,Yes,No,44,Yes,No,Fiber optic,Yes,No,No,No,No,Yes,Two year,No,Electronic check,93.73,4286.57,Yes,0.2117,No
CUST-10971,Male,0,No,No,23,Yes,Yes,Fiber optic,No,No,Yes,No,No,No,Month-to-month,Yes,Credit card (automatic),72.1,1715.95,Yes,0.9194,Yes
CUST-12701,Female,0,No,No,21,Yes,Yes,Fiber optic,No,No,Yes,No,Yes,No,Month-to-month,Yes,Credit card (automatic),92.39,2003.26,Yes,0.9253,Yes
CUST-14495,Female,0,No,Yes,27,Yes,Yes,Fiber optic,Yes,No,No,No,Yes,Yes,Month-to-month,No,Electronic check,100.01,2716.37,No,0.7835,Yes
CUST-13847,Male,0,Yes,No,69,Yes,No,Fiber optic,No,No,No,No,Yes,Yes,Month-to-month,Yes,Electronic check,108.19,7303.31,No,0.5159,Yes
CUST-12368,Male,0,Yes,No,48,Yes,No,No,No internet service,No internet service,No internet service,No internet service,No internet service,No internet service,Two year,Yes,Bank transfer (automatic),34.72,1620.89,No,0.0879,No
CUST-14115,Male,0,Yes,No,65,Yes,Yes,DSL,No,No,No,No,No,No,One year,Yes,Electronic check,76.29,5201.31,No,0.0877,No
CUST-14131,Female,0,No,Yes,43,Yes,Yes,DSL,No,Yes,Yes,No,Yes,Yes,Month-to-month,Yes,Mailed check,70.21,2812.82,No,0.5779,Yes
CUST-12950,Male,0,Yes,No,0,Yes,Yes,DSL,No,Yes,Yes,No,No,Yes,Two year,Yes,Mailed check,64.66,0.0,Yes,0.6155,Yes
CUST-10524,Male,0,Yes,Yes,29,Yes,Yes,DSL,No,No,Yes,No,Yes,No,One year,Yes,Mailed check,60.1,1672.56,No,0.3007,No
CUST-12455,Male,0,Yes,No,16,Yes,Yes,Fiber optic,No,Yes,Yes,No,No,Yes,Two year,Yes,Mailed check,97.18,1616.38,Yes,0.7143,Yes
CUST-11841,Male,0,Yes,No,66,No,No phone service,No,No internet service,No internet service,No internet service,No internet service,No internet service,No internet service,One year,No,Mailed check,55.52,3649.99,No,0.0255,No
CUST-10537,Male,0,No,No,20,Yes,No,DSL,Yes,No,No,No,No,No,Month-to-month,No,Electronic check,46.65,922.01,No,0.6273,Yes
CUST-12806,Male,1,No,No,71,No,No phone service,No,No internet service,No internet service,No internet service,No internet service,No internet service,No internet service,Month-to-month,No,Credit card (automatic),18.0,1195.43,No,0.2208,No
CUST-14341,Male,1,No,No,9,Yes,No,DSL,No,No,No,No,Yes,Yes,Month-to-month,Yes,Mailed check,63.43,538.19,Yes,0.9166,Yes
CUST-13175,Female,1,No,Yes,39,No,No phone service,Fiber optic,Yes,No,No,No,Yes,No,Month-to-month,No,Electronic check,98.79,3901.11,No,0.7562,Yes
CUST-10784,Male,0,Yes,No,58,Yes,No,DSL,No,No,No,No,No,Yes,Month-to-month,No,Bank transfer (automatic),58.89,3377.46,No,0.1837,No
CUST-14057,Female,0,No,No,45,Yes,No,Fiber optic,No,Yes,No,No,Yes,Yes,Two year,No,Mailed check,80.19,3650.15,No,0.293,No
CUST-11409,Male,0,Yes,No,0,Yes,Yes,DSL,No,No,No,Yes,Yes,No,Two year,Yes,Bank transfer (automatic),69.49,0.0,No,0.3641,No
CUST-12537,Male,0,No,Yes,49,Yes,No,Fiber optic,No,Yes,No,No,No,Yes,Month-to-month,Yes,Bank transfer (automatic),76.93,3587.42,No,0.6573,Yes
CUST-10154,Male,0,Yes,Yes,60,Yes,No,Fiber optic,No,Yes,Yes,Yes,Yes,No,Two year,Yes,Electronic check,101.9,5994.33,No,0.1533,No
CUST-13009,Female,0,No,No,40,No,No phone service,Fiber optic,No,No,No,No,No,No,Month-to-month,Yes,Bank transfer (automatic),79.92,3085.89,Yes,0.7674,Yes
CUST-11686,Male,0,No,No,49,Yes,No,Fiber optic,No,Yes,No,No,Yes,Yes,Month-to-month,No,Credit card (automatic),87.37,4254.25,No,0.5859,Yes
CUST-12901,Female,0,Yes,No,65,Yes,No,No,No internet service,No internet service,No internet service,No internet service,No internet service,No internet service,Two year,Yes,Electronic check,33.65,2136.49,No,0.0708,No
CUST-14964,Female,1,No,No,49,Yes,No,No,No internet service,No internet service,No internet service,No internet service,No internet service,No internet service,One year,Yes,Bank transfer (automatic),23.74,1206.35,No,0.1944,No
CUST-13863,Female,0,Yes,No,66,Yes,No,Fiber optic,No,Yes,No,No,Yes,No,Month-to-month,Yes,Credit card (automatic),93.56,6447.38,No,0.424,No
CUST-12733,Male,0,Yes,No,10,Yes,Yes,Fiber optic,Yes,Yes,Yes,No,Yes,No,One year,No,Credit card (automatic),98.81,1004.03,Yes,0.5964,Yes
CUST-11895,Female,0,No,Yes,5,Yes,No,No,No internet service,No internet service,No internet service,No internet service,No internet service,No internet service,One year,Yes,Bank transfer (automatic),26.85,125.99,Yes,0.3968,No
CUST-10569,Female,0,No,No,35,No,No phone service,No,No internet service,No internet service,No internet service,No internet service,No internet service,No internet service,Month-to-month,Yes,Credit card (automatic),30.49,989.48,No,0.4949,No
CUST-11816,Male,1,No,No,63,Yes,Yes,Fiber optic,No,No,No,No,No,No,Month-to-month,Yes,Credit card (automatic),70.59,4188.64,No,0.7055,Yes
CUST-12065,Female,0,No,No,6,Yes,No,No,No internet service,No internet service,No internet service,No internet service,No internet service,No internet service,One year,Yes,Credit card (automatic),34.64,203.77,No,0.4445,No
CUST-10127,Female,0,No,Yes,45,Yes,Yes,No,No internet service,No internet service,No internet service,No internet service,No internet service,No internet service,Month-to-month,No,Mailed check,34.17,1491.59,No,0.3019,No
CUST-13394,Male,0,No,No,72,Yes,Yes,No,No internet service,No internet service,No internet service,No internet service,No internet service,No internet service,Month-to-month,Yes,Credit card (automatic),42.09,2948.93,No,0.1925,No
CUST-13327,Male,0,No,No,7,Yes,No,No,No internet service,No internet service,No internet service,No internet service,No internet service,No internet service,Month-to-month,No,Electronic check,43.35,295.95,Yes,0.7972,Yes
CUST-12975,Male,0,Yes,No,25,Yes,No,Fiber optic,No,Yes,No,Yes,Yes,No,Two year,No,Mailed check,100.31,2468.48,No,0.2864,No
CUST-10980,Female,0,Yes,No,63,No,No phone service,DSL,No,No,No,Yes,Yes,Yes,One year,Yes,Credit card (automatic),66.63,3983.86,No,0.0299,No
CUST-12300,Male,0,Yes,Yes,0,Yes,Yes,Fiber optic,No,No,Yes,No,No,Yes,One year,No,Electronic check,105.65,0.0,No,0.8441,Yes
CUST-10190,Female,1,Yes,No,13,Yes,Yes,DSL,Yes,Yes,No,No,No,No,Month-to-month,Yes,Bank transfer (automatic),60.39,761.95,Yes,0.7316,Yes
CUST-11139,Female,0,Yes,Yes,19,No,No phone service,DSL,Yes,Yes,No,No,Yes,No,Month-to-month,Yes,Mailed check,63.95,1228.71,No,0.5113,Yes
CUST-10699,Male,1,Yes,No,38,Yes,No,Fiber optic,Yes,No,No,No,No,Yes,Two year,No,Mailed check,107.47,3966.78,No,0.2769,No
CUST-14795,Male,1,No,No,38,Yes,Yes,DSL,No,No,No,No,Yes,Yes,One year,Yes,Credit card (automatic),53.97,2118.29,No,0.3705,No
CUST-10606,Male,0,Yes,No,40,Yes,No,Fiber optic,Yes,Yes,Yes,Yes,No,No,One year,No,Electronic check,105.82,4120.05,No,0.2128,No
CUST-14276,Male,0,Yes,No,14,No,No phone service,DSL,No,No,No,Yes,Yes,No,Two year,Yes,Electronic check,59.96,804.16,No,0.2872,No
CUST-10301,Female,0,No,No,3,Yes,Yes,Fiber optic,No,Yes,No,No,Yes,No,Month-to-month,Yes,Credit card (automatic),102.35,282.61,Yes,0.9584,Yes
CUST-13420,Female,0,No,Yes,52,Yes,Yes,Fiber optic,No,Yes,Yes,No,No,No,Month-to-month,Yes,Credit card (automatic),102.5,5559.96,No,0.6487,Yes
CUST-14835,Female,1,No,No,67,Yes,Yes,No,No internet service,No internet service,No internet service,No internet service,No internet service,No internet service,Two year,Yes,Bank transfer (automatic),37.61,2480.07,No,0.0842,No
CUST-11060,Female,0,Yes,Yes,54,No,No phone service,Fiber optic,No,No,No,Yes,No,Yes,Month-to-month,Yes,Bank transfer (automatic),84.09,4339.97,No,0.3307,No
CUST-12565,Male,0,No,No,12,Yes,No,DSL,No,Yes,No,Yes,Yes,No,Month-to-month,Yes,Electronic check,74.09,914.69,Yes,0.8245,Yes
CUST-11069,Male,0,No,No,31,Yes,Yes,No,No internet service,No internet service,No internet service,No internet service,No internet service,No internet service,Month-to-month,Yes,Mailed check,47.29,1353.11,No,0.6055,Yes
CUST-12524,Male,0,Yes,No,33,Yes,Yes,DSL,Yes,Yes,No,No,No,No,Two year,Yes,Mailed check,66.19,2076.84,No,0.1302,No
CUST-12205,Female,0,Yes,Yes,12,Yes,Yes,Fiber optic,No,No,No,No,No,No,Two year,No,Credit card (automatic),73.7,833.25,No,0.4737,No
CUST-11243,Male,0,No,No,23,Yes,No,DSL,No,Yes,Yes,Yes,No,Yes,Month-to-month,Yes,Electronic check,96.1,2145.27,Yes,0.7453,Yes
CUST-10016,Female,0,No,No,14,Yes,Yes,Fiber optic,No,No,Yes,Yes,No,No,Month-to-month,Yes,Bank transfer (automatic),91.59,1205.69,Yes,0.8917,Yes
CUST-13120,Female,0,No,No,33,No,No phone service,DSL,Yes,No,No,No,No,Yes,Month-to-month,No,Mailed check,64.71,2186.95,Yes,0.3611,No
CUST-14642,Female,0,No,No,37,Yes,No,DSL,No,Yes,No,No,No,Yes,Month-to-month,Yes,Bank transfer (automatic),61.44,2307.64,Yes,0.5761,Yes
CUST-10815,Female,0,No,Yes,47,No,No phone service,DSL,Yes,No,No,No,No,Yes,Month-to-month,Yes,Bank transfer (automatic),70.28,3178.18,No,0.2567,No
CUST-13067,Female,0,No,No,60,Yes,Yes,No,No internet service,No internet service,No internet service,No internet service,No internet service,No internet service,Month-to-month,No,Electronic check,39.83,2307.95,No,0.2802,No
CUST-14799,Female,0,Yes,Yes,21,Yes,No,DSL,Yes,No,Yes,Yes,Yes,No,Two year,Yes,Bank transfer (automatic),68.27,1383.56,No,0.1056,No
CUST-10959,Male,0,No,No,7,Yes,No,DSL,No,Yes,Yes,No,No,No,Two year,No,Bank transfer (automatic),55.22,390.88,Yes,0.434,No
CUST-10225,Male,0,Yes,Yes,18,Yes,No,Fiber optic,No,No,No,No,No,No,Month-to-month,Yes,Electronic check,76.83,1355.35,No,0.9152,Yes
CUST-13354,Female,0,No,No,67,Yes,Yes,DSL,No,No,Yes,No,Yes,No,One year,No,Credit card (automatic),71.67,5031.7,No,0.0522,No
CUST-12485,Male,0,No,No,32,Yes,No,DSL,No,No,No,No,No,Yes,Two year,Yes,Electronic check,56.24,1711.98,No,0.3546,No
CUST-10562,Male,0,No,No,20,Yes,Yes,DSL,Yes,Yes,Yes,No,No,No,Month-to-month,No,Electronic check,78.19,1449.05,Yes,0.6828,Yes
CUST-13436,Male,0,No,No,51,Yes,Yes,DSL,No,Yes,Yes,No,Yes,Yes,Two year,No,Bank transfer (automatic),75.62,3959.66,No,0.0872,No
CUST-11693,Male,0,Yes,No,47,Yes,Yes,Fiber optic,No,Yes,Yes,No,Yes,No,One year,Yes,Electronic check,104.71,4934.58,Yes,0.5267,Yes
CUST-11045,Male,0,No,No,14,Yes,No,Fiber optic,No,No,No,Yes,No,Yes,One year,Yes,Electronic check,98.3,1304.59,Yes,0.7147,Yes
CUST-13446,Male,0,No,Yes,0,Yes,Yes,Fiber optic,Yes,Yes,Yes,Yes,No,No,One year,Yes,Electronic check,105.11,0.0,Yes,0.7989,Yes
CUST-14565,Male,0,Yes,Yes,21,Yes,Yes,DSL,No,No,Yes,No,No,No,Month-to-month,No,Bank transfer (automatic),65.51,1300.4,No,0.5417,Yes
CUST-10954,Female,1,Yes,Yes,48,Yes,No,DSL,Yes,Yes,Yes,No,No,No,Month-to-month,Yes,Mailed check,83.95,4127.54,No,0.4301,No
CUST-12735,Male,0,Yes,No,49,Yes,Yes,DSL,Yes,No,No,Yes,No,No,Two year,No,Electronic check,71.76,3668.44,No,0.0303,No
CUST-14918,Female,0,No,Yes,52,Yes,Yes,No,No internet service,No internet service,No internet service,No internet service,No internet service,No internet service,One year,Yes,Mailed check,31.53,1519.98,No,0.0978,No
CUST-14735,Male,0,No,Yes,15,Yes,No,Fiber optic,Yes,Yes,Yes,No,No,No,Month-to-month,No,Electronic check,91.52,1399.76,No,0.8894,Yes
CUST-14838,Female,0,No,No,66,Yes,No,No,No internet service,No internet service,No internet service,No internet service,No internet service,No internet service,Month-to-month,No,Credit card (automatic),19.82,1308.99,No,0.1684,No
CUST-11218,Female,1,No,No,46,Yes,Yes,Fiber optic,No,Yes,No,Yes,No,Yes,Month-to-month,Yes,Credit card (automatic),107.34,5045.98,Yes,0.7188,Yes
CUST-11527,Male,0,No,No,33,Yes,Yes,Fiber optic,No,Yes,No,No,Yes,No,Month-to-month,No,Mailed check,95.69,3314.07,No,0.801,Yes
CUST-13987,Male,0,No,No,22,Yes,No,Fiber optic,No,Yes,Yes,No,No,Yes,Month-to-month,Yes,Mailed check,92.91,1988.81,Yes,0.9306,Yes
CUST-11300,Female,0,Yes,No,72,Yes,No,Fiber optic,No,No,Yes,No,No,Yes,One year,No,Credit card (automatic),95.45,6604.77,No,0.0822,No
CUST-14906,Male,1,No,Yes,7,Yes,No,No,No internet service,No internet service,No internet service,No internet service,No internet service,No internet service,Month-to-month,Yes,Electronic check,34.44,227.0,Yes,0.9043,Yes
CUST-10160,Female,1,Yes,No,7,Yes,No,No,No internet service,No internet service,No internet service,No internet service,No internet service,No internet service,Month-to-month,Yes,Mailed check,24.94,168.88,Yes,0.8481,Yes
CUST-14067,Male,0,No,No,52,Yes,No,DSL,No,Yes,No,Yes,No,Yes,Two year,No,Mailed check,85.22,4586.63,No,0.036,No
CUST-10956,Male,1,No,Yes,26,Yes,No,No,No internet service,No internet service,No internet service,No internet service,No internet service,No internet service,Two year,No,Credit card (automatic),49.61,1241.96,No,0.1883,No
CUST-13791,Male,1,Yes,Yes,51,Yes,No,No,No internet service,No internet service,No internet service,No internet service,No internet service,No internet service,Two year,Yes,Electronic check,36.82,1891.46,Yes,0.1584,No
CUST-13234,Female,0,Yes,No,72,Yes,No,DSL,No,No,No,No,Yes,Yes,Month-to-month,No,Electronic check,59.69,4255.9,No,0.1872,No
CUST-12869,Male,0,No,Yes,56,Yes,No,Fiber optic,No,No,Yes,No,No,Yes,Two year,Yes,Credit card (automatic),88.42,5160.84,No,0.2369,No
CUST-13777,Female,0,Yes,No,22,Yes,Yes,No,No internet service,No internet service,No internet service,No internet service,No internet service,No internet service,Month-to-month,No,Electronic check,35.0,748.96,Yes,0.5784,Yes
CUST-14433,Male,0,No,No,60,Yes,No,Fiber optic,No,No,No,Yes,No,Yes,Month-to-month,No,Electronic check,96.8,5709.96,No,0.419,No
CUST-12961,Male,0,No,No,30,Yes,Yes,No,No internet service,No internet service,No internet service,No internet service,No internet service,No internet service,Month-to-month,No,Mailed check,37.81,1167.05,Yes,0.4975,No
CUST-12200,Male,1,Yes,No,29,Yes,No,No,No internet service,No internet service,No internet service,No internet service,No internet service,No internet service,Two year,Yes,Mailed check,44.09,1252.09,No,0.2858,No
CUST-10098,Female,1,Yes,No,10,Yes,Yes,Fiber optic,Yes,Yes,No,No,No,No,One year,Yes,Credit card (automatic),90.16,886.84,No,0.7418,Yes
CUST-12557,Female,0,Yes,No,1,No,No phone service,Fiber optic,Yes,No,No,Yes,No,Yes,Month-to-month,Yes,Credit card (automatic),92.48,91.51,Yes,0.8418,Yes
CUST-13183,Male,0,No,No,40,Yes,Yes,Fiber optic,Yes,Yes,No,No,No,No,Two year,Yes,Mailed check,93.55,3634.3,No,0.3213,No
CUST-10253,Male,0,No,Yes,30,Yes,Yes,DSL,No,No,No,No,Yes,Yes,Month-to-month,No,Electronic check,75.84,2192.28,Yes,0.6167,Yes
CUST-13923,Male,0,Yes,No,59,Yes,Yes,Fiber optic,No,No,Yes,No,No,No,One year,Yes,Mailed check,77.61,4574.3,No,0.2847,No
CUST-14199,Male,0,No,No,35,Yes,Yes,DSL,No,No,Yes,Yes,Yes,Yes,Month-to-month,Yes,Mailed check,81.33,2725.34,Yes,0.567,Yes
CUST-11445,Male,1,No,No,10,Yes,No,DSL,No,No,No,Yes,No,Yes,Month-to-month,Yes,Bank transfer (automatic),60.95,577.34,Yes,0.8207,Yes
CUST-11648,Female,0,Yes,No,27,Yes,Yes,Fiber optic,Yes,Yes,No,No,Yes,No,Two year,Yes,Electronic check,86.32,2161.75,No,0.5024,Yes
CUST-14682,Female,0,No,No,55,Yes,Yes,Fiber optic,Yes,No,No,Yes,No,Yes,Month-to-month,No,Credit card (automatic),99.22,5404.32,No,0.2227,No
CUST-14723,Male,0,No,Yes,37,Yes,Yes,No,No internet service,No internet service,No internet service,No internet service,No internet service,No internet service,Month-to-month,Yes,Bank transfer (automatic),29.23,1042.53,No,0.4744,No
CUST-13991,Female,0,Yes,Yes,36,Yes,No,No,No internet service,No internet service,No internet service,No internet service,No internet service,No internet service,Month-to-month,Yes,Credit card (automatic),36.22,1348.02,Yes,0.3922,No
CUST-11696,Male,0,No,Yes,46,Yes,No,Fiber optic,Yes,No,No,Yes,Yes,No,One year,No,Credit card (automatic),93.41,3980.96,No,0.0895,No
CUST-13191,Female,0,No,Yes,35,Yes,Yes,No,No internet service,No internet service,No internet service,No internet service,No internet service,No internet service,Month-to-month,Yes,Credit card (automatic),41.91,1455.98,No,0.4674,No
CUST-14499,Male,0,No,No,55,Yes,No,Fiber optic,Yes,Yes,No,No,No,No,Two year,Yes,Credit card (automatic),97.48,5493.71,No,0.1423,No
CUST-11154,Male,0,Yes,No,63,Yes,No,Fiber optic,No,No,No,No,Yes,No,Month-to-month,Yes,Mailed check,77.84,4815.97,No,0.5428,Yes
CUST-12255,Female,0,Yes,No,16,Yes,Yes,Fiber optic,Yes,No,No,Yes,Yes,No,Month-to-month,Yes,Mailed check,103.3,1670.29,No,0.7654,Yes
CUST-11682,Male,0,Yes,No,2,Yes,No,DSL,No,No,No,No,Yes,Yes,Month-to-month,Yes,Bank transfer (automatic),67.09,132.89,Yes,0.8444,Yes
CUST-13170,Female,0,Yes,No,28,Yes,No,No,No internet service,No internet service,No internet service,No internet service,No internet service,No internet service,Month-to-month,No,Credit card (automatic),38.51,1046.52,No,0.3855,No
CUST-12056,Female,0,Yes,Yes,4,No,No phone service,No,No internet service,No internet service,No internet service,No internet service,No internet service,No internet service,Month-to-month,No,Electronic check,42.72,167.02,Yes,0.6878,Yes
CUST-14090,Female,0,Yes,No,64,Yes,No,No,No internet service,No internet service,No internet service,No internet service,No internet service,No internet service,Month-to-month,No,Electronic check,18.0,1195.36,No,0.2303,No
CUST-13108,Female,0,No,Yes,34,Yes,No,DSL,Yes,No,No,No,No,No,Month-to-month,No,Electronic check,57.97,2015.83,No,0.4318,No
CUST-14548,Female,0,No,No,10,Yes,Yes,DSL,Yes,No,No,No,No,Yes,Month-to-month,Yes,Bank transfer (automatic),53.77,503.25,Yes,0.7293,Yes
CUST-13723,Female,0,No,No,70,Yes,No,DSL,No,Yes,No,Yes,Yes,Yes,Month-to-month,Yes,Bank transfer (automatic),84.69,6101.58,No,0.1209,No
CUST-12049,Female,0,Yes,Yes,39,No,No phone service,Fiber optic,No,No,No,Yes,No,Yes,Two year,Yes,Electronic check,85.51,3398.1,Yes,0.2664,No
CUST-13643,Male,0,Yes,No,32,Yes,No,DSL,No,No,No,Yes,Yes,No,One year,No,Credit card (automatic),65.33,1980.57,No,0.0835,No
CUST-14942,Female,0,Yes,No,58,Yes,Yes,DSL,Yes,No,No,No,Yes,No,One year,No,Bank transfer (automatic),62.95,3778.33,No,0.0282,No
CUST-10623,Male,0,Yes,No,63,Yes,No,Fiber optic,Yes,No,Yes,No,No,Yes,One year,No,Credit card (automatic),115.42,7237.06,No,0.0672,No
CUST-10262,Male,0,Yes,No,63,Yes,Yes,No,No internet service,No internet service,No internet service,No internet service,No internet service,No internet service,One year,Yes,Electronic check,27.61,1771.46,No,0.1014,No
CUST-13369,Male,0,No,No,64,Yes,Yes,Fiber optic,No,No,No,No,No,No,One year,Yes,Bank transfer (automatic),76.75,4814.79,No,0.2114,No
CUST-14061,Male,0,No,No,19,Yes,No,No,No internet service,No internet service,No internet service,No internet service,No internet service,No internet service,Month-to-month,No,Mailed check,39.6,704.7,Yes,0.5769,Yes
CUST-11802,Male,1,Yes,No,25,Yes,No,Fiber optic,No,No,No,No,No,No,Month-to-month,No,Electronic check,93.73,2356.72,Yes,0.915,Yes
CUST-14736,Male,0,No,No,8,Yes,Yes,Fiber optic,Yes,No,Yes,No,Yes,Yes,One year,Yes,Electronic check,114.27,934.81,Yes,0.8729,Yes
CUST-12385,Female,1,No,No,48,Yes,Yes,No,No internet service,No internet service,No internet service,No internet service,No internet service,No internet service,Two year,No,Electronic check,30.92,1526.01,No,0.1938,No
CUST-11959,Male,0,No,No,8,Yes,No,DSL,No,Yes,No,No,No,No,Month-to-month,Yes,Credit card (automatic),66.87,534.16,Yes,0.8378,Yes
CUST-12976,Male,0,No,No,64,Yes,Yes,Fiber optic,Yes,No,No,No,Yes,No,Month-to-month,No,Bank transfer (automatic),92.82,5479.82,No,0.2858,No
CUST-10488,Female,0,No,No,59,Yes,Yes,No,No internet service,No internet service,No internet service,No internet service,No internet service,No internet service,Two year,No,Electronic check,45.13,2524.72,No,0.0642,No
CUST-11843,Female,0,Yes,No,2,Yes,Yes,DSL,No,Yes,Yes,No,Yes,Yes,Month-to-month,Yes,Electronic check,70.83,131.05,Yes,0.9252,Yes
CUST-11734,Female,0,Yes,Yes,26,Yes,No,DSL,Yes,Yes,No,No,Yes,No,Month-to-month,No,Credit card (automatic),72.57,1838.59,No,0.3101,No
CUST-12911,Male,0,Yes,No,57,Yes,Yes,DSL,Yes,Yes,No,Yes,Yes,Yes,One year,Yes,Mailed check,71.0,4101.39,No,0.0325,No
CUST-13219,Male,0,No,No,14,Yes,Yes,No,No internet service,No internet service,No internet service,No internet service,No internet service,No internet service,One year,No,Credit card (automatic),31.93,450.68,Yes,0.2396,No
CUST-10146,Male,0,Yes,Yes,53,Yes,No,Fiber optic,Yes,No,No,No,No,Yes,Month-to-month,No,Credit card (automatic),88.44,4841.74,Yes,0.2799,No
CUST-11986,Female,0,No,Yes,6,Yes,Yes,Fiber optic,No,Yes,Yes,No,Yes,No,Month-to-month,Yes,Mailed check,91.61,537.97,Yes,0.9645,Yes
CUST-11369,Female,0,No,No,46,No,No phone service,DSL,No,Yes,No,Yes,No,No,Two year,No,Credit card (automatic),65.25,2785.58,No,0.0412,No
CUST-12811,Male,0,No,No,60,Yes,No,Fiber optic,No,Yes,No,Yes,No,No,Two year,Yes,Mailed check,88.67,5493.24,No,0.1318,No
CUST-10659,Male,0,Yes,Yes,29,Yes,No,DSL,Yes,Yes,Yes,Yes,No,No,Month-to-month,No,Mailed check,97.83,2759.43,No,0.2388,No
CUST-11794,Male,0,Yes,No,67,Yes,No,No,No internet service,No internet service,No internet service,No internet service,No internet service,No internet service,Month-to-month,Yes,Credit card (automatic),31.4,2126.35,No,0.1908,No
CUST-12511,Female,0,No,No,46,No,No phone service,Fiber optic,Yes,No,No,No,No,No,One year,No,Mailed check,60.29,2783.88,No,0.2042,No
CUST-13397,Female,1,No,Yes,54,Yes,Yes,DSL,No,Yes,No,No,No,No,One year,Yes,Mailed check,49.55,2599.35,No,0.1845,No
CUST-14282,Male,0,No,Yes,31,Yes,Yes,Fiber optic,Yes,No,Yes,No,No,Yes,Month-to-month,Yes,Mailed check,97.98,3106.65,No,0.8184,Yes
CUST-11147,Female,0,Yes,No,28,Yes,No,Fiber optic,No,No,No,No,No,Yes,Month-to-month,Yes,Electronic check,78.98,2160.88,Yes,0.899,Yes
CUST-13272,Female,0,Yes,No,35,Yes,Yes,DSL,Yes,Yes,Yes,No,Yes,No,One year,No,Bank transfer (automatic),74.05,2677.57,No,0.1051,No
CUST-10608,Female,0,No,No,27,Yes,Yes,Fiber optic,No,No,No,Yes,No,Yes,Month-to-month,No,Bank transfer (automatic),86.67,2412.43,Yes,0.6932,Yes
CUST-13582,Male,0,Yes,No,59,Yes,Yes,Fiber optic,No,Yes,No,Yes,No,Yes,Two year,Yes,Electronic check,99.26,6081.15,No,0.1476,No
CUST-11930,Male,0,No,No,8,Yes,No,DSL,No,No,Yes,No,Yes,No,Two year,No,Mailed check,56.9,452.32,Yes,0.4763,No
CUST-10197,Male,0,No,No,10,Yes,Yes,Fiber optic,No,No,No,No,Yes,Yes,Month-to-month,Yes,Mailed check,87.13,890.91,Yes,0.9579,Yes
CUST-12931,Female,0,No,No,70,Yes,No,Fiber optic,No,No,No,Yes,No,Yes,Month-to-month,No,Credit card (automatic),85.02,5786.36,No,0.2101,No
CUST-12327,Male,0,No,Yes,48,Yes,No,No,No internet service,No internet service,No internet service,No internet service,No internet service,No internet service,Month-to-month,Yes,Credit card (automatic),40.62,1933.32,No,0.357,No
CUST-14389,Female,0,Yes,No,56,Yes,Yes,No,No internet service,No internet service,No internet service,No internet service,No internet service,No internet service,Two year,No,Bank transfer (automatic),18.0,932.23,No,0.0379,No
CUST-10766,Female,0,No,No,22,Yes,Yes,DSL,Yes,No,No,Yes,Yes,No,Month-to-month,Yes,Credit card (automatic),72.59,1526.97,Yes,0.4373,No
CUST-14496,Male,0,Yes,No,1,Yes,No,No,No internet service,No internet service,No internet service,No internet service,No internet service,No internet service,Month-to-month,Yes,Bank transfer (automatic),44.99,44.6,Yes,0.7812,Yes
CUST-14218,Female,0,No,No,47,Yes,No,Fiber optic,Yes,Yes,No,No,Yes,Yes,One year,Yes,Credit card (automatic),93.85,4096.66,No,0.2654,No
CUST-13255,Male,0,Yes,Yes,20,Yes,Yes,DSL,No,No,Yes,Yes,Yes,Yes,Month-to-month,Yes,Credit card (automatic),75.19,1477.99,Yes,0.555,Yes
CUST-10202,Male,0,No,No,47,No,No phone service,Fiber optic,No,Yes,No,No,No,No,One year,Yes,Bank transfer (automatic),88.8,4252.01,No,0.3504,No
CUST-13510,Female,0,No,No,62,Yes,No,No,No internet service,No internet service,No internet service,No internet service,No internet service,No internet service,Two year,Yes,Mailed check,42.17,2622.01,No,0.0649,No
CUST-11733,Female,0,No,Yes,72,Yes,No,DSL,No,Yes,No,No,No,Yes,Two year,Yes,Mailed check,71.46,4756.65,No,0.0394,No
CUST-12777,Female,0,Yes,No,50,Yes,No,Fiber optic,Yes,No,No,Yes,Yes,No,Two year,Yes,Bank transfer (automatic),87.73,4501.87,No,0.0856,No
CUST-11707,Female,0,Yes,No,32,Yes,No,Fiber optic,No,No,Yes,No,No,No,Two year,No,Bank transfer (automatic),93.65,3126.67,No,0.3613,No
CUST-13474,Male,1,No,No,41,Yes,No,DSL,Yes,No,No,Yes,Yes,Yes,Month-to-month,Yes,Electronic check,72.12,2947.34,No,0.5577,Yes
CUST-10854,Male,0,No,No,28,Yes,No,DSL,No,No,Yes,No,No,No,Month-to-month,No,Mailed check,72.84,1901.67,Yes,0.6376,Yes
CUST-14737,Male,0,Yes,No,67,Yes,No,No,No internet service,No internet service,No internet service,No internet service,No internet service,No internet service,Month-to-month,Yes,Bank transfer (automatic),32.81,2127.28,No,0.1902,No
CUST-14097,Male,0,Yes,Yes,41,Yes,No,No,No internet service,No internet service,No internet service,No internet service,No internet service,No internet service,Two year,No,Electronic check,43.25,1753.72,No,0.0916,No
CUST-12160,Female,0,Yes,No,18,Yes,Yes,DSL,No,No,No,No,No,Yes,One year,Yes,Bank transfer (automatic),52.79,918.27,Yes,0.3154,No
CUST-10698,Male,0,Yes,Yes,71,No,No phone service,No,No internet service,No internet service,No internet service,No internet service,No internet service,No internet service,One year,Yes,Credit card (automatic),44.7,2967.77,No,0.0265,No
CUST-14962,Female,0,Yes,No,69,Yes,Yes,Fiber optic,No,Yes,Yes,No,Yes,No,Month-to-month,No,Electronic check,87.9,6203.66,Yes,0.4957,No
CUST-12999,Female,0,No,Yes,45,Yes,No,Fiber optic,No,No,Yes,No,No,Yes,Two year,Yes,Bank transfer (automatic),104.16,4534.52,No,0.3419,No
CUST-13696,Male,0,Yes,No,36,Yes,Yes,Fiber optic,No,Yes,No,Yes,No,Yes,Two year,Yes,Electronic check,94.82,3455.6,No,0.3814,No
CUST-11636,Male,0,No,No,56,Yes,No,Fiber optic,No,Yes,No,Yes,No,No,Month-to-month,Yes,Credit card (automatic),95.03,5249.08,Yes,0.4521,No
CUST-13457,Male,0,No,No,54,Yes,No,Fiber optic,No,No,Yes,No,No,No,Month-to-month,No,Bank transfer (automatic),79.19,4116.39,No,0.595,Yes
CUST-13581,Female,0,No,No,2,Yes,No,Fiber optic,Yes,No,No,Yes,No,No,Month-to-month,Yes,Mailed check,95.04,189.1,Yes,0.9011,Yes
CUST-11291,Female,0,No,No,20,Yes,No,No,No internet service,No internet service,No internet service,No internet service,No internet service,No internet service,Month-to-month,No,Credit card (automatic),34.14,658.94,Yes,0.5182,Yes
CUST-14659,Male,0,No,No,63,Yes,No,DSL,No,No,Yes,No,Yes,No,Month-to-month,Yes,Bank transfer (automatic),50.61,3107.78,No,0.3894,No
CUST-11853,Male,0,No,Yes,68,Yes,No,No,No internet service,No internet service,No internet service,No internet service,No internet service,No internet service,One year,No,Mailed check,31.52,2082.27,Yes,0.0354,No
CUST-13763,Female,0,Yes,Yes,62,Yes,Yes,DSL,Yes,Yes,Yes,No,No,No,Month-to-month,Yes,Electronic check,74.4,4511.21,No,0.2417,No
CUST-13304,Male,0,No,No,47,Yes,No,Fiber optic,Yes,No,No,No,Yes,No,One year,Yes,Bank transfer (automatic),95.11,4288.44,No,0.2704,No
CUST-14927,Female,0,No,Yes,69,Yes,No,DSL,No,Yes,Yes,No,No,No,Two year,Yes,Credit card (automatic),62.89,4296.14,No,0.0535,No
CUST-13743,Male,0,No,Yes,69,Yes,No,Fiber optic,No,No,No,No,No,No,One year,No,Electronic check,82.34,5276.61,No,0.1451,No
CUST-13445,Female,0,No,Yes,25,Yes,Yes,DSL,Yes,No,No,No,Yes,No,One year,No,Credit card (automatic),73.04,1842.21,No,0.1219,No
CUST-11998,Male,1,No,No,19,Yes,No,DSL,Yes,Yes,Yes,No,Yes,Yes,Month-to-month,No,Credit card (automatic),87.62,1734.97,Yes,0.7186,Yes
CUST-10663,Male,0,Yes,Yes,10,Yes,No,No,No internet service,No internet service,No internet service,No internet service,No internet service,No internet service,One year,No,Bank transfer (automatic),29.58,278.5,No,0.2021,No
CUST-14779,Male,0,No,Yes,10,Yes,Yes,No,No internet service,No internet service,No internet service,No internet service,No internet service,No internet service,Month-to-month,Yes,Credit card (automatic),28.08,288.83,Yes,0.7303,Yes
CUST-13748,Female,0,Yes,No,33,Yes,No,Fiber optic,No,No,No,No,Yes,No,Month-to-month,Yes,Electronic check,84.3,2804.74,Yes,0.8818,Yes
CUST-14413,Female,0,Yes,No,52,Yes,Yes,Fiber optic,No,No,Yes,No,Yes,Yes,Month-to-month,Yes,Mailed check,97.99,5271.48,No,0.6956,Yes
CUST-14744,Female,0,No,No,12,Yes,No,Fiber optic,Yes,No,No,Yes,Yes,No,Month-to-month,Yes,Electronic check,96.53,1091.58,Yes,0.8989,Yes
CUST-10709,Male,0,No,No,54,Yes,Yes,No,No internet service,No internet service,No internet service,No internet service,No internet service,No internet service,Month-to-month,Yes,Mailed check,27.73,1496.22,No,0.3845,No
CUST-11282,Male,1,No,No,67,No,No phone service,Fiber optic,Yes,No,No,Yes,No,No,Month-to-month,Yes,Mailed check,87.76,6096.58,No,0.3651,No
CUST-12675,Female,0,No,No,37,Yes,No,DSL,No,No,No,No,Yes,No,Two year,No,Mailed check,70.39,2412.53,No,0.1389,No
CUST-14029,Male,0,No,Yes,17,Yes,No,No,No internet service,No internet service,No internet service,No internet service,No internet service,No internet service,Month-to-month,No,Credit card (automatic),36.92,654.84,No,0.5064,Yes
CUST-11306,Male,0,Yes,Yes,47,Yes,No,DSL,Yes,Yes,Yes,No,No,No,Month-to-month,Yes,Credit card (automatic),69.56,3267.92,Yes,0.2962,No
CUST-12237,Male,0,Yes,No,38,Yes,No,DSL,No,Yes,No,No,Yes,No,Two year,No,Electronic check,42.71,1602.74,No,0.1777,No
CUST-13302,Female,0,No,No,10,Yes,Yes,DSL,No,No,Yes,No,Yes,Yes,Month-to-month,Yes,Bank transfer (automatic),74.89,699.83,Yes,0.8669,Yes
CUST-12038,Female,0,No,No,47,Yes,Yes,DSL,No,Yes,No,No,No,No,Month-to-month,Yes,Bank transfer (automatic),62.63,3078.95,No,0.47,No
CUST-11529,Female,1,Yes,No,32,Yes,No,Fiber optic,No,No,No,Yes,Yes,No,Month-to-month,No,Credit card (automatic),84.91,2792.55,Yes,0.7134,Yes
CUST-11663,Female,0,No,No,57,Yes,No,Fiber optic,No,No,Yes,No,No,No,Month-to-month,Yes,Mailed check,84.88,5022.88,No,0.7046,Yes
CUST-14949,Male,0,Yes,No,12,Yes,Yes,DSL,No,Yes,No,No,No,No,Two year,Yes,Bank transfer (automatic),56.47,630.66,No,0.3641,No
CUST-14968,Male,0,Yes,No,41,Yes,Yes,DSL,Yes,Yes,Yes,Yes,No,No,Month-to-month,No,Bank transfer (automatic),65.68,2607.05,No,0.1836,No
CUST-13627,Male,0,Yes,No,45,Yes,Yes,No,No internet service,No internet service,No internet service,No internet service,No internet service,No internet service,Month-to-month,No,Electronic check,46.58,2041.16,No,0.3771,No
CUST-12693,Male,0,Yes,No,63,Yes,Yes,No,No internet service,No internet service,No internet service,No internet service,No internet service,No internet service,One year,Yes,Credit card (automatic),32.53,1948.77,No,0.0564,No
CUST-13060,Male,1,Yes,Yes,27,Yes,No,DSL,No,No,No,No,No,No,Two year,Yes,Credit card (automatic),53.96,1372.22,No,0.2818,No
CUST-11597,Female,0,Yes,Yes,59,Yes,Yes,Fiber optic,No,Yes,No,Yes,No,Yes,One year,No,Electronic check,96.13,5428.22,No,0.0883,No
CUST-12729,Male,0,Yes,No,56,Yes,No,Fiber optic,No,No,Yes,Yes,No,No,Month-to-month,Yes,Electronic check,85.78,4876.91,Yes,0.6178,Yes
CUST-12625,Female,0,Yes,No,65,Yes,Yes,DSL,No,No,No,No,No,No,One year,Yes,Credit card (automatic),68.29,4424.4,No,0.0515,No
CUST-13157,Female,0,No,No,5,Yes,No,DSL,Yes,No,No,Yes,Yes,No,One year,No,Bank transfer (automatic),79.9,385.89,No,0.1977,No
CUST-13314,Male,0,Yes,Yes,39,Yes,Yes,No,No internet service,No internet service,No internet service,No internet service,No internet service,No internet service,Month-to-month,Yes,Mailed check,30.58,1251.04,No,0.4266,No
CUST-11722,Female,0,Yes,No,30,Yes,No,DSL,No,No,Yes,No,Yes,Yes,One year,Yes,Credit card (automatic),67.0,1893.07,No,0.2891,No
CUST-11059,Male,0,No,No,48,Yes,Yes,No,No internet service,No internet service,No internet service,No internet service,No internet service,No internet service,Month-to-month,Yes,Mailed check,38.28,1770.99,No,0.4576,No
CUST-14636,Female,0,No,No,32,Yes,Yes,Fiber optic,No,Yes,No,Yes,Yes,No,Two year,Yes,Bank transfer (automatic),90.82,2806.29,No,0.3548,No
CUST-13242,Female,0,Yes,No,46,Yes,No,Fiber optic,No,No,Yes,Yes,No,Yes,Two year,Yes,Mailed check,93.74,4523.11,No,0.2451,No
CUST-11678,Female,0,No,No,27,Yes,Yes,No,No internet service,No internet service,No internet service,No internet service,No internet service,No internet service,One year,Yes,Credit card (automatic),29.43,738.62,No,0.2499,No
CUST-11757,Female,0,No,No,67,Yes,No,No,No internet service,No internet service,No internet service,No internet service,No internet service,No internet service,Two year,No,Electronic check,45.4,3011.1,No,0.0473,No
CUST-14191,Male,0,No,No,62,Yes,No,No,No internet service,No internet service,No internet service,No internet service,No internet service,No internet service,Month-to-month,Yes,Credit card (automatic),37.0,2271.75,No,0.2651,No
CUST-10563,Male,1,No,No,65,No,No phone service,DSL,No,No,No,Yes,No,Yes,One year,Yes,Electronic check,70.54,4419.87,No,0.1036,No
CUST-12790,Female,0,Yes,No,27,Yes,Yes,DSL,No,No,Yes,Yes,Yes,No,Month-to-month,Yes,Bank transfer (automatic),65.61,1767.62,Yes,0.5425,Yes
CUST-10863,Female,0,Yes,No,29,Yes,Yes,DSL,Yes,No,No,No,Yes,Yes,Month-to-month,Yes,Bank transfer (automatic),82.68,2281.84,Yes,0.4542,No
CUST-11484,Male,0,No,No,15,Yes,Yes,Fiber optic,No,Yes,Yes,No,No,Yes,Two year,No,Mailed check,99.93,1401.63,Yes,0.6525,Yes
CUST-10206,Female,1,Yes,Yes,10,No,No phone service,Fiber optic,Yes,Yes,No,No,No,No,Two year,Yes,Mailed check,94.61,891.54,No,0.6475,Yes
CUST-14488,Female,0,No,No,40,No,No phone service,Fiber optic,No,No,Yes,No,No,No,Month-to-month,Yes,Bank transfer (automatic),84.25,3424.68,No,0.8173,Yes
CUST-10870,Male,1,Yes,Yes,58,Yes,Yes,Fiber optic,No,Yes,Yes,No,Yes,No,One year,No,Mailed check,95.84,5256.86,No,0.2464,No
CUST-14493,Male,0,Yes,No,46,Yes,Yes,Fiber optic,No,Yes,Yes,No,No,No,Month-to-month,Yes,Electronic check,68.73,3051.74,Yes,0.8585,Yes
CUST-10502,Female,0,Yes,No,69,Yes,Yes,Fiber optic,No,Yes,No,No,No,Yes,Month-to-month,No,Mailed check,94.97,6781.99,No,0.2968,No
CUST-11028,Female,0,No,No,57,Yes,Yes,DSL,No,Yes,No,No,Yes,Yes,Month-to-month,Yes,Electronic check,73.36,4110.73,No,0.4734,No
CUST-13840,Female,1,No,No,26,Yes,Yes,Fiber optic,Yes,Yes,No,Yes,Yes,Yes,Month-to-month,Yes,Mailed check,104.64,2746.66,Yes,0.839,Yes
CUST-12690,Female,0,No,Yes,28,Yes,Yes,Fiber optic,No,No,No,No,Yes,Yes,Two year,Yes,Bank transfer (automatic),98.93,2792.01,Yes,0.4944,No
CUST-11570,Male,0,Yes,No,10,Yes,No,No,No internet service,No internet service,No internet service,No internet service,No internet service,No internet service,Month-to-month,Yes,Mailed check,32.94,328.6,No,0.7474,Yes
CUST-12773,Female,1,Yes,No,42,Yes,No,Fiber optic,Yes,No,Yes,No,Yes,No,Two year,No,Credit card (automatic),99.64,4042.87,No,0.2734,No
CUST-12731,Female,1,No,No,9,Yes,Yes,Fiber optic,No,No,No,Yes,No,Yes,Two year,No,Bank transfer (automatic),90.0,753.15,No,0.629,Yes
CUST-10804,Female,0,No,No,27,Yes,Yes,Fiber optic,Yes,No,No,No,No,Yes,Month-to-month,Yes,Mailed check,86.64,2423.3,No,0.8326,Yes
CUST-13645,Female,0,No,Yes,42,Yes,Yes,Fiber optic,No,No,No,Yes,Yes,No,Month-to-month,No,Mailed check,114.18,4630.92,No,0.4861,No
CUST-12454,Female,0,No,No,72,Yes,No,No,No internet service,No internet service,No internet service,No internet service,No internet service,No internet service,Month-to-month,Yes,Bank transfer (automatic),18.19,1234.98,No,0.2233,No
CUST-14598,Female,0,No,No,72,Yes,No,DSL,No,Yes,Yes,No,No,Yes,Two year,No,Bank transfer (automatic),65.45,4653.37,No,0.0354,No
CUST-13104,Female,0,Yes,No,59,Yes,No,No,No internet service,No internet service,No internet service,No internet service,No internet service,No internet service,Two year,No,Mailed check,32.83,1940.66,No,0.0355,No
CUST-14875,Female,0,Yes,No,7,Yes,Yes,DSL,Yes,No,Yes,Yes,No,Yes,Two year,Yes,Electronic check,78.14,548.98,No,0.361,No
CUST-10200,Male,0,Yes,No,72,Yes,No,No,No internet service,No internet service,No internet service,No internet service,No internet service,No internet service,Month-to-month,No,Mailed check,42.5,2988.74,No,0.109,No
CUST-13099,Male,0,No,No,41,Yes,No,No,No internet service,No internet service,No internet service,No internet service,No internet service,No internet service,Month-to-month,No,Bank transfer (automatic),43.8,1779.83,No,0.3459,No
CUST-12278,Male,0,No,No,55,Yes,Yes,Fiber optic,No,Yes,Yes,No,Yes,No,Two year,Yes,Bank transfer (automatic),97.27,5616.53,No,0.2937,No
CUST-13561,Male,0,No,Yes,33,Yes,Yes,DSL,No,No,No,No,Yes,No,Month-to-month,Yes,Electronic check,57.73,1821.96,No,0.716,Yes
CUST-14474,Female,0,Yes,No,57,Yes,Yes,DSL,No,Yes,No,No,No,No,Month-to-month,No,Bank transfer (automatic),75.14,4442.37,No,0.1668,No
CUST-14514,Female,0,Yes,No,18,Yes,No,DSL,No,No,No,No,No,Yes,Month-to-month,No,Bank transfer (automatic),61.11,1022.97,No,0.5428,Yes
CUST-10391,Male,1,No,No,67,Yes,No,Fiber optic,No,Yes,No,No,No,Yes,Month-to-month,No,Electronic check,90.31,6234.15,Yes,0.6461,Yes
CUST-11495,Male,0,No,Yes,40,Yes,No,Fiber optic,Yes,No,No,No,No,Yes,Two year,Yes,Credit card (automatic),77.32,2919.6,No,0.254,No
CUST-12695,Male,1,No,No,65,Yes,Yes,No,No internet service,No internet service,No internet service,No internet service,No internet service,No internet service,Month-to-month,No,Mailed check,46.51,2839.6,No,0.2719,No
CUST-12027,Female,0,Yes,No,16,Yes,No,Fiber optic,No,No,No,No,Yes,Yes,Two year,Yes,Credit card (automatic),98.11,1593.9,No,0.6032,Yes
CUST-12568,Male,0,Yes,Yes,61,No,No phone service,DSL,Yes,Yes,Yes,Yes,No,Yes,Month-to-month,No,Mailed check,81.09,4846.33,No,0.0574,No
CUST-10064,Male,0,Yes,No,14,Yes,Yes,Fiber optic,No,No,No,No,Yes,No,Two year,Yes,Credit card (automatic),87.39,1135.26,No,0.6205,Yes
CUST-13884,Male,0,Yes,No,63,Yes,Yes,DSL,No,No,No,No,No,No,Month-to-month,Yes,Electronic check,51.08,3097.32,No,0.3724,No
CUST-12062,Male,0,Yes,No,8,Yes,Yes,No,No internet service,No internet service,No internet service,No internet service,No internet service,No internet service,Month-to-month,Yes,Bank transfer (automatic),39.4,311.97,Yes,0.7329,Yes
CUST-10492,Female,0,Yes,No,37,Yes,No,DSL,No,No,No,Yes,No,Yes,Month-to-month,Yes,Bank transfer (automatic),60.41,2076.43,No,0.35,No
CUST-10379,Male,0,No,No,20,Yes,Yes,Fiber optic,No,Yes,No,No,Yes,Yes,One year,No,Bank transfer (automatic),97.84,1862.6,No,0.5553,Yes
CUST-14859,Female,0,No,No,70,Yes,No,Fiber optic,No,Yes,No,Yes,Yes,No,Month-to-month,No,Electronic check,105.68,7472.52,No,0.2952,No
CUST-13993,Male,0,Yes,No,4,Yes,No,DSL,No,Yes,Yes,Yes,No,No,One year,No,Credit card (automatic),62.41,249.53,No,0.3026,No
CUST-14887,Female,0,No,No,24,Yes,No,Fiber optic,No,No,No,No,No,Yes,One year,No,Electronic check,93.4,2292.48,No,0.6308,Yes
CUST-11076,Female,0,Yes,No,27,Yes,No,Fiber optic,Yes,Yes,No,No,No,Yes,One year,No,Credit card (automatic),104.36,2857.04,No,0.2755,No
CUST-10878,Female,0,Yes,No,44,Yes,No,DSL,Yes,Yes,No,Yes,Yes,No,One year,Yes,Bank transfer (automatic),73.67,3137.61,No,0.05,No
CUST-10337,Male,0,No,Yes,37,Yes,Yes,Fiber optic,No,No,No,No,No,No,One year,Yes,Mailed check,82.71,3089.34,No,0.4857,No
CUST-11016,Male,0,No,No,18,Yes,Yes,No,No internet service,No internet service,No internet service,No internet service,No internet service,No internet service,Month-to-month,Yes,Bank transfer (automatic),34.75,656.02,No,0.6836,Yes
CUST-11275,Female,0,Yes,No,72,Yes,Yes,DSL,Yes,No,Yes,Yes,Yes,No,Month-to-month,No,Bank transfer (automatic),82.56,6100.45,No,0.0429,No
CUST-13798,Male,0,No,Yes,22,Yes,Yes,DSL,Yes,No,Yes,No,Yes,No,Month-to-month,No,Electronic check,78.87,1694.76,Yes,0.6317,Yes
CUST-14551,Male,0,Yes,Yes,11,Yes,Yes,DSL,Yes,No,Yes,No,Yes,No,Month-to-month,Yes,Mailed check,64.27,696.22,Yes,0.7361,Yes
CUST-13342,Male,0,Yes,No,15,Yes,No,Fiber optic,No,Yes,Yes,No,No,No,One year,Yes,Mailed check,82.19,1141.6,No,0.7443,Yes
CUST-14911,Female,0,No,No,69,Yes,No,DSL,Yes,No,No,No,Yes,No,One year,No,Credit card (automatic),50.91,3390.05,No,0.026,No
CUST-10995,Female,0,No,No,43,Yes,No,DSL,Yes,No,Yes,No,No,No,Two year,No,Credit card (automatic),68.99,2809.3,No,0.0748,No
CUST-11981,Female,0,Yes,No,21,Yes,No,No,No internet service,No internet service,No internet service,No internet service,No internet service,No internet service,Month-to-month,Yes,Electronic check,32.96,674.84,Yes,0.7068,Yes
CUST-14297,Female,0,Yes,No,31,Yes,No,DSL,No,Yes,No,No,No,No,Two year,Yes,Credit card (automatic),72.42,2077.82,No,0.1735,No
CUST-10161,Female,0,No,No,14,Yes,Yes,DSL,Yes,No,No,Yes,No,Yes,Month-to-month,Yes,Electronic check,70.41,1004.88,Yes,0.6625,Yes
CUST-14798,Male,1,Yes,Yes,44,Yes,No,Fiber optic,No,No,No,Yes,No,No,One year,No,Mailed check,82.61,3519.67,No,0.2239,No
CUST-11500,Female,0,No,No,50,Yes,No,Fiber optic,No,No,Yes,Yes,Yes,Yes,Two year,Yes,Mailed check,96.65,4611.41,No,0.2403,No
CUST-13843,Male,0,Yes,Yes,59,Yes,No,DSL,No,No,Yes,No,Yes,Yes,Two year,Yes,Bank transfer (automatic),66.27,3965.31,No,0.067,No
CUST-12613,Female,1,No,No,59,Yes,No,Fiber optic,No,No,No,No,Yes,Yes,Month-to-month,Yes,Mailed check,89.88,4939.78,No,0.7489,Yes
CUST-13461,Female,0,Yes,No,52,No,No phone service,DSL,Yes,No,No,No,Yes,No,Month-to-month,No,Electronic check,64.16,3236.08,No,0.2062,No
CUST-11021,Male,1,Yes,No,55,No,No phone service,DSL,Yes,No,Yes,No,Yes,Yes,Month-to-month,No,Credit card (automatic),92.9,5062.63,No,0.2119,No
CUST-13073,Female,1,Yes,No,18,Yes,No,Fiber optic,Yes,No,Yes,Yes,No,No,Month-to-month,Yes,Electronic check,100.82,1748.95,Yes,0.9073,Yes
CUST-13943,Female,0,Yes,No,56,Yes,No,DSL,No,No,No,No,Yes,Yes,Month-to-month,Yes,Mailed check,63.67,3433.86,No,0.3257,No
CUST-11585,Male,1,Yes,No,66,Yes,Yes,No,No internet service,No internet service,No internet service,No internet service,No internet service,No internet service,One year,No,Electronic check,40.45,2550.79,No,0.0865,No
CUST-11955,Male,0,Yes,Yes,41,Yes,No,DSL,Yes,No,Yes,No,No,No,Month-to-month,Yes,Mailed check,56.49,2182.51,No,0.4017,No
CUST-13152,Male,0,No,No,44,Yes,Yes,Fiber optic,No,No,No,No,No,No,Two year,Yes,Credit card (automatic),75.82,3438.82,Yes,0.3806,No
CUST-10034,Female,1,Yes,No,36,Yes,Yes,Fiber optic,Yes,No,Yes,No,Yes,Yes,Two year,Yes,Bank transfer (automatic),99.89,3679.19,No,0.4771,No
CUST-14014,Male,0,Yes,Yes,16,Yes,No,DSL,No,No,No,No,No,Yes,Two year,No,Credit card (automatic),75.61,1166.23,No,0.1593,No
CUST-10775,Female,0,Yes,No,51,Yes,No,Fiber optic,No,No,Yes,No,No,No,Two year,Yes,Bank transfer (automatic),80.39,3964.79,No,0.2649,No
CUST-12556,Female,0,Yes,No,21,Yes,No,No,No internet service,No internet service,No internet service,No internet service,No internet service,No internet service,Month-to-month,No,Credit card (automatic),43.77,867.66,Yes,0.4313,No
CUST-11478,Male,0,No,No,64,No,No phone service,DSL,No,Yes,No,No,Yes,Yes,Month-to-month,No,Bank transfer (automatic),72.35,4598.6,No,0.1649,No
CUST-11363,Male,0,No,No,22,Yes,Yes,No,No internet service,No internet service,No internet service,No internet service,No internet service,No internet service,Month-to-month,Yes,Mailed check,27.8,572.86,Yes,0.6833,Yes
CUST-12612,Male,0,Yes,No,66,Yes,No,DSL,Yes,No,Yes,No,Yes,No,Month-to-month,No,Bank transfer (automatic),68.42,4408.1,No,0.1125,No
CUST-12824,Female,0,Yes,No,47,Yes,No,DSL,Yes,No,No,Yes,No,Yes,One year,No,Electronic check,59.13,2712.48,No,0.0475,No
CUST-12041,Female,0,No,No,29,Yes,No,DSL,No,Yes,No,No,No,No,One year,No,Electronic check,57.61,1563.75,No,0.2959,No
CUST-10241,Female,1,Yes,Yes,5,Yes,Yes,Fiber optic,No,Yes,Yes,Yes,No,No,One year,Yes,Electronic check,98.34,472.44,Yes,0.8647,Yes
CUST-12061,Female,0,Yes,No,70,Yes,No,Fiber optic,No,Yes,Yes,No,No,No,One year,No,Credit card (automatic),91.33,6551.87,No,0.0917,No
CUST-12363,Male,0,No,Yes,48,Yes,Yes,Fiber optic,Yes,Yes,No,Yes,No,No,Month-to-month,No,Electronic check,97.46,4661.18,No,0.414,No
CUST-10600,Female,1,Yes,Yes,26,Yes,Yes,Fiber optic,Yes,No,No,No,Yes,No,Month-to-month,Yes,Bank transfer (automatic),73.33,1951.25,No,0.8364,Yes
CUST-12435,Female,0,Yes,Yes,11,Yes,No,Fiber optic,No,Yes,Yes,No,No,Yes,Month-to-month,No,Bank transfer (automatic),88.5,964.54,Yes,0.8844,Yes
CUST-12888,Male,0,Yes,No,16,Yes,Yes,Fiber optic,Yes,Yes,No,No,Yes,No,One year,No,Electronic check,116.16,1794.93,Yes,0.5403,Yes
CUST-10646,Male,0,Yes,No,33,Yes,Yes,Fiber optic,No,No,Yes,No,No,Yes,Two year,Yes,Electronic check,93.61,3127.8,Yes,0.6373,Yes
CUST-13890,Female,0,Yes,No,31,Yes,No,Fiber optic,Yes,Yes,No,Yes,No,No,Two year,No,Credit card (automatic),86.83,2743.36,No,0.1257,No
CUST-13556,Female,0,Yes,No,16,Yes,No,DSL,No,No,Yes,Yes,No,No,Two year,Yes,Mailed check,71.19,1132.78,Yes,0.2541,No
CUST-13202,Female,0,Yes,No,0,Yes,Yes,DSL,No,No,Yes,No,No,Yes,Month-to-month,Yes,Credit card (automatic),64.44,0.0,Yes,0.8779,Yes
CUST-11528,Male,0,Yes,No,19,Yes,No,Fiber optic,No,No,No,Yes,No,No,Month-to-month,No,Bank transfer (automatic),83.31,1563.71,No,0.6966,Yes
CUST-11267,Male,0,No,No,26,Yes,No,DSL,No,No,Yes,No,No,No,One year,Yes,Credit card (automatic),58.45,1540.23,No,0.3927,No
CUST-11899,Male,0,No,No,25,Yes,Yes,DSL,No,Yes,Yes,No,Yes,Yes,Two year,Yes,Bank transfer (automatic),72.65,1716.73,No,0.3668,No
CUST-14658,Male,0,Yes,No,54,Yes,No,No,No internet service,No internet service,No internet service,No internet service,No internet service,No internet service,One year,Yes,Electronic check,23.03,1243.1,No,0.1374,No
CUST-13005,Male,0,No,No,68,No,No phone service,DSL,Yes,No,Yes,Yes,No,No,One year,No,Electronic check,71.29,4782.15,No,0.0256,No
CUST-12734,Male,0,No,Yes,46,No,No phone service,No,No internet service,No internet service,No internet service,No internet service,No internet service,No internet service,Month-to-month,No,Bank transfer (automatic),43.11,1919.51,No,0.233,No
CUST-10189,Male,0,Yes,No,66,Yes,No,Fiber optic,No,No,No,Yes,No,No,Month-to-month,No,Credit card (automatic),91.27,5804.99,No,0.1883,No
CUST-11806,Male,0,No,Yes,69,Yes,Yes,Fiber optic,Yes,Yes,No,Yes,No,No,One year,No,Credit card (automatic),106.53,7126.66,No,0.0243,No
CUST-10975,Male,0,Yes,No,20,Yes,Yes,Fiber optic,Yes,Yes,No,No,Yes,No,Month-to-month,Yes,Electronic check,95.2,1865.97,Yes,0.8873,Yes
CUST-12747,Female,0,Yes,Yes,39,Yes,No,Fiber optic,No,No,No,No,Yes,No,One year,No,Credit card (automatic),89.07,3235.01,No,0.2335,No
CUST-12047,Female,0,No,Yes,9,Yes,Yes,Fiber optic,No,Yes,No,No,No,No,Two year,Yes,Mailed check,85.57,783.32,No,0.7475,Yes
CUST-12558,Male,0,No,No,48,Yes,No,DSL,No,No,No,No,Yes,Yes,Two year,No,Bank transfer (automatic),55.17,2722.32,No,0.0933,No
CUST-11082,Female,0,No,No,51,Yes,No,DSL,No,Yes,No,No,No,Yes,Month-to-month,Yes,Credit card (automatic),54.9,2688.45,Yes,0.4006,No
CUST-10474,Female,0,No,Yes,41,Yes,Yes,Fiber optic,Yes,Yes,No,Yes,Yes,No,Month-to-month,No,Electronic check,101.65,4237.45,No,0.499,No
CUST-12904,Female,0,Yes,No,26,Yes,Yes,Fiber optic,No,Yes,Yes,No,No,No,Two year,No,Electronic check,92.5,2396.43,No,0.5738,Yes
CUST-14843,Male,0,No,No,63,Yes,Yes,No,No internet service,No internet service,No internet service,No internet service,No internet service,No internet service,One year,Yes,Bank transfer (automatic),37.95,2307.53,No,0.0713,No
CUST-14117,Male,1,Yes,No,58,Yes,No,Fiber optic,Yes,Yes,No,Yes,No,No,Month-to-month,Yes,Mailed check,105.63,5959.81,No,0.3968,No
CUST-13385,Male,0,Yes,No,29,Yes,No,Fiber optic,Yes,No,No,No,No,No,Month-to-month,No,Mailed check,85.32,2385.13,Yes,0.6616,Yes
CUST-14555,Male,0,No,Yes,21,Yes,Yes,DSL,Yes,Yes,No,No,No,No,Two year,Yes,Bank transfer (automatic),79.71,1727.11,No,0.1779,No
CUST-11184,Male,0,Yes,No,35,Yes,No,Fiber optic,Yes,No,No,No,No,No,Two year,Yes,Credit card (automatic),89.93,3085.35,No,0.2732,No
CUST-12433,Male,0,Yes,Yes,36,Yes,Yes,No,No internet service,No internet service,No internet service,No internet service,No internet service,No internet service,Month-to-month,No,Credit card (automatic),27.1,956.05,No,0.292,No
CUST-12391,Male,0,No,No,58,Yes,Yes,No,No internet service,No internet service,No internet service,No internet service,No internet service,No internet service,One year,No,Mailed check,33.04,1910.29,No,0.0623,No
CUST-10769,Male,0,Yes,No,27,Yes,No,No,No internet service,No internet service,No internet service,No internet service,No internet service,No internet service,Two year,Yes,Credit card (automatic),40.74,1115.86,No,0.1717,No
CUST-11685,Female,0,No,Yes,13,No,No phone service,DSL,No,No,No,No,Yes,No,Month-to-month,Yes,Bank transfer (automatic),66.29,816.39,No,0.7091,Yes
CUST-10130,Female,0,No,No,33,Yes,Yes,DSL,No,No,Yes,No,Yes,Yes,Month-to-month,Yes,Mailed check,63.89,1977.18,No,0.7266,Yes
CUST-12919,Male,0,No,Yes,25,Yes,No,DSL,No,Yes,No,Yes,No,Yes,Month-to-month,Yes,Bank transfer (automatic),62.03,1598.15,No,0.5074,Yes
CUST-13171,Female,1,No,Yes,25,Yes,No,DSL,No,No,No,Yes,Yes,Yes,Month-to-month,Yes,Mailed check,74.13,1765.71,No,0.6731,Yes
CUST-13444,Female,0,No,Yes,65,Yes,Yes,Fiber optic,No,Yes,No,Yes,Yes,Yes,Month-to-month,No,Electronic check,101.25,6680.4,No,0.3145,No
CUST-14426,Male,0,Yes,No,19,Yes,No,Fiber optic,Yes,No,No,No,No,No,Two year,Yes,Mailed check,90.93,1685.92,No,0.467,No
CUST-10466,Male,0,No,No,32,Yes,No,DSL,No,No,Yes,No,No,No,One year,No,Credit card (automatic),54.55,1610.07,No,0.2257,No
CUST-13092,Female,0,No,No,31,Yes,Yes,Fiber optic,No,No,No,Yes,Yes,No,Month-to-month,Yes,Bank transfer (automatic),102.07,3202.15,Yes,0.7605,Yes
CUST-13772,Female,0,No,Yes,53,Yes,Yes,No,No internet service,No internet service,No internet service,No internet service,No internet service,No internet service,Two year,No,Credit card (automatic),38.41,2024.74,No,0.0386,No
CUST-10860,Female,0,Yes,Yes,14,Yes,No,DSL,Yes,No,No,No,No,Yes,Month-to-month,No,Mailed check,56.13,745.11,Yes,0.4429,No
